0,1,2,3,4,5,6,7,8,9,10,11,12,13,14,15,16,17,18,19,20,21,22,23,24,25,26,27,28,29,30,31,32,33,34,35,36,37,38,39,40,41,42,43,44,45,46,47,48,49,topic
-0.7510296034113052,-0.16309383857185028,0.9665398092365121,1.568159398136567,1.111355313029831,0.5057373418959664,0.982176172838533,-1.181935869887245,-0.7137702745857607,0.5243985057008649,-0.11816086704843243,0.3375063794863457,0.979465191023909,0.8240282844308259,-1.0909635100661974,0.01184430609854126,-0.9208225818613858,-0.7773180386400836,-1.7108690050866195,0.13360044235454838,-1.784774569132032,0.3941332388521774,1.3584476109827712,0.5303361189805131,0.051888357835759985,1.534448125403096,0.3274456973695609,-0.8627433192868692,0.1251064517311541,1.9596915005941495,-1.0926388346423177,-1.3801238797347277,0.6149086473415392,-0.22405316796308686,-0.5320018754998522,-1.2591794202018396,-1.9501122379867444,-1.4564300388314206,1.61492552532736,-0.008874243144477798,-1.9623644820534374,1.1840859383187636,1.2348339670139743,1.229233955682836,-0.42253130948399986,-0.26881061174257165,0.1376278637080844,1.4010465079946839,-0.554901019088634,-0.7544132445807141,Sports
0.6956768683571586,1.2092547338496613,-0.0527906942165574,0.6704399078019393,0.11244676407403323,-0.2512446061045212,-0.8292781984858514,-1.1538599014469488,-0.6147660617705136,-0.9760591858685231,0.28348253305942994,1.2175457674167869,0.2040093513708996,-0.9207033396866707,0.8553770810259596,0.2968814960997085,0.4948260207117803,-0.5193677110823623,1.1333765723184925,1.128265698178955,-0.18406714465843874,0.718451846602924,1.101489152071668,-0.46537222608852075,-0.0812386476348047,0.07979135720240657,-1.0978201582457976,0.44166251155440733,1.022522815599407,-0.14388601621784777,0.3398500543522677,1.3985807959181764,-0.405151874802948,0.36026499762700365,-0.5698122016696738,-0.5971062990694141,0.3418932614727872,0.24136956731328738,0.555069839527698,0.07615874962444937,0.46514281729915463,1.6655189720713688,1.0599104053055772,0.3383816987444884,0.5049069983366706,-0.29890201350420254,-0.15918909113792906,0.49246093067146557,0.08765022471585904,0.793018676231519,Sports
1.2670730034460251,-0.10176596099376436,-2.009216539117004,2.0341889257906116,-0.6524944330712519,0.1951617030986796,0.7274922867269737,1.4089735388430829,1.8060342085701266,-0.36387313776746005,1.1896897669429274,0.19797991337486456,2.7432036702123757,1.1004447242600397,-0.1774740884123157,-0.7930728171948959,-2.6265897245139516,0.6746759298801382,1.008448757990754,0.745460444399958,-2.35341444736921,-1.258010989689466,0.480823477896787,1.7855237354807911,-0.05555380272270304,1.091518256591683,-1.034406823438497,0.20712803265232385,-0.27466013095650416,1.1875894738309067,-0.539836330936383,1.6770126838649397,-0.3077124836199878,-1.0698629961521668,-1.0363073177379178,-0.6224271323478585,0.37056732792271646,-0.6099799750411228,-0.8204773756509719,0.8898080515344061,-3.2112186104384657,-0.4298816364356501,-1.334238147735143,-0.8685544383438216,0.24374992358908618,-0.2052326450350451,-0.2955659644704337,1.189508878964265,-0.013618159746420274,1.806056873606912,Sports
0.712191778000765,-0.9667097215323089,1.9340919702848542,0.27810534449101165,1.8717478592398793,-0.26609554303275906,0.2722317474079267,0.43211416532507396,-0.1681137742177196,1.271919995586886,1.932582008504309,-2.2934262786165016,0.8148183749915112,-0.8945038098511853,-2.592808453869774,0.5170182564641927,0.5192734974998787,0.6801271750618841,0.37102787790352465,0.8750252232836752,-0.6030488013442444,0.2633343891549184,0.6981662684285692,1.3529561225593763,0.04384547275213377,-0.21379556529750984,-0.05523889451766535,-1.1935931054460889,0.769624285721292,-1.4573169067983724,0.39096410303736256,0.08457422225945421,-1.5509725654172264,-1.493946101731796,-0.8536914729797622,-0.34394197749526956,1.4804792816514143,-0.11073516632879911,0.5464869356719159,1.2666053772781058,1.0731672911525973,-0.0070597128706472384,-0.7055252755467194,0.4988545596943527,-0.68557181853682,1.8148046525224815,0.8677984994352393,0.20869630408367235,0.5126717660618848,0.1782864895135976,Sports
-0.3683296299136234,0.498609928239584,-0.2428919003171873,1.9366884324375568,-0.6927034002684951,0.5087974252632415,-0.7827264930341773,-0.7931641335333789,-1.7860898641824954,0.4114751047730993,-0.5324659110452589,1.083389518816319,0.41329539261685405,0.14822465802930038,-1.4104987739842465,0.5849053048679346,-0.6621461519194501,-1.432838696151378,0.43051347952881786,-1.2582926205241107,-2.0911247003690248,1.2971344548031731,-0.5607320028559994,-1.7444880584627906,-0.9625918106764075,-0.7210515970716772,1.1442272902939772,-1.6629677600826385,-1.3389062817493245,0.9804029948857341,-0.44973279557851237,0.22795273801134772,-0.49092533006785505,2.0205701568219876,-1.2896951559203962,0.2821156672782423,1.5029565872574153,-0.37498601027326617,-0.7537740554091886,0.7671030308171415,1.0040648102763774,-0.7999036849913026,1.462196593905437,0.051221092147888336,0.5087612961282669,1.4882811905395124,0.768780225788399,-0.00024917541817413185,-0.6715921065175944,2.708505650682349,Sports
-0.7890161780532787,0.31812909398027156,0.5099893873676294,0.5573094686182766,2.1280169319065014,0.04757039508893205,-0.0950659358636343,1.5522780576075415,-0.13588414606669152,0.8760243380191018,0.19438983859663922,0.9209749161571599,0.7254482770867019,-0.4031120994017806,-1.8440126216583699,-1.6739087145441782,-1.8403785910958146,-0.09119664726125092,-2.352625570054302,-0.15999032037438216,0.13376734707099258,0.8562264445972516,0.5043796726601891,0.9018850682078121,0.4139051242353922,-0.3235415400584148,-0.10598294391407653,-0.8516439622642528,0.22808652833895818,-1.5841955503765368,1.0660354540063073,-0.9565938866318474,0.15384532167798443,0.32147833530758796,1.1627229196543776,-1.6811633581033236,-0.3254592029026878,0.5498478356799932,1.7511835130121287,-0.03882772723444496,-0.594345708009482,2.026988756200049,0.8025606718547863,1.3736332718451807,-1.2095407276996253,0.521129104119611,-1.0833252609130402,-1.3050440031429171,0.5818800633396266,0.6518473989183489,Sports
-0.48201191812596833,1.4320372285575054,-0.36901978233940563,-0.26998101390414114,-0.03603877499436187,-0.2429427766523051,1.2772621273506148,-1.0417033354840541,-0.7543431907634679,-1.1914075468771306,1.8835170729953161,-0.32451932033938935,-0.7685165669797679,-0.2873076878663312,0.849056101242407,0.6637654719829187,-0.5751789549976456,-0.3995861733910266,-1.4554704510921812,0.13872332115893443,1.2823174359550897,-0.5817771620085033,0.6358130304064926,-0.5821129944813005,-1.0956490489243764,0.6802798027944731,2.3476493875881523,0.5434236092876236,-0.4138561868599434,-0.3493659598831202,1.90918538943165,0.30698001983615286,-0.7659160206199607,-0.06222506337308195,0.2151404628615487,0.4692137015993424,1.512038814094032,1.2758984940957117,0.19823877648001684,-0.041495212425883755,0.3959857427687619,-0.6082334923083494,0.9800093436445144,-0.20347179859728745,0.490901309117073,1.7132535703560028,0.5528064705268864,0.2307031660256825,-0.5173874571548498,-0.07807405751548097,Sports
-1.1360505978996762,0.5332001467565549,-2.1343614284816708,0.9684065655206932,0.7316835593162645,0.0981819255132007,-0.5330168942138286,-0.016259922350276696,-1.7740300267403895,0.8238006032644509,-0.16382453926042576,1.515231174965024,0.39199028512454465,0.23143377032956827,0.4009481381080697,-0.9755105863005183,-0.4509938670467188,0.13294893361066681,-0.30256426671990966,-0.5765124719563917,-0.2823963202979205,0.04412991539286865,2.318742267071903,-0.32539135500987365,-0.6774294787533789,-0.15272899192361852,1.5015948984991134,1.5730917201401613,1.9490980756880327,0.060975503226572435,0.6415922695974778,-1.0500244746968712,-0.35344077308923394,-1.1150847773304218,0.47325875712029225,0.038412762868914714,0.22618965994562834,-0.8462108184543038,0.8506873246896567,-2.4070285957820063,-0.2520281821677836,-0.10664458921195621,-2.0216025034582716,0.3841283983675076,-0.17326412410434758,0.5611168958119932,1.9998285955346222,0.3246238742502759,0.972661304489664,1.3809530899180293,Sports
0.4920270962781857,-0.8658755823112031,-1.6401673312416813,0.3743780995040737,-0.4002578225026004,1.2836010675873242,-0.4751231609787817,-0.014307061101270772,-1.1590106966764993,-0.3438326716418344,-0.9428350001009562,-0.8515270464257608,-0.05281424781697,-0.6069179674999988,2.6292382021284117,0.83589415114035,1.0846399127791726,-0.11089299723893983,0.10575217868244959,-0.4295929456565029,2.6243809004653476,-0.10886381860080305,-0.6037509992348534,-0.754004220648647,0.335350026947146,1.421022042741208,1.0869595052321475,-0.7563253875660374,-0.7809433479471526,1.2462685089482008,2.1013813736010425,-0.1450025076577551,1.2066234083649494,-1.4660881056293478,-0.8435245009728114,-1.0095982425915804,0.41221379514787054,-0.17897602203862556,0.23809264467799757,1.2191159888502974,-0.6531661838118012,0.09399310661286796,-1.3379322190745737,1.1637857157418594,1.0964137136632008,0.361888147432794,0.11993610217871076,-0.509147934563185,-1.395549194700143,0.3055419412611747,Sports
0.7562008106610872,2.0193716110532445,-0.3935495157473804,0.2701816182104555,1.1144042164012784,1.144532878860818,-0.6224709567788811,-0.279159393258717,-0.5251506527596319,-0.9018445685352869,1.4716694130232464,0.06271380898291594,-0.07424546273191043,0.24770816249270644,0.05376196517548161,-0.22097737390967315,-0.7615573364668129,1.565280458096932,-0.5702722628945416,-0.9305120665074942,-0.08055565092003034,2.157515217436302,-0.8215733043450757,0.709615218728623,-0.24633160491688535,0.24480724812697194,0.9221808849615791,-1.7196888081929917,-0.8963411087919169,0.9080127949270519,0.09745108408134207,0.2118746404544298,0.7113836170455102,-0.8896014909026162,1.0550725378273207,0.8197837246405497,0.23831720725837066,0.46813173286748644,1.1649737776570268,-0.5938390587341567,0.6613570184612205,1.7443572357147674,0.6406262494886588,-0.22239322765867986,2.3182056903723653,0.23081450241049373,1.398591599679747,-0.4215314136807319,1.0678024979057037,-0.5464250475410775,Sports
0.3233842382545518,-0.6067401091062843,1.9011559761970447,-0.22113133218871947,-1.1079321269556315,0.0951185219022376,0.5370947919412994,-0.026600977372341333,-0.8133202285268744,1.0373168072899788,1.2591800292817978,-1.6479573488464625,-0.8770269538606338,-0.1594276466325318,-0.5309256971590914,0.5259545831479395,1.8394772071211731,-0.38091350950617914,1.5767222011039963,-1.4683328563073126,0.45581481251824585,-0.5947114867543952,0.4773899306542641,-1.7568098454570265,-1.2853904794030626,0.47531251451012557,-0.6300009056631399,-0.3231176059461702,1.836285174827357,0.13757146916885518,0.9015165142816337,-0.7592721496044921,-1.3412036929023254,-0.08073532104187643,-1.4904694033346533,-0.6985896032416745,0.23775421849806472,-0.11126089706175073,0.3345193854951219,0.6003183960020816,-1.1957247158061057,-0.9419342714304335,-2.178584195362189,-0.37052330764288,0.7367559576172307,1.4912768636064866,0.19048186908317052,1.3732288635426904,0.3838270237759844,0.10744942050101824,Sports
-0.6112908765851811,-2.3851600430158673,1.2231894872195956,-0.05322497504159917,1.388296524800516,-0.9496331188556748,2.428820210072347,-0.24878725466627993,-0.6921889937428377,-0.21452204637898578,0.1704564224822549,-0.06990200607602572,-0.515330409126304,-1.8034425561326157,-0.80432757912384,1.0744356694758708,-0.8797227004728718,-1.7169486370974874,-1.0554997477683041,-0.08864628783913607,-0.7592211672317465,-0.2798370787091966,-0.7984532046458039,1.0097438963954772,0.49084951079858347,2.2179595665285503,-0.3817212966031513,-0.28487917523926515,1.1835020235419498,0.3910083851962531,-0.9415066802024327,0.5564213188236213,0.39652889731301955,-1.7937958881257403,-0.6513106999128772,0.19032019005961767,1.4462797072440468,0.6979984442936197,-0.5640446141319949,-0.7082019045090993,0.7977332439097289,-2.4263263961659067,-0.8075813235330759,1.40930800237513,0.296817479233046,-0.7586611522279293,-1.2020834255003308,0.8397346679891476,0.07781134659300742,-0.21871045972518305,Sports
0.37398055732219204,0.16459804964689725,0.08790580737878718,-1.3241870189228844,-1.0264251533272524,0.7482804360944154,0.5591514336782372,0.38211992577864945,-0.5865126628445863,0.7651899287646474,-0.3707448115871774,1.3015334610822733,-0.7468229894047271,-0.5252876363534668,-0.15144879881220152,0.8473004805742326,-0.03507807072000761,0.03768234868289792,-0.39159121704709077,0.2680919866411021,-0.07073049409405481,-0.784302383914719,0.12729148254837966,0.15080876862502166,2.349800648793925,-0.6110260790203119,-0.8393757425688726,0.2790342605936326,-0.9928364171711314,-1.0730501478738235,-1.4368986898758145,-0.7745735651924353,-0.7498877459418788,-1.283262173674004,-0.25028373634563345,-2.365981147732006,0.4917657813116944,-0.5567939785173809,-0.4097836774922467,0.5868750103603017,0.3717439093839975,-0.6299060427037885,0.4517907556581576,1.5488946082720827,-1.0121835811265585,0.7537747113564292,-1.113105737694444,1.1754260623468091,-0.711927057114194,-0.7501222004544058,Sports
1.1492101411939692,0.7215749457557646,-0.6790925674132892,0.12736873877327487,-0.7099519004865639,-1.5927377584740732,0.18928511812748675,-0.35642216780681196,-0.9458335562548363,1.3047150796123637,-0.9120201788346913,0.14397862488053753,1.0799115704789886,-0.25605534853692824,-0.734175450780734,0.2977483044697949,0.4556997235823749,0.8765606966913096,1.8712094514935098,-0.45729101495744107,0.19585400551782683,-1.2692403163132961,0.6663769995473305,0.18371664269576576,-0.178689398791998,-0.6180605125869435,-0.34842708534788586,0.23633300981270786,-0.9661703877896614,-0.3071195781752972,0.016678043465267564,-1.5396201262123372,-1.0512973451732637,-0.6600045360194176,1.5682317327373134,-0.8307251427251032,-0.05579162004408536,-1.0405637468604865,-0.7764031921475563,-1.441008371547695,0.6703023546736777,-1.3255462574350425,0.9070110131446675,0.4678971960549774,-0.07540184706659356,0.9400258953931735,3.103201276114097,0.4775256411263925,-1.1200606219974578,1.4890176597125866,Sports
0.18611145652563416,2.111123401140718,-0.5060502219433933,1.2819440226905556,-0.00015677064726898063,2.6567283494641583,-0.28160075549523694,3.0016686377903152,0.43982605284876913,0.8469647581151631,1.7003324439360643,-0.7877542901387656,0.9690968460267542,-0.2927533408708017,0.15111887932093068,0.0830612574105881,0.5724107364318094,0.5301843272519986,-0.5751949200154678,0.12485417099490242,-2.33433581935981,0.9901736647844482,1.693941703681118,0.19062804868205002,-1.6060222134727555,0.7429476362271353,-0.7637695166002206,0.1823163447279458,0.6855091273963796,0.5464503795186555,1.080855249860043,0.1463806397295397,0.17336160995703365,0.7367903744436601,-0.07139256955863768,-0.6879024189448028,0.4520184248228875,-1.128862977711883,-0.08089014718819436,-1.3777767923973276,-0.5548126328043629,-0.5133408767381371,-0.9842160761758001,1.1005318874451913,1.0179915997989697,1.3140127427792712,-0.1878442228423257,-0.43360798852124477,0.8035848052548032,0.128412895109899,Sports
0.1235174623658303,-2.5438013006149998,0.7565146031514791,0.6239749824625656,-0.005416423109655338,0.8158477744640603,0.601701989470563,-0.6966850848464496,-0.2197862509378595,-1.0077851950050316,1.4622389865751582,0.9771804785810942,-0.8139173388487111,0.6188755164948907,0.27859233483701573,-0.6859529254992673,0.12432700862847032,0.8583846974345173,0.9399195274635567,2.3319836960691767,0.09428915317176569,-0.23778893411130952,0.5621402638778371,-0.18296253906767845,-0.5849044402828787,-0.9257832358664522,-3.427655528304998,0.734839430207506,-1.637973732071693,-0.8798534432943514,0.29244359119502505,-0.3215067945773522,2.1492972491782596,-1.5092399730805282,2.2387210959000208,1.380584609050579,0.9090963850983036,1.439312176477542,0.40461199871604037,-1.7032529972148642,0.5148516811159259,-1.480675391857008,-0.5283622790157917,-0.07808209771573828,-0.9110625179043068,0.9460444703644726,-0.21375757699917197,0.4093082310044664,-0.009413162360363969,0.12617915967347157,Sports
-0.8868672844268515,-1.1740414452017376,-0.1537686703588866,-0.9661142769482137,1.3935557049575726,-1.376435083791881,2.3370023110440217,0.30202512752728417,0.06932690490054684,-0.5402662492199259,0.6569210323526465,-0.20427501072102375,0.3004741944679497,0.8418231670397884,0.6693094691936471,1.239861200947702,0.5378410736607816,-0.951267688212614,-2.0797893361606343,0.21103372929094982,0.22546315445570506,1.925929815110566,-0.11584061693094792,0.37449230311424564,0.7771764057656726,0.5134081209875093,0.8439437918172945,-0.8182093081258587,-0.9763663337674485,-0.28056083055667014,-2.174066389693072,-0.03957959026796608,-0.6595830924082117,0.3222133336277345,-0.2650687890032384,-1.0154328126346357,1.3108568630090647,0.08251910420798274,0.8628588414252775,0.18351446075409206,0.4639951312070514,-1.3609957246514444,1.278103503956293,0.8786816503762953,-0.018840300672472405,0.28800209387326253,1.0026058602262553,-0.37200020411046164,-1.5830804146645185,-0.3532639743833201,Sports
0.1523894921547402,-0.0324397920733668,1.317566157328769,-0.9599023889193019,-0.8332906304667806,-1.0580465016775875,0.428741095057484,-1.5260337530738342,0.7437563980333113,-0.9328845213094638,-0.7731023597545169,1.770225259991233,1.232579728695679,0.11921331775690192,-1.311038150542693,2.014422456650858,-0.19632155243586794,0.24758097646822325,0.9119337691114575,-1.9628952065399319,-0.6400373318316083,-0.06807474003371629,0.13071971171144806,-1.3036068420696652,0.3263376613142739,0.03374040393854947,1.667317649025928,1.000290789005707,-0.26925578727533833,-0.19606948695133647,1.0144967703228884,0.28362428865044575,-1.3711334106862298,2.0937908352902785,-0.9898686929153012,2.4789695433994137,0.42795492207964336,-0.6354412896726043,-2.367032684118776,0.7767644692483656,-1.5503105856192012,0.3572945583682187,1.933632702522386,-1.1376788652301149,0.7380554120730056,-0.8115996148578879,1.1331495367689026,0.06582267995480498,-0.01906339785355501,1.2072883114752209,Sports
0.6252924411502272,-0.8046890385244957,1.7871134217543003,-1.5358264840195235,0.2756970956476243,-0.8228646908892977,-1.487224707557865,-1.1341810097997216,-0.04923951984063078,0.34972676414856796,1.0589318311994182,1.476036509393675,0.27768714710403647,-0.4431932788708083,1.0390173070045896,-0.6146414842422548,-1.5956145290313493,0.9390115124426714,1.3239118518134927,-0.8218116480737336,1.9608231634989997,0.5830523188358719,0.4339619779648928,-0.5166860988009366,1.0172887682435623,-1.5243781271427859,-0.33979044557670474,-0.7331632359622235,-1.3089327501473875,0.8629874553156563,0.341138476590899,0.8046915051941578,-0.27830000892351964,0.9850795519730822,0.07714175631519635,-0.47214633397244804,-0.6388887655643724,-1.9829037666248701,1.164371303416937,1.0509051689347577,2.927368898218181,-0.3346197046571146,-0.6667936022751275,-1.7014352225909024,0.9599663437990721,0.7298264345456617,1.551779919298436,-0.9166420194219062,0.7163655644651753,-0.5220405763453202,Sports
1.3437161939475157,0.5362151214922827,-1.5556940310074727,-0.131197039677944,-1.9481142023764133,-1.1632817122682675,-1.1027974854936686,-0.6409414492642758,-0.26268578400464415,0.16458309507607757,0.11454570079432515,-0.023859829400176967,0.3323854280480934,-1.2497946413408787,0.07317871450481767,1.4344590265183463,-0.1658028268639179,0.4946727655664661,0.4016247116933454,0.8622684306025833,0.2871388997373805,0.8453652286993314,0.5072913791774434,0.6572850086940829,0.44212764227837215,-1.006789347829359,-1.1707643466926043,-0.3532274585042625,1.5516405281763492,-0.17165304392731837,0.3095594847586634,-1.9673063225225949,0.19374190066810618,0.08590801841663039,-2.673318957826405,0.29088894197078796,-1.6509805566552327,-0.7253491649120763,0.9944720132749436,0.157451526837732,-0.44845009096976335,-0.5340751993472042,-0.41799223363316956,0.16088895449079876,-1.2006428573958614,1.1244174681466639,-1.1475636788775472,-1.7270575328396187,0.9911531319470703,-0.4369213240594682,Sports
0.07045959065910236,0.6546310170095015,-0.7194369478945526,0.1371457523534116,0.6482149815885367,1.6432348858749755,-0.5110588924987925,-0.46294720035883374,0.563326619325328,0.20859296405883831,-0.13703575949483018,1.5926899825085863,-1.6824372693115777,-1.4217454504578617,-1.6708819397553858,1.2016799609999744,0.5147233212204517,-1.3707450838668116,-0.12303339134922658,-0.027675593338968962,-2.2092196192035805,0.18827712794571447,-1.1775460621333078,0.7066685468910033,-1.1469412457797996,0.21915982052102914,1.2945702327898514,0.9745600810132269,0.5071648837171499,-0.08133557644174656,-1.5001042370868463,-0.4390958402994754,-0.2260061692729072,-0.29782234348325515,-1.5335222423196364,0.4344347448238701,-1.1809156723252863,1.5461089436056539,0.1480211853186947,0.9792626280144526,0.9585931403453417,2.0779316416048315,0.1818810052390528,-0.39006124980994183,-0.37078519144491656,1.496102641339802,-1.320235415922634,-0.8781245781931819,0.2369917607314634,-0.15279745402249575,Sports
0.9676444577050073,-1.3386932374794216,-0.06694600763319891,-0.18701174251865926,-1.07224397066582,0.8786601206329129,-0.0917842896280856,-0.13407461084727904,-0.8247034572684357,-0.3698655827853876,-1.021627588920566,0.8637663853644267,1.032815996755306,1.6800615248022515,0.4340533769214515,-0.3392185933131189,-0.46896322309568717,0.49064804374031934,0.20086355456091382,-0.17420814634187864,-0.2620785768758069,1.1711904207724917,-0.43184734381704165,1.3466759268360422,0.182136194000205,-0.36788081658261934,-0.7852692453090915,-0.15452472993274965,0.5033656705515603,-0.37701295839399485,0.8503355529804406,-0.4269588364283679,-0.12478458239113234,-1.2866944024914968,0.5594768368043613,-0.26717569356956483,1.5788705073358906,0.7048100172682836,0.08449977372764596,1.2251760210269078,0.4051088494221069,1.008260120854771,-0.8623714996572766,0.4611888582411175,0.5027218606030097,-1.5447410652212306,1.5066254640896946,-1.160332257704715,-1.2989623645991026,-2.8486855308137553,Sports
0.47385593982679824,-1.64306542691468,-0.516919486356976,0.8378683874732149,0.19205290969289524,-0.6236972606122607,-1.5906795108244651,-0.10761288541150188,0.8552752636530545,0.7008364467526926,1.7867808359075195,-0.6534585733303062,-1.3170336937142253,0.3099509788444218,0.21142122854004194,-0.004859612783917099,-0.7463980097641445,-2.653379100182451,-1.0066132621516803,0.5570684662950766,0.28396359840125734,0.9652640005860594,0.345181909032462,0.7360172425833017,0.7647320210107528,0.02047517032849929,0.027498753732834762,-2.908862432271827,-0.6565840833621379,-0.6134027260709931,-0.10880372814099148,-0.9303388346431071,0.9375640137582277,-0.8815099646745195,1.1024326416172194,-0.9611550352626188,-0.6037797959731513,-0.6798123530765451,-0.49623400933580986,1.1786379460415939,-0.3270846279270095,-0.30165579560793765,-0.7417966281604467,-0.25979347408192577,0.21644850949344063,-0.21516087319502553,-0.15029167852068678,1.0160303936045114,0.273649452541014,-1.1508848207385451,Sports
-0.08526524063259272,-0.5383501814500483,0.5210259575413511,0.10293980738393282,1.1303108103369877,-0.7400412827249734,-0.19242016227980982,-1.0641141541436525,-0.041802933253188235,-1.536581016686793,0.3214845658500596,-0.0554595853308533,0.15518473804793037,0.7881346436941644,0.22480248929562452,-1.2767775363839153,-0.5558727755402949,-0.08018157143024374,-0.3280994700076251,-0.20595803935486748,1.6214525081520348,0.10035544608675968,0.3822596165483177,-2.008801495570681,0.7460046522328675,2.8519618795584027,1.3456541362851222,-0.4401901839121973,2.2810574236392154,0.027496366595539157,0.3065462765213995,-0.2674362157878161,-0.2933188682052779,-2.24809519277107,0.7874940318864571,-0.2969982074725518,-0.18806068787371255,0.27333764413846906,-0.4145782343009112,0.2638267772029979,1.2030605094455828,0.404813353695017,-0.15349713684475594,-0.12349510388267297,0.20059357907775371,-0.832150297660232,0.2078597012759184,0.6845708924739348,0.08751609611076104,-0.4241328979333748,Sports
-0.2871035198299246,0.652168840309869,-1.100176204583657,-0.8164571438462908,-1.6069010137807576,0.03399869933980326,0.8618876757412228,1.331481826457523,1.548665843194722,-0.6904741421912183,0.25003096551164994,-0.4023123411840358,1.6476439522251198,1.3034463001058052,0.16807143897726065,-0.6193557462112576,-3.448042914238091,-1.4335998175166091,-1.85229275850761,-1.4462325699042005,1.8788476179119291,-1.2950414134117247,-1.0609429948383524,-0.9205241323160545,2.5985447289763344,-0.06245222779114478,0.9942042661042613,0.17539541152252575,-1.9844090176000075,1.5326394676495383,0.401096751340644,-0.12171297901523384,1.7601274643449267,-0.34654893770977147,-0.14441516475678473,-0.3451027205952538,1.0762912853130053,0.8138229320235352,0.2786188618619005,-1.0517675475124797,-0.3702335944758602,-1.0520842672347341,1.1603678217171407,-1.5747273583726038,1.5943711881644536,1.2876528773991947,-0.9185288906350256,-0.41648426363985996,-0.7124304044342532,0.43023379769841974,Sports
1.4124482266873244,1.1856193163391573,-0.43293047341549123,1.254807067744461,1.171822034461271,-0.18883390875389322,-0.00945847792291747,1.541714084646772,1.058361880246356,1.2247839845092354,2.5853841120501024,0.547267016312372,0.3256647209107891,1.35793746132566,1.9878209114670056,-0.6113939305158616,-0.2018585211866276,-1.0185706205470886,0.3427499744111674,0.8892586038240726,-0.9488772846345702,1.1337955202216703,-0.45332691257083835,-0.5347907538310596,1.129938253223768,-0.6251405582368739,-1.4034984772231092,0.7436571099090505,-0.1317022968931482,1.1980588331770237,0.83299067076347,-1.748298360781634,1.3155344233889197,1.8997499528469546,1.0336035092642322,1.0738604235470361,-0.24767208090775475,-0.47669535363459936,0.21244469502618943,0.9199053580205259,0.8947336081196483,-0.43778264760517055,-0.5391590984956093,-1.490153446383707,0.6469199253554921,-0.38978127404200713,-0.30104479711349136,1.7278751797775054,0.5983889067843892,0.322898686169141,Sports
0.830197290475684,1.4206140074424805,-1.6174807601650658,-0.5656284369484438,-0.23213479857668998,-0.9783419323035398,-0.26522157299398447,-1.5511349013736393,0.9221792602990441,-0.5175045907344314,0.2009563978861731,0.051308619657192724,0.5574194011240288,-2.4608895751718785,0.45026372105796786,-0.27509172017931244,0.40686392721469383,-1.1794532077383435,0.4136740703398066,1.298511859724213,0.18976625979916914,-0.7172408266319501,-0.6735313929333132,0.5762413008952402,0.5696443121930809,0.3565419827267528,-0.037525029994255915,0.20295997535109142,-0.06490908320371262,-0.38088103926642736,0.7574769101535811,0.3101168411411064,1.2905416619222692,1.1168653801840323,0.2774805323440444,0.5953806331963128,-0.9571872647358811,-0.07758947796124847,0.3426628300843045,-1.5827360552740481,0.4294220603191373,-0.9592269745829358,-0.8495838905284986,-0.5294855571652911,-0.03050666624065749,-1.3280285570314605,0.8566434746138281,0.1774182393621818,1.9249790305605117,0.30008045551991636,Sports
0.5708051779029949,-0.8538642677526315,-1.1818102911132828,0.6191561224171671,-1.0932899655067536,0.6418494855523148,1.7065244722114994,0.9457686862437302,0.5704466162353741,0.2694971098094204,-0.38395995921171594,-0.11456113901314935,-0.5654286737280894,-1.3154042176338074,0.03542734258159989,1.1078890615553008,-1.2887985140710847,1.3984964328033258,1.2171842328615778,0.3969988240118958,0.4050453482743976,-0.18624639951021385,0.042016603335285854,-0.46358547363126407,0.03163807757917268,0.13982616113750748,1.8812440003514055,0.5656160443786991,-0.2094030684940781,-0.09890668677035269,-0.7132582683169144,-0.5484291241186665,0.9106956917429151,-0.4939671008306439,-0.6175359467146098,-0.592512596030106,-0.7291790521766582,1.127185075343519,0.14270307586198502,-0.2823146245015085,0.029281639856705483,0.21729050972467556,-0.747293521076552,-1.3895956073642146,1.3385027181385938,0.9880237432564568,0.3778025938636361,0.9191939366621029,1.9143640484309277,-0.5354037031561784,Sports
-1.1200340574690621,0.6615166212776474,-1.4668259699385697,0.037972653873179475,-0.29843141636075693,0.6738877844087633,-0.482274797757228,1.1997697777034824,-0.7468835055312297,0.7058006613720358,-0.6664137106614183,0.5484544952248727,-1.0146457866943706,-0.024113843171418108,1.3220915901608283,0.1150052001417412,1.1830771811176481,-0.026274479927417403,-0.5050492603101437,0.1719824945624504,0.618396655883302,-1.9055398876681573,0.522285044358679,-0.9398351728279993,-1.1884377829607005,0.538576666828435,1.3385029274794717,0.21640618481281831,-1.3554073518530985,-0.6705605102890292,-0.41826717485911596,0.19609694022873572,-0.07187984833629374,0.49522980344350576,0.9999728306429334,0.34474457819095483,0.8980806925781035,-0.26971031102471027,3.295904459927551,0.5531805938362537,0.6840486314536397,1.7576808103878363,0.08817880285877568,-0.6455083114002861,1.306434045918939,1.365142966601261,0.15350630505791477,1.759627537844203,-0.08328580924512308,0.9322829491231478,Sports
1.5155323967536716,0.09832901542281522,0.45679810983621366,1.02601511105376,-0.3661849082122145,-0.8141517155184925,1.3329818101775455,0.30676583466209273,-0.5055895399975447,0.09411677168073421,0.5085322959665433,-1.5692993382289517,0.7159928975840948,0.4084462038419082,1.6550990811095774,-0.21899131715861447,1.377117433508258,-0.044645541331812574,0.13917408865938882,0.28095124885799544,2.0932533254281216,-1.2394905976275907,0.49507517883086816,0.04223143725722808,-0.02853516117497236,0.5830107592702893,1.106001071302255,0.5316320865818888,1.2352047009960347,-0.25096119262920746,-0.04855221869102847,-1.0008711524087812,1.9829056900915374,-0.18671246907655792,-0.29721487653519596,0.6066627236268646,1.107079460723044,-0.6920812311179787,1.186687477227967,-0.30330182219937346,1.430619554227438,-0.5409090036835561,0.7354473247283934,0.042709819914462814,-1.1263778436949428,-1.415964452633154,-0.7429528606226071,0.9925568919138317,-1.9431551957661923,0.33394597322591446,Sports
0.24689052251398397,-1.6822956315292419,-0.7968951440214327,-0.7987848556863677,0.052691471105740975,1.4663357827377086,1.0749619272978252,-0.36030844843204296,-0.8294174893138989,-1.5583738322793752,-0.3786084835482334,-0.898787219459433,-0.03614798170551399,0.0017438630774695295,-0.47558593246390446,-0.45464418049025607,-0.6937948210352283,-0.5124794965435998,1.4359153507054134,0.5178080418362866,0.5313502754447156,1.0119429079933284,0.9235225992019515,1.4247643919729034,0.5884181095165424,0.2051444407136414,-0.5907712978803037,-0.8241519917819511,0.8822572617297791,-0.11105497760456838,-1.359879751065819,-2.093032097606804,2.147627818781481,-0.9859362236708009,-0.6862387173194351,1.2280779229623224,-1.2085746333301841,0.5314100023954796,1.8219768320487606,2.1138302877411737,-0.4474482845167523,-0.01203689282592103,-0.3963838730215868,-0.017950294686128927,1.29827156690986,-1.399312474269876,0.6479567960252406,-0.19549763308923243,1.3685010800281914,1.3154199014090313,Sports
-0.4071314991210554,-0.11078105173537243,0.8927627434331373,0.9833209939471829,-2.47248930972636,0.8895504961526624,1.646481892207587,0.2556093661138256,0.9501764226555681,1.2787561268682146,0.22159370937478226,0.8142308098753773,0.012686497363241974,-0.05216815160340364,-0.6615414275288143,0.17302244693420957,1.886856835109503,-0.9024949080578915,0.6168729245846997,0.32095507744910967,1.474827768995568,1.6628933102161827,-0.9242775035535636,-0.5742154519063031,-0.5195862624966334,-0.4841993876773266,-0.3984484867175416,0.3470645191703616,-0.8513869748441673,-0.7107914943041751,-0.790590310513387,0.49262449269952874,-0.06376834167133273,-0.2413014551771641,-0.8418796978364393,-1.6040540716737481,1.631533727343083,-0.2887276878147827,2.710492444283034,0.7727913909009846,1.829252833017573,0.9934872795141109,0.15851615768696828,-0.5976575580599799,-0.9768399153964802,1.1196510169859355,0.26503404904066225,0.6165010407834722,0.8146235049487366,0.355974387725798,Sports
-0.4718575483014012,1.0127024710156,-0.198186847302318,0.0905692647176395,0.7173906066377175,-0.05896340684894059,-1.817847858329859,1.0405875045535475,1.2549288299150514,-1.8311160916004434,-1.043291205661538,2.0238796174855107,0.23203467850391193,0.0035512732703650183,-0.4263834070495703,-1.0307026508566344,-0.1944176423063835,0.9744227391657111,-0.015677959380999227,0.6102840858930481,1.765707148506563,-0.5804781804461929,0.3028749006584418,1.0043935609356778,-0.9329036334665967,0.1780528280658048,1.872324524626361,-0.3402503804598156,1.0683465380037895,-0.1411368772097719,1.79958701731699,-1.6454678888371053,0.06495619101028412,-1.4788546951458899,-0.7008768162808939,-0.7068187852951947,-0.2669563071338542,-1.1882913506953199,-0.07173955755951213,0.4604665044811779,-1.531903132621566,-0.6349324900294716,2.540992132763023,0.32923713886584877,-1.817741204181767,-1.4004658647597876,0.22590424537286122,0.10066603857423777,-0.5874428017008799,2.193314956887976,Sports
2.6187288208686534,-0.2643833598497234,0.8729568659267387,0.9231661713210024,1.0558731394775773,-0.6400853217739039,1.939449217220537,-0.0685971962344092,0.42199208102511115,0.002043510228310226,-0.13968617229875865,0.2784044599378596,-1.185885573793517,-1.9711530191736493,-0.21338047601372664,-0.8804276369232692,0.5475036779866402,0.4337901587116489,0.013480019696702055,1.481574790554385,-0.006227678862969813,-1.4581508429458965,-0.22364424165441577,1.1709677668550098,-1.884254672960543,-0.09403632704997637,0.5754620345589553,2.6522423345277835,1.208257636927606,0.13261638336448567,0.5207592263469469,-1.8976953602849258,-1.0497221859059624,0.6509556711106305,0.161167396656318,0.28874118659739295,0.034114653677361086,-0.005090897581514398,0.10293064847879732,-1.0560351842648052,-0.22892697234493242,-1.2441046314288415,-0.6195964567382412,1.1959050092045331,-0.18075231049756352,0.5958394752808079,0.11529455411255005,-0.3848916668932745,-1.0085687066084232,-0.4000556524093581,Sports
0.18317844598052452,0.5801534441242598,0.12233686455728619,0.6494803179457108,-1.520170102559706,0.8666625575835016,-1.1282563407019532,0.9835046171580215,0.5024058434128431,-1.8701895621449662,0.7369628241849298,0.9950973398329115,1.2578784603459052,-0.7685982841060229,0.1794108420705262,0.6944493830487086,0.736326867412079,0.4095207618629686,-0.4266362434566224,0.9879437541091474,0.9938199668145166,-0.1542783060966025,-0.7835548040410614,-0.7279033391981439,1.364817715332212,0.9506783849184264,-0.020039782720029466,-0.19917320752099718,-1.7681867608556778,-0.08440110437809184,-1.191115154554174,0.1589994764917582,1.1852472467614408,-0.980451552972441,0.238586760388034,0.997779762009926,0.2202953952722512,-0.523982961850257,0.010386405272113439,0.9572487122278768,0.2625778598974419,-0.0033705825603430354,1.1561431262116262,0.5149178699504232,-1.2029024289499468,0.631412661981995,0.949558754782266,-1.237316387087488,-2.268739495866622,-1.0419326687783514,Sports
-0.1024996876836148,1.009788345047935,-0.8909520341831287,0.5551202666544675,-2.892381134781812,0.18030672036008039,-0.40674045388543,2.098598781639399,-1.8920862872326545,-0.01450148280422892,-1.8982213516244113,-0.5497077331624505,-1.7011549656039604,2.3007887400908276,-0.35554786806098815,-0.2110294933100173,-0.04273372510530359,-1.132276792787584,1.0552387336607758,0.6401941454863422,0.9179383626717806,-1.2179618820362899,1.135315215244051,1.0198412793263079,-0.23239303499081734,0.8950210755435641,0.27267162329428735,-1.5939995321409755,-0.1828059019120402,-0.4815100377796474,0.08541928804789434,1.021126287733308,-1.6413413355305455,-0.44357790804043673,-0.8218374329613399,-0.7788913053107066,-0.8231090488335676,0.06817035548043704,0.5231754528373392,0.34832495888952547,0.18566820755915633,0.6217444878256432,2.3803261335103882,0.1358914143138872,1.0211384028132737,0.964183434571187,1.777794163030617,0.5605188649500721,-0.8443161809739343,0.30488192102187855,Sports
0.2511387434175476,0.8151826087877762,-0.8733966694994213,1.2663210739596187,0.0052371491401199625,0.839379253931732,0.3096731580736328,0.12259077832000215,0.2338564104837705,0.6719920113812231,1.958654794071419,-2.0173773848289542,0.540002948924055,0.04396779600074701,-0.17710656720460444,-2.363278223127534,0.5802076812550175,-0.12497063688131373,-0.834428467676373,0.042479972717485215,-0.29279023106488006,-1.742393167018158,0.08818471915812538,0.5800735297000139,-0.5492334146807265,0.2617128326851234,0.108111974560164,1.0454922225707755,-0.10369239366867394,0.8010918391602303,-0.313352755818858,1.9673219614951887,-0.4368415986398874,-0.6849991243323016,-0.10049211944393777,-0.7280189055105728,-1.2486564338938346,0.7276023542578748,-3.0626487136846983,-0.7175333559993947,-1.341763914551753,0.14216940019386184,-2.1891156697312013,0.5478508449449205,0.6560899268275224,-1.6326180452350747,0.190602702832918,0.5160592838201955,0.9403003744161879,-1.4689293366164615,Sports
-1.6095946425032448,1.5026492216700915,-0.8218897053196192,-0.5274041750085541,0.6330945237528776,-1.1692010232694812,-0.26584941308612575,0.8917442927530582,-1.4211022173425212,-0.5000043293955091,-1.1267236199890953,-0.7739354188917354,1.185648580130672,1.4050636339660671,0.2578341294254629,0.5322096846274724,0.504854901234092,-0.6723359760891786,0.2381505041835097,-1.2953083901405933,-0.9585694899146185,-0.0868015464107723,-1.060970993647361,-1.2727270831691984,-0.7118978274569489,1.1463337251918946,1.5571391538937163,-0.0325600269542642,0.5821989245448185,-0.563494122144739,-2.06564679321955,-0.8935224806350557,-0.30834403267420096,0.14096928199946532,-0.10097610491818541,-0.2816456145174668,-0.5746330320054897,0.3438625447122651,-1.363891778373639,0.8020627113314884,-0.5863508887664038,2.067098252693946,-0.3153155397597164,-0.4801757233733798,-0.562686189108905,-0.4702026092221309,0.6072280584247324,-0.0422762013904718,0.9870816659614926,0.46442146693377945,Sports
0.031492459483950894,0.3729543355986578,1.1963468881637207,0.6566959630509953,0.2805569934405463,0.4227425550085925,-1.1526848356518202,2.571696186254963,0.5281257206311444,0.6279146925550038,-0.028692388044620012,-2.2975681036844526,-0.2653435852640591,0.0759471360613155,-0.8228378218861797,-0.8315532081341397,-0.3392519625592835,0.7715288435480483,1.255754275040819,0.1709629549396921,-0.5673787259009379,-0.36238454014577803,0.09953400226004445,0.2180301243425409,0.4349591861740992,-0.43935988391646774,0.5292911325047989,0.45023723475834404,-0.39509275653911635,-1.7194910222429907,-0.8849366815319398,1.5675953261274023,-1.6935715930484896,1.317522241973222,-1.7285809000329146,-0.7731502270894816,-0.3747189862452178,1.7823030829531064,0.026130957700180688,-0.2140051607616966,-0.9353460332270064,0.5219609467559169,-0.5127184445709714,-0.22900389244356928,-0.3583545049852123,0.7198621745858793,0.7617875524805855,-0.890388486164336,-0.6272579914072186,-0.725878625344111,Sports
0.1833520377540835,0.9066948524582221,0.19666532609010354,-2.1906476944926827,0.7597531862669533,-1.3489908678871096,-0.7152403904539606,0.19843136505042094,-0.08388585723589304,0.8727352006941278,-0.6107526322989276,-0.9666137828900424,-0.31164272508575,0.9770193356428138,0.629672871082154,0.08714800792241695,1.3259631880028573,1.1448562428051574,0.7884822361427664,-1.1779838233485844,0.7832390373078713,-0.202358246458179,-0.39494423070908447,-0.6825514712772067,-0.17171656388434287,-0.6257537551507155,0.1697542999510717,-0.17294316101200374,0.22053849264506253,0.553271537988068,-0.29436517152181574,-0.7372932280493669,-2.006402631063822,0.7706537165675023,0.07876526308048602,-0.17617638041161546,1.1719163825273087,-1.2885211933853244,0.05623976191145425,-0.9640586404705984,0.656005854176216,-2.2261412791091137,0.804015662735865,0.7626601871662734,-0.9230124331354097,0.06633970906943754,-0.9015233400197253,0.427596460612069,0.8202291077126684,-1.0049796658376027,Sports
-1.2967486568768198,1.0964371507002373,1.9411705915114605,0.49444705660209215,0.568441488492121,-0.3320405791588485,0.18002800588019297,0.35072128523956925,-0.18257293579481626,1.3498605220145055,0.17674475603449596,0.30560001014829036,-0.1619630503398465,-0.0603392754341104,1.2187102711423012,0.1459060310282214,0.16929505251193963,0.18220207789274437,-0.36451263691417274,-1.4079400156538877,1.5725741471116155,1.0682940119000273,1.2490436522848891,-1.0725188690525458,1.444920254642602,1.966870787025279,1.044822414272791,1.6478224125203127,0.7978486082597712,-0.8466076033799482,0.5076318704322085,-1.0203426997752332,-0.5973741384997142,0.31628042858926897,0.18201847088009798,0.4630754063360629,-1.7920889937244764,-0.1542379467575356,0.5489984976655381,0.7483736725592421,0.8137729805832676,0.2512582610566239,-0.37922414997745574,0.501470885176038,-0.2997131152902164,0.9010563868989151,0.4273079532944655,-0.06172214678767373,-0.7689951177575176,1.1194754405380896,Sports
0.5590494463418602,2.102969676593723,0.5262192639929443,0.6099168907834213,-1.4652688153969997,0.3104843795280605,-0.31652825332445944,0.8264322884091108,0.33468444315908225,0.9852731810259228,2.1325951139619455,-0.798362305452232,0.9467065595253872,0.6835931668103592,1.9792947878821974,0.7053845700316035,0.6014103947437404,0.851453231028983,0.9212661089670002,1.454370152260836,-0.8193785293864873,-0.3923387777253255,1.735286119480504,-1.9587149453960822,-0.08472924419812557,0.14955998638416704,-0.17691187973783096,1.5809480331403196,0.47593778200157943,-0.3873141046452374,-0.6344093109972151,0.2818255784930876,1.1659540372027664,0.13840811136757827,-0.13442033425783254,-0.6952836888446954,0.3740388380893003,0.31857052237092287,-0.7242185660961863,1.0264161759931218,1.7060433092537794,0.04899796786537714,0.30213764311265323,-1.1049346207142046,0.7371895253737577,0.4641742169274627,-0.32610447947899124,-0.7434925189520001,1.8475702436216603,0.3827702360730008,Sports
-0.9176712958807302,0.8555442924153048,0.22965731280779583,0.058892330327058484,0.9785572955377009,-2.612763087981893,-1.807039611117684,1.3792187245366272,-0.12892211644700136,-0.42677228087866587,-1.3377569883326745,0.19384934914930416,0.3172558056765597,1.4408146419951626,0.37244517518931264,-0.30280789971841426,0.40567675186961755,1.1094885622446091,0.891219680519052,0.6214347913217446,0.2745818493125527,-0.5813272121504516,-1.0327988124951546,-1.191006072377687,0.39396628787505783,0.4982800699350757,1.094304482603898,0.5617318522498616,1.0508714491459583,-0.13054663064191932,0.7708424634363196,-1.0014705119303524,-0.06018585187592518,-1.8314856042385486,0.03158465610566949,1.2247864840410319,0.07021065008277301,0.7218249921732242,0.2731852140913214,-0.570425812639361,-0.18664781035123837,1.1796844936508522,0.7166740558078725,-0.6175958004533808,-1.3874715458985154,0.20684658356447344,-0.581879823769753,-0.1774350097632825,-1.4544225830944784,1.0407528575112945,Sports
-0.09697780726717828,0.0546599711347555,-0.832930215395168,-0.27738470585961844,0.12245977632726805,-0.6132572264770123,-0.21586175006666974,1.3862914245533249,-1.7500419696353116,0.1845617010613343,-0.7854660669514908,1.3364899898343827,-0.1807273008372769,-1.0471545743915383,-0.21561003768566392,0.3496342577353137,2.775622457576957,-2.109810031329605,-1.1991161349844328,1.3052188804680482,-1.5089596426327243,0.009631922849120933,-0.4833648790382507,-0.6404240467748387,-0.17219261560848756,-0.33268272115922265,1.0570616142199167,1.328294707443032,0.42630396366075235,-0.2360725378383668,0.2584698708084172,0.8050255667444349,1.00169830640418,0.37004684698501267,1.527661552042685,-0.6165120539248453,1.1399562957847544,0.7043598627606376,-0.6100003767353716,0.23268588267797394,0.301429578297333,-0.14203244035668217,-0.15293549993787187,-1.5248276316855953,-0.6892672130011371,-0.23837213218952585,-0.5725683896634004,-0.8556640684227332,1.0610913531190147,-0.10392508664467971,Sports
2.1667417205364328,0.22274749906626273,1.0401551926846966,-0.20812204496826753,-0.6616747659219727,0.2628492051357941,1.2955160707611477,-0.08907243545439232,0.446778183781193,0.25756043145239277,-0.09800092225981173,-0.04682446541123571,-0.9984746287202415,-0.011088533503246375,0.653293963394331,0.2957121181436993,0.18418052763645398,0.7250114462208624,0.19493491035188318,0.013915938851820372,0.7351604069610317,0.13659961834896778,-0.23659529414244201,0.4682702551469347,-0.03521840556722152,-0.2815134571872027,0.15542222520074386,0.16709084592073142,-1.1036247239349846,0.333230467300123,1.8465128490851697,-0.9796111918085042,-0.5025757236384878,2.7800262232389477,-0.8221326883215301,1.2863900771630006,-0.2287061556907334,0.06013999230972238,-0.13116780705349426,0.4257006214806662,-1.5797531764989756,0.1862604573981914,-0.4033618493645641,-1.8630738949439962,1.120889027689222,-2.107502766661798,2.148446230392711,0.6169531851542082,-1.3609957887777169,1.338093648017205,Sports
-0.750379467691763,-0.7048238828801665,-1.8009703127692567,-0.8639628998930726,-0.7461687718984609,0.818146085625209,1.1671938661292574,-1.2407887786442438,0.2705399693578785,-1.840254653257505,0.274344774888692,2.1620801807409196,-1.7798124288041977,-1.0146665421668333,0.7272752145736213,0.845194474970161,-0.9411167450740053,1.4735817353580956,-0.8155784324726731,1.6734676076029986,0.4686516880409241,1.27121505203703,0.3708281262654612,0.6569641043543296,0.7101325265792365,1.1447865426333939,-0.03282780015743158,-0.8999038350854486,-0.07893912700299649,-0.6674878312409331,-0.6020721078375647,1.6547772398004081,0.6227278907563462,0.5767374822329144,1.0726435424211256,0.6175104927653942,1.8670774948337752,-2.0946443283127842,-0.9975926117967777,-0.700671848173171,-1.3757164774708972,0.11292277132129275,0.15993269542996516,1.975336238618879,0.903789141852706,-0.507526431488076,0.4943594804974143,-1.8269801204286438,0.14225522649606848,0.08878731461197253,Sports
-0.9020973973649679,-0.20119736872895475,-0.692537489276517,-0.932545318222262,0.6744991405278757,1.0339111938150038,0.509995540981479,-0.4381046694195834,-0.6625535965986853,-0.40699998268643184,-0.2200078941886924,-0.8720902581917903,1.0538239871760213,-0.20227373139041746,0.7648808499784056,-1.399920842405589,-0.6883404913279892,0.8593933971525685,0.8735459764173615,-1.2025299448088436,0.3030688759974458,0.3293142785518119,-0.7082133787031154,0.3569979930295506,-1.5804516996912006,-0.926891852970634,0.598957945656158,0.02950025870028932,0.0814203275853181,-0.1750826847856251,0.5369025815324164,0.5850968934130137,0.791498112755979,0.12566920026184294,-0.3884118404305299,-0.5570164095196565,-1.0568466580562912,-0.40278982136852115,-0.6063843230428307,1.601578754257833,-1.0469375911810037,1.0373621174833967,-0.2677379433248213,-0.20647295409050914,0.4011880906113922,-1.4185375521231078,-0.7999750682801448,-1.241138779951285,-0.380258302843543,-0.9091951417798495,Sports
1.317143177305793,-0.5833434740007618,-2.3784958402284557,-0.3344327905980417,0.8074554219267825,1.6302684514561843,-0.22949322028603933,-0.5169000680365495,-0.0144519616005268,0.41505613953510345,-1.12888400720613,-0.24445036148448482,-0.04953456368520953,0.04580325589272744,-0.14454298469873253,-0.9357820054958538,0.338742658437004,-0.04457276604820565,-0.04700455009552906,-1.082528145889326,0.6401878224903124,-0.9479352895177523,1.6164379006973941,-1.1792545698392913,0.7622159435201783,-1.908183274544742,-2.2583067220620245,-0.5547670943414235,-2.2597005728073802,0.7297231505807619,-0.021803459111357858,1.4010306280511524,-0.16719339802526673,0.24315024766661048,-0.2681945467490783,-0.8739305439763173,-0.406774350873722,-1.2039525252417818,0.3874185903062068,-0.3078474166026751,-0.10024758989863526,2.8237302742788892,-0.4030497888544533,0.3137587919397917,-0.05413537655089634,1.1575942566363542,0.23845833327789742,-0.271422711192989,2.292516573796697,-0.8596846452452493,Sports
-0.19383917324442895,0.9164824334265004,-0.8181339862468417,0.7656120919354013,-0.47947148216926494,1.003236261145048,0.9770115228452543,-0.09008352799152032,-1.0004732492028947,-0.39147565176429105,-0.014816292460495279,0.8882712116950333,0.3205800776114303,0.5379075419978648,0.3493289094784953,0.8462190150378418,-0.20041098252117198,0.16488996057398644,0.028375062066316698,-0.4379556355472514,1.011707307880034,0.9906419740195044,1.2057888039829996,-0.7636994559364335,0.35080915107753036,1.0923670444170932,1.502896423254235,-1.508631581873575,-0.0028861801395627545,-0.1892162238342964,1.5908405694101995,-2.2093498180726563,-1.0473166273632875,1.4330326200963683,-0.469719905209442,-1.3014598796930354,1.512037141532155,-1.4318146972254373,1.0220360556562482,-1.5602561295087978,-1.4425313100703772,0.20014132297957654,-0.8483090502304278,0.2723350667617914,1.802044908284986,-0.15501389076363503,1.6277873203939814,0.32429175432076146,0.9558724244240359,-2.353232827286805,Sports
0.6363046963488478,0.4827635854658944,-0.360069251985755,1.8955309062152557,-0.4932083843198009,-1.6088742218553298,0.781957043746741,-1.4236763124349863,0.07658680731384016,1.3398642629170834,0.49847831460000436,-0.2473881820401827,-0.35112624498489575,1.2653426286639788,-1.2199149768910265,0.7750550727479952,2.193608772597702,0.5434367549207172,-0.23801837918518098,-0.16006540354518173,-0.4803803786145007,-0.6510450659130353,0.11777569745939091,0.6794845339933273,1.610773492265386,-1.9565399745882275,-2.43904658975161,1.6300794320935157,0.05713676058342749,0.10950876285485489,0.5012957886384521,-0.1868596818170656,1.9751565889795155,0.49182871762328,-0.4476002174007753,-0.3581826050380765,-0.1435310344868737,-0.7771058117475076,1.6894873704713778,0.12395840615458031,-1.1705006002286424,0.4052020642307479,1.4390429845792274,1.0608163737223286,-0.7598104855081098,-1.109071296138618,1.4273222851780358,-1.6243103578082445,0.37091755925273273,-0.5685252967929633,Sports
1.3136430458699704,-1.054734227797761,-0.7964689397711578,0.6170284968695051,0.7955158642768044,1.359596800504632,0.4729271367696161,0.34948460761267247,1.049116139293884,-1.3706092780557895,-0.8796513983609515,-1.2867965493844153,-2.685688208045383,0.8421577375512489,1.429685115397497,0.5559949643768758,0.38007414049965244,0.08496243840935526,0.055143845970811844,1.695223431777242,1.5491849658795867,-0.5850305763529352,1.108802342650265,1.2294274695322944,0.650393329745637,0.3875807127828865,0.3532729534882372,-1.4820143615690906,-1.5706833456406368,0.7832913878103596,-1.1003792834282953,-1.3892853663586804,-2.0754705036893344,-0.4757070617320648,0.37433617671253,0.4549208133138943,0.8505951075591021,-0.3914986731932932,0.1072791129184597,0.845818055223318,0.4639780298262559,-0.5848691060082734,0.2996449766567142,-1.9842314083272687,0.00012305487093427022,-0.6184020107349876,1.5185767129840575,-0.9772241151073339,0.11667858541184242,-0.42883275163788914,Sports
-0.5582250794877623,0.3773318755214892,-0.4182033263048827,1.851990504651932,-1.9745929093859798,0.6311707921621125,-0.08479475965609785,-0.05031584559573607,0.3021225079297454,0.9977527504875963,0.2650730507322819,1.0013299697080194,0.046402030451678955,-1.0341097002931197,-0.08914391174112976,1.152925954489292,-0.4106812282282633,-1.082803606909781,0.6194544903667277,0.3366115208025545,-0.7708736887580702,-0.23305764283913433,-0.18167092771519666,0.006381935585549923,0.6465657098192138,-0.4052032652046699,0.6982442943655424,-0.5334892604309164,1.6663074130470044,1.687853785431082,-0.8564063246409701,-1.2255020614858416,0.9782078138323237,0.25788346978481974,0.5516682071016812,-0.6547551971967829,-0.13245398615626633,-0.3448341728103869,0.3042009855514747,-1.2457200149936964,-0.09933444602414197,-1.2557784348417822,-0.5155637771007422,-0.09734781227024127,0.5074337297775209,0.590320251675352,0.7609148171608625,-1.4827900628438395,1.264086396123399,-0.6447994524906357,Sports
-0.5717915981724959,0.2687475485672096,-0.33700145436020773,0.3618258197149964,0.5473925660068545,-0.763175663169483,-0.1837260521484019,-0.15411695577847162,0.9582725823148273,-0.4651628672054205,-0.5086954667974974,-1.0216179545061546,-0.9095139925524633,-1.3506057433544534,-0.7030638025129891,1.5935650113587139,0.6909073425043566,1.2773463422452191,-0.9501507370707677,-1.9477307682909732,0.31638199897925784,1.8535978941835618,-0.4853357253354296,0.10181635528233243,-1.5695351562232418,0.028206423740151823,-0.12498778531385732,-2.093044356410081,-1.037336360298614,-1.1167301326664703,-1.5797265171330634,-0.7248546835600852,0.5087703666647688,-0.6331824582332768,1.1484892700483433,-0.3627596630524126,0.3262181682959076,0.4974796820429042,1.533879961225971,-0.7161099450803411,0.4423595074883226,-0.9466267525569398,1.7220956880944078,-1.039688944140981,0.38367622915664745,1.5594603667315525,-1.1965216961696974,0.5950972067405348,-0.9927799673623957,2.3283644517388797,Sports
-1.8913711236618775,-1.5173093435709122,-1.1215215499493383,-1.08931964874204,0.5208699660799636,1.7996802728429229,1.1551290855099456,0.23390228675414937,0.009582895676391022,-0.6063622886702404,0.39107299053543787,-0.20880382324951963,0.18941090600475194,-0.7409049314197562,-1.2018286022711977,0.025469343796856055,0.0033698255163192707,-0.5959328623520688,-0.7665100928168921,0.5584062890741363,0.45494819575437484,1.8765501566398222,1.3809298264548593,-1.1938424765812896,-0.19082582588986852,-1.36476871613781,-1.8392358690695267,2.1954890876433875,1.4802965037784874,-0.6298039154294808,1.2433761389526108,1.3917203126451083,-1.920464170132207,0.8506036570172507,-0.4916536011585831,0.38309502837764525,3.0098621957879157,1.5853624054214313,-0.12821212900966686,1.4216735039955732,-1.922111138638322,0.5035728310766525,0.5274767230286626,0.7056930312905085,-0.5084867458572053,0.38197377012161615,0.8559726967944306,-2.3229618783157724,-0.3161767721303763,-0.903312267349522,Sports
0.6621395504936523,1.377838319504804,-0.6118526958160452,-1.0886935351237959,0.11716394543431081,-1.1532110117933105,-0.22643297701376267,-0.331882223724567,0.5801027466016854,0.31519558475520143,0.1613969135784465,1.6368505112904632,0.26972952708746156,-0.41783777611218503,-0.2951904114364398,-0.764304750425777,-1.018636288664067,-1.3893424204851526,1.134232446706742,-0.7183070572867839,0.3159154751732698,-0.29986623395408774,-0.029223995255898087,1.1538011180639218,0.17665642836204934,-0.9226747498788312,-0.5641125387869906,0.8599460279533878,0.483178537434971,0.9224133208057412,-0.23850143344395686,-1.396043815414402,0.5066479886912482,0.2528189049419811,0.2790088871604647,-1.3817436413087925,-0.6402164662342589,-0.9383682509412495,0.3993666430901955,0.43379407422014604,-0.04348789123220386,0.9675847186471619,1.490711656569946,0.3530563726781372,0.6710710299242914,-0.54155003982462,-0.7254284816196745,1.0097438857396306,-0.8747422570016371,0.6970633539981945,Sports
1.719471166538944,0.6534818781035305,-0.08093245847865765,-1.3403242623891805,0.16330279114628138,1.0090961343923965,-0.1789599428757498,1.0214939278517772,0.3650240292301431,0.2913405485865777,-0.3167882617840185,-1.4560438306165067,-0.4251108376609441,-0.4330543241388332,0.5754408260860393,-0.015224626072074487,1.0831680212248993,0.28135302349949837,-0.5043498231391349,-0.8148757764833898,-0.6033746901693642,0.1607689359928682,-0.372793208320441,-1.076439286727688,1.0067158560221894,0.15231135779999633,0.27471949496010695,-0.822623764569387,-1.0415977389557871,-0.16223598982196022,-2.028215419458702,0.779813309964342,-0.7040233738781818,-0.26770474399571054,0.42691929825260183,-0.22463507760607052,-1.1683744557718352,1.505700359810788,-1.5325820085360287,-2.2365451073845644,0.8746003361213883,-1.459431190547515,1.252782874534157,0.37688820437832105,0.28300372584166184,-0.5690283009643133,-0.8254004514614689,-0.3762541724286898,-0.8772178815048743,1.2076680049268618,Sports
-0.7427487615153211,0.506347260571182,1.005207728131381,-0.8811845400200976,0.3765914184165007,-0.8938798151071818,-0.17352572383311868,-0.4586349364506318,-0.6954405044734492,0.15778637191574657,-1.2141168352904894,0.9292259122758273,-1.0815377017283667,-1.2670885555821434,-0.25229653561492676,-0.3725023540169865,0.35555720625605364,0.08483242565692106,-1.6273604836286648,0.9865668245806246,-0.2773394565404712,0.24145929860010226,2.2021552196688297,1.286442279857049,0.21052926321100104,-1.3730698337097946,-1.3563349701041039,1.1620443375078193,-0.4018157473201921,-0.16841485786206997,-1.1454684681353065,0.4458512278689073,1.1414128204262801,1.5235501258213286,-0.4481498192305659,0.6448784658791357,-0.09508681878642976,0.8802785678460828,-0.003967200593762774,-0.8241260961828591,1.3201575929942566,0.0985391542782287,-0.35145975274357955,0.1777801338919257,-0.7366403048809433,0.4152521265530699,-0.19629974279657111,-0.7947949065987112,2.3768993329564596,-1.0072923277418502,Sports
0.35328367141552297,0.05679653887129763,-1.0255972763453396,-0.337330690094997,-1.3425515584797523,2.066489219939673,-0.26795762483678454,-0.18281328577054762,1.9452029978617604,-0.8239768544082984,1.2944090225607126,0.592526478922906,-1.9789852230782194,-0.3710907237057701,0.4366059912640178,0.03557182817581173,0.03826006377584787,-0.6071647421060113,-0.7128724932597765,-0.3084067238430117,1.961309387544953,-0.9076755707922347,-0.48220568000144387,0.028846469319529385,-1.4631536599623,0.43194822313905895,-1.2880046249931334,-1.0872422116539195,-1.135254184956991,-1.6405810393333864,1.2683279525805389,0.5215887638018595,0.9223872319110653,0.8312630343791975,-0.16811019417166392,-0.029520860640499306,1.0137125739835315,1.6384291094426766,-1.2580906408217827,2.5199635512799747,-1.3156511984854697,-0.46195504887613775,0.07406829177469919,0.16590471436384233,1.963832086739877,1.0119070664923786,0.4128348908575941,1.0354933086972697,0.3457522699455762,-0.6754151045057822,Sports
0.48563846750982853,0.06755325901896322,-0.8428557978050797,1.2627902398516258,-0.05445554312023807,-1.1205006708106893,-0.9626551295887802,0.5349960353716641,1.0494322900076833,0.481652284156514,0.48623141835173705,-0.8103234348360824,0.09288454999497926,-0.3301103096309416,-0.19496617960274862,-0.11179225672219169,-0.6599357432214621,0.7516665626179194,-1.0091159367530012,-1.2986279518452397,-0.785202710579829,0.8833951060241764,0.3391585626647325,-1.7832419039966647,0.5972736873011977,-0.04850807952213789,-0.4173826701279969,-0.2419800229820525,-1.3336289409587403,0.1732407999372935,-1.2675515059309246,-0.35000603060415486,-0.34871037918893927,0.7699094249540664,0.03974424918683014,0.7059910408427048,-1.1957425970797197,-0.10780014859041188,0.5303164449240874,1.242299139799932,-1.1391854884452315,-0.8409513356637035,0.5052869797032009,1.6115932966886286,0.28587981622637665,-1.1099607178062156,-1.0904441704699264,0.13484522038426608,0.3575766284824105,-0.22127359729025078,Sports
-1.0790706928484017,1.1014152341654724,-0.34871981353608905,0.5269651677681462,-1.7731679378107978,1.2011544059282955,-0.6848101548964002,1.3446843754471787,0.612737523877673,-1.4287399625267891,0.24552674563966434,1.6565327455596999,-0.5979173497089078,1.6583255426002896,0.3857335436934689,1.3403577539486657,0.15948576419808913,-0.1239759236297955,1.837162833292089,0.7214019092251294,-0.23532203292924994,0.4238869182966122,-0.5648454504138606,0.10788390715667548,1.19562181921029,-0.16185363990072882,-0.8745211135316282,-0.9668826683326862,0.0736180902345777,-0.8075531115528402,-1.4327410542585208,-1.198588227683282,1.175099703890044,-0.14237240256742403,0.05776382665306281,-0.9666092036750413,-0.5814940466864068,-0.6137546434992613,-0.27676913706435585,-1.6583988339584461,1.0896749664445613,-0.016425144304349583,0.20208608496204095,0.9143383840645927,0.8377425472282851,-0.5750809255324635,0.6044674247610669,0.5941788379063774,0.315980931617266,1.0611206775426054,Sports
0.7995321610673949,0.7273696132530876,1.365281122986243,0.028659457384663255,0.05776889935774762,0.8192035182206335,-0.17845382506003032,0.48160767214716793,-0.5601073070142413,-2.279496705285396,0.5978739802154952,-1.5486803372564601,-0.699116127402459,0.8200117380087736,0.831762597914756,1.1752718876880068,-2.0197219574163503,0.2960134184756356,-0.2576852339467434,0.9882159654946441,1.4763599215606091,-1.3089149629022634,0.01588264118713211,0.8326321494865513,-0.3379983451634577,1.745694719613615,-0.4014695461211366,-0.30020173665690036,-1.0733074556529072,0.15392065266693955,-3.018198333562358,-0.24776434751856394,1.2689694859254033,-1.3967663492735536,-1.6183026869487434,1.1162233475877619,1.2517028558791827,-1.3556875216784023,1.7327460250647566,0.4324517648460607,1.0487438634907627,-0.7918698316314952,1.4890589812421102,-0.26801625657978473,-0.3120349225521079,0.48237791930626245,-0.3920251269028156,-1.5207062416856847,0.1317674922588548,-0.3182430347853099,Sports
-0.7679112805235737,1.2405271549488135,2.3923266808257355,-0.9191251891764626,0.19744108476694147,-0.3984395950558818,2.28839937600098,0.49173478538546184,0.92695571243999,1.181832557152932,0.13015385483669048,-0.18638334069979584,1.5189323146520062,0.7778883761949056,-0.8458995082699483,-0.7242113638839208,-0.38965317353043727,1.1592185572164415,1.4734474765665952,2.151728299090418,-0.7087032926622471,0.14020652420620688,-0.40020178320956384,-0.18234567638896107,0.9298788543797263,-0.04587901052180185,1.3158576715728156,-0.516298447244162,0.7414163507445205,-0.4427566175223354,-1.837224300423226,-1.0214684670067746,0.12412973034652178,1.921497821301494,-0.45958754593626006,-0.16918842889948105,0.48966975879483715,-0.5994213196734928,-0.4837590715321891,0.07211447787684622,-0.4365663362449632,-1.7829929021300304,-0.6501700398540698,0.6149196865579771,0.6460030941292586,1.3362337003593017,1.255536011984254,-0.900187624331102,-0.7454164491108947,-0.7012810931622577,Sports
-0.15206162051832056,-0.6232701159900031,-0.17452703317954796,-0.8721969912225234,0.7844054307851994,-0.9480636283593379,-0.9975719166230186,0.5202291191911176,0.7222999706240504,-0.22512238185449351,0.86898815525303,0.7967876063983583,1.8991387901235184,0.7329261346192721,1.707203084781463,0.06192917142296958,1.399626176108607,1.420766381505891,-0.14261373981013653,-0.6885403812782587,-0.5126758281853452,0.4151241640959907,-1.1497070081284133,-0.4537308656562394,1.1972303372812898,0.6668339654454237,-2.3526390101935664,-1.3326470644863682,2.158886379707368,1.1795674079317235,-0.5829272147243936,-1.4884321698284368,-1.2495070625211753,0.5091610428417079,1.9769283569569092,1.9132575102270912,-1.5756854934891913,-0.29577127692116045,-0.8570477157712412,0.13695030696922342,-1.331060812240595,-0.5458183771781633,-0.8672611179030303,0.5236045859201788,-0.5148588713629441,-0.37117769475809553,0.5109184685716397,1.6425208381244132,2.1157755047114737,0.45601267538085843,Sports
-0.08857399180927748,1.31624730679068,1.16716454701156,0.8818109325088772,-1.5793404312141217,1.2081754031700094,0.35820135861104346,-0.8937023102054146,-0.6718760574749832,0.5820322888727968,-2.5116386437873075,-0.1254731643696599,-0.6550625591820914,-0.7569409115595236,-0.45719312552820807,-1.479400371416769,1.0524800438158737,-2.1278948446252572,0.1692875418008752,-0.84755787871661,1.9835786800004567,0.022686438484168348,-2.123332810357054,0.5468210765186211,-1.092576711044446,0.9848890610865021,0.6177226655333588,1.4725954973860196,0.18703175038726055,0.8191487928466037,0.04275415644241406,-0.5896537902703893,1.065754931805672,-1.2304839709253996,-0.0363072206724688,-0.5685655721790324,0.8420940669579214,-0.9466806449943213,-0.40883259262498955,0.0439135020424954,1.4877230520151383,-0.532516307163149,-0.4008920749293344,-1.3482016927030538,-0.9829947637575661,0.41298125241533723,0.03206850919870138,0.04810314820012888,1.7412149315429835,-1.672277913170634,Sports
2.317821643489676,1.1782746805547666,-0.3257930008742093,0.39123278685117846,-0.6828450842467145,0.3192332094425468,2.1498433985724352,-0.646288208252031,-0.23200560821835076,-0.7567662205978792,-0.5961136116215977,-0.40269403133561615,-1.0948855886739581,-0.26361206681380467,0.05423239584937909,-0.40314990530520495,-2.2990953492154897,-0.1543177073705618,-0.04727162204449086,1.89754169494349,0.026818720180438068,0.9355860725326604,-0.42569970835607424,1.2981743386540006,-0.9445431473339577,0.504989201118751,0.8403653810816396,0.6936061255011591,2.164149810180506,-0.5843646583598484,1.4137833102813264,1.1556451227255498,0.04946640801403769,1.8392610401248906,-0.1465581539678684,0.022316556559238487,-0.0054836380492575415,-1.2731856911056016,0.7615140342617114,0.6053981418256085,-0.1046793198078563,1.7625345474673544,-0.4372200573951824,-1.729797414611075,1.90220597140154,1.0111093072029833,0.6260416624515844,-0.3394453669148558,0.3420916010703344,-1.2603782936452443,Sports
-0.2251429843226786,-0.9036975431877804,0.2618812637143542,0.9234684585057205,-1.0476251861749715,0.7249126807684194,0.19974826038765642,0.6838523816255604,-0.2422247653612216,0.7040154026667743,-0.6958065646479428,-1.6822520965227912,-1.4539320053353464,-0.5027663211707597,-1.6125234877728796,1.5503725650539564,-0.08283116274941407,0.9192725807330925,0.7870683555092436,0.006417141756979009,3.536531654873366,2.927645235868831,1.39189247873682,-0.9051886057917797,1.4329668626012293,-1.7485324414551124,1.3967464180151343,-2.55612178141766,-0.31895653613711406,1.2091242348623237,0.3851999781841987,-1.4785750025011024,0.17029868293509492,0.3856239133074636,0.2047854467848715,-0.407280055961312,0.855081449418037,1.1449115873259639,-0.15419006801250942,1.519654833974771,-0.1562607277665812,-0.4898143552733762,1.3569100274228707,1.3204230229772282,-0.6201088006981962,-0.7652508956392672,1.7643849001426293,-0.10266196142481399,0.0032857344160845295,-0.2522474373479357,Sports
1.3216108372440187,2.1441714975224544,0.0699866292960874,2.417722056751151,-0.5545075492185126,-0.2828020364289495,0.6730875935201769,-0.8169907297833381,0.6602123194492953,-0.5184946799697614,-1.544125580001888,-1.7425030217904978,-0.32379032438133853,0.41761169583119495,-1.3611897453584512,0.17859142249567553,0.1814217200612839,-0.16764206575612908,-0.9262469818090034,0.24023692415031392,-0.1423358383510799,0.9817433412314975,-1.292806520065005,0.11396493331336371,-1.2718430833114853,-0.23707399029875756,-1.0950799883686633,-0.9172792331441255,-0.0038461494386085866,-0.5656262996467792,1.4666948335341108,1.1791647964323568,0.8047522776538155,0.7849554608949544,0.130263904464322,1.3047960269364518,-0.2940427841733189,2.1193719364779366,-0.9421914864762053,-1.1288255928577011,-1.3949741679440972,-1.220866639239868,-1.6293558321962807,0.21409652537922402,0.8538218858688883,0.03413741111111485,-1.3852909087781309,-0.46967948271876303,0.8414859502841106,-0.3419287783636575,Sports
-0.7983813633845482,-1.5137843302674983,-0.4227437404139347,-0.7025626209543252,-0.08637315484441452,0.4763794026798399,-0.28247131234600603,0.18480719638566717,0.47200514950793604,-1.2298089514662585,1.8860412971149425,-0.7414276075172421,0.5165562497058476,-1.1359842668802274,0.11014261367498923,0.1467319545727764,1.6590993153711149,-0.23261900495852597,1.2994695491943604,0.29045826939727787,1.8521070182127448,-1.7800993002803134,0.482169182343971,-2.672894812844731,-0.05806946992405569,1.0209924703814688,1.4456168787005534,0.7386245536032531,-0.29056220955176154,0.5451288375914355,2.5163758563176217,0.07537869059273444,0.9610364356240941,-0.4293522895150351,1.0704278037058967,0.9060559583451896,-0.6105136666753445,0.7773061216035901,0.8247838922883395,0.739942716268342,-0.0411459417730128,1.2290922578047287,-0.9349253062166538,0.009748046881403714,0.11140250861672822,1.1713729424262018,-0.9664752268520034,0.24109514290843542,-0.49233304405855705,0.10945266806555025,Sports
0.39229335111101776,-1.2784263406781873,1.2640604598727887,0.4278313429990192,-0.8585960193309886,-0.3411792028334282,1.4941964731611768,0.4158509362731545,-0.9648797435170245,-0.7835050938310892,0.6247919824646136,0.7447954411312782,0.36286543630478385,-0.2914632301462852,0.8096835209616922,-0.31189094846369486,-0.8546913919449072,1.5866145597306165,0.4887961442307231,-0.7847909117432134,0.1342552366781736,0.02729444300027841,-0.34991749334701977,0.2335498774289804,-0.9285276609575067,0.873640132568261,-0.006161172903654321,-1.6094543231281142,-0.2281522059194199,-0.6158664778454558,-2.9904063045688205,-0.15581421438298512,1.0367778447445017,-0.10781498696878318,0.7081440551239812,0.008495017376672222,-0.4563707907920377,-0.7316014791767855,-1.282794754386744,0.9257654261961412,0.7307487092591488,-0.27829169046749463,-2.0242654132068405,0.4720839530415382,-0.9047770798748829,0.1438823734953145,-1.5412469220957918,0.09199898496375992,-0.13131708105917642,-2.4097171896520857,Sports
1.6179586944363975,-0.32569448124509914,-0.2592720822205378,0.5346769711633083,-0.050667598190934506,0.3639799866361354,-1.1443825870173463,-0.14218155883798117,-1.9093171860943678,-0.23764716918928752,1.4450678864599984,-1.505986520993793,-0.35074828555962617,-2.1239314063959194,0.00794678043878664,0.46617459662929656,0.38347574232960674,-0.6018680747478049,-2.144169773752266,-1.2415588790551513,1.2564755293389183,0.8789790881042026,-0.09133944781033532,0.16229321462456542,-1.0276187653123936,1.290632903910688,-0.7191495222609602,0.4372757629115905,-1.327901333936353,-0.1782067083429539,1.2484372719810595,-0.946933097519884,0.7493574207036713,-1.0807661721851654,-0.9019110312676752,-0.008975274223003973,0.9716401123139338,-0.2981856423311868,0.6185752841414097,1.1441352827365865,-0.7711485839087646,-1.5251655956600731,-0.35551549138509964,1.2730885007311403,-0.812657112774828,1.0149497386407458,-0.2625005307295918,1.7562120832239208,2.2454220534886216,1.031462513801999,Sports
-1.646602811376552,-2.4032285918779293,0.061177229659082184,0.9066500081232757,0.501010005655185,-0.7235929424072719,-1.4859856920698316,0.9297909614316462,1.8585984529679487,-0.6700558585271362,0.8252126470866125,2.602934041694556,-0.18972040253744654,-0.16948567309811213,0.5597320391784085,-0.2843514997403912,1.3392329862391188,-0.404007425814248,-0.031049035100890174,-1.4424444208992406,-0.23558351662223054,-1.0075796594347575,0.3460639979000641,-1.6642321881882414,0.9798875945685572,-0.8711730344207845,1.7841287001951118,1.3707573933854915,0.5356454688228328,-1.5379898312727664,-0.6278888582675328,-0.8962892934675591,-0.771126430322354,1.5767855358631488,-0.15264379103087752,-0.6578638183486168,-0.7479094802592432,-0.5318377540261824,0.5326194927523904,-1.6270903870942535,0.09817860993929126,0.4235468329650919,-1.735364660517407,-1.4175269251745022,-0.04770734331897474,1.4409826473778997,1.2027281241460397,-0.6084697814006472,1.4092884343347918,-0.3196267004512306,Sports
-0.3282068700336109,0.0940155027135874,0.8394649131390267,-0.6089981951521142,-0.39804929883257534,-1.248167610160914,0.35102651434376314,0.9333391899629211,0.9946247733490482,-1.366580488960167,-0.3828964942805418,1.2454679243391993,0.2321691728283249,0.03410475101982292,0.010533192359416887,0.5414585468430044,0.2859159318040157,-0.575385923300913,0.8810595160859029,-1.202885049736773,1.3221244241120005,-0.8959542118406261,0.5478899420409753,-0.16476295096300958,-0.47637780013966124,1.3575709225998212,0.7429061110943475,-0.058951330232011906,1.745171379657757,0.9797491930492268,-0.8054772649344428,-2.2603482950797233,0.10686049821801953,1.3834980548223401,0.6106506649947382,1.573963721433455,-0.5983128480539308,-0.11722416388915366,-0.09294160685318412,0.2412212283106452,0.767442782356005,1.6323696675945756,1.8426942216696258,1.6665707688797957,0.6690811122618989,-0.3422224905474185,0.2258984317748939,0.6552327603336635,0.13506806501231,-0.9137943197410318,Sports
-0.46237164878021897,0.8680420001500403,-0.24650062282978621,0.024173182008398165,-0.07842137845012442,-0.8921993512945079,-0.17127072729712264,-0.45781725757149544,-0.6918071940728204,-1.0583089792140883,-0.10060322842528291,0.6181701014709549,1.120580095192963,-1.3941476923100862,1.6064037936039604,0.29294548898067074,-1.1270287240187924,-0.4036978334555579,-1.8773857678849197,-1.621758403535128,1.7214250220239466,-0.6993009436394789,0.5368923843087927,-0.1111911072739645,0.0178097269630993,0.36802713916899743,-2.084020635179333,1.318542136991665,-0.09870999261447601,-0.5042804731800629,0.468006470663751,-0.7211187968904945,0.20821197028317848,-0.16539912703191692,0.7110101102218915,-0.21394629985162605,-1.0300202457327365,0.36234186588468154,-0.27061452442523043,-1.82099724625092,0.19765629251706274,-0.5374437659180945,0.3457566364533697,-0.8550526566194235,-1.2063835620211405,1.1801242979890694,0.8431479827782506,-0.006579586492056268,0.43776708766868255,0.8104146665346127,Sports
-0.01018970021014153,-1.2085062884022124,0.2994693181158081,1.0022216812083413,0.5931813821418062,0.059303836886886584,0.5652910448865054,-0.22324493012103022,1.0441752153225559,1.3471805804898176,-1.2961825527170356,1.115934421534126,2.2372843848015553,0.5255883354395128,0.9837572938101565,-0.6470965314299127,-0.5037068371967282,-0.20950961505890625,-0.40244931624462776,-1.311823905784878,-0.1726613808582564,0.8363830504249109,-1.2985237838402608,0.17913188837684735,0.14845060760144596,-0.30131576210132405,0.49652544131145304,0.4026592511977565,-0.3724328469828041,1.0608906193969025,0.5606104268772689,1.5734751176052983,-0.06642858955448377,-0.32176452166249975,-0.20846605279872285,1.178316877433109,-0.1486970332188408,-0.0876437881173772,1.9609731230985725,-1.344478605558635,0.3568201269780051,-0.06145574751270093,-0.25060895723439486,-0.9533626292091374,-0.6639193999806624,-0.40809069712871204,0.49574051254883705,0.8524411125939316,-1.7788094839151622,-1.2015649558717587,Sports
0.5478888611782081,0.6322591933967947,-1.4636597958906938,0.8742887070677532,-0.013971393665548068,0.7470719032815628,-0.8517371057758172,-1.3900237215730304,-0.30865365672311584,-0.2642756028498596,-0.32017792174173204,-0.39019730437806904,1.6928892148605446,-1.6998065234745101,-0.844874050647851,-0.4185836987047423,0.023985065410906593,0.7110138992676339,0.86536188427597,1.0765236114465515,0.48145428381192523,-1.7300208284728444,-1.6643678696445732,1.147289972169712,1.0826265176805663,0.6360210729449657,-0.8202698544203911,-0.3225214534410989,-0.398864451480884,-1.0247313270014613,0.25904863393192534,2.1554696479616346,-0.4956271551086982,1.2967742997624443,-0.885339715971146,-1.5366631052851007,0.9874957424612907,-0.2188141095678043,1.271248756111366,1.4708934531963769,-0.2784079643361608,1.3430162368232839,-0.8760548875745193,-0.8917991318105651,1.0722744292499815,-1.547807316456467,-0.0015588702278451143,1.249653443908454,1.3167905146136585,-0.4326677993493289,Sports
1.0092305845283072,-1.1229310934596568,-0.6673696990185946,0.23040953544501222,0.3777511132283791,-1.0477269008846517,1.8622766553786188,-1.877462836284661,0.054203879955244685,0.19590749500472185,-1.7469596652444628,1.3241294017906728,-0.740476398505402,0.09845518887318491,0.3280382976734055,-1.4542579581484971,-1.072138285632054,1.5630278272551164,-0.06583164244599705,-2.6970574847848896,-0.30192165006322197,-0.03290189104022517,0.2193706480379118,-1.99887773613191,-0.029308621251211395,-0.8326520748325636,0.2210345430124662,0.5063360046354866,0.39999412955979696,1.4039732563113874,2.1905701342627846,-1.133603519297107,-0.38198035014209697,0.743061743519268,-0.12679611417947198,-2.722786045500771,-0.19254671060150505,1.234146987461962,-1.3947414423263114,0.22050451327674225,-1.9073614662652976,0.8700296418993061,0.24156428118708145,-0.5680837785526937,-0.4179495312346567,-1.4990680712173838,1.0076320662006533,-0.7993507917571736,0.5002987690277763,-0.9619103738766526,Sports
2.198402766491003,1.5596647383309667,2.0737446154796464,2.1905292295583125,-0.6345208597427959,-0.8841312688649476,2.0261345205956793,-0.14107097203364713,0.8332179377799189,-0.6206812822726833,-0.6042330916793012,0.8299583318016754,-1.9698737837645834,0.7831749745390759,0.5244737997823575,-0.5301544153499214,0.02418324605644556,0.18085453228948936,0.23702765219692531,0.6901430579744219,-0.8149824906068446,2.6977256310942166,-0.20559404799901296,-0.13069421226500536,1.9446892688862978,-1.829047130256721,1.934256247755625,0.09346010806084408,-0.5301764562537652,-1.1196523398592617,-1.269101721731983,-0.3418235654606893,0.2779832770356103,0.6224965394732128,0.26601618257671866,-0.5102078038857095,1.3395124769124656,2.673803107487408,1.4946249860383953,-0.35929109102973045,0.5020787334180099,0.5661748357484111,1.6036764090896571,-0.3381807673063368,-0.9649174343698838,1.133851291500895,0.40637709498559604,-1.1087613132367398,0.705573659014929,1.838255461261754,Sports
-0.6937595385314685,-0.8910015846940895,0.030063751697241924,0.6802994945395803,-0.07491333176426088,1.1344252757979094,0.26070729077451305,1.0116536702289607,-0.7208247128962839,-1.2277216010718033,-0.3400336921935697,-1.3464466705283222,0.40932447443511727,-2.016703905218586,-0.4527272146526345,-0.2859574404454191,-1.0466364806158654,-0.3063536888471008,0.0042715807006479525,1.269232793779235,-1.040735945038291,0.35733729117409124,0.5557587788571735,-0.021168551170291004,-0.4980416961943884,-1.1389918645639934,1.8985654586840015,0.07264050264846107,-0.3155559898876106,2.1215500915429932,0.2222865859959111,2.5434977623834514,-1.416318845564712,-0.23713886673114562,-1.3700192469030614,-0.12212328013767082,-0.12690792383766555,-0.45803192041830293,0.05388860682256986,-0.4092971229168646,-0.11037333647843295,-0.7557922248247553,1.442821474751471,-1.1087494084358942,0.21236374602884925,-1.1926451628691768,-0.8349450490617926,-0.7282646539563984,-0.13178037092383388,0.17542182141307158,Sports
-1.1067270910836886,-0.41350645972604744,-0.9911454129159597,-1.035309770004661,1.1335596321608854,-1.3919853360924552,0.07468470131977462,1.6980733662759222,1.2061584267349972,0.42535853519608696,-0.01625397305553045,0.7366420623652961,0.3693939015686981,1.422625740342574,-0.1337189235215992,1.0011016945954392,-0.32572585374971036,1.8934963207170514,-0.1618464150221221,-1.6189349121880192,0.07770513369589119,0.7646018063566358,1.6286812354999427,-0.9961514758278537,-1.7444222792195405,0.496713179950603,0.465770060269008,-1.4110719265402627,-0.32959767795001105,-0.28475337927454425,0.8231200259464726,-0.41370563587167286,-0.4355108998758141,0.11462641769862315,-1.3781112573773986,1.9007819401105994,0.9340681999161204,-0.7017980160972538,-1.117638596415013,-1.0401593941484286,0.5867414790267954,-1.010380505213071,-0.24932725668947356,-1.6908224928452718,0.5412662687094097,0.578749479739339,-0.1845688746278778,0.19355790398935654,0.795741008799593,0.16667669505602323,Sports
0.7808530077866516,-1.1679766306937285,0.37869423733691954,0.19345138273263746,1.201984942674995,0.030372855873320382,-0.09736082781613628,-0.5571326913998158,1.4912286454833776,-2.356183314269409,0.5111705243542427,-0.020382443580227366,-0.1836122223827938,-0.3293224391069385,-0.055855004142837915,0.4785462707157706,-0.7950391362488028,0.13502722783324614,0.35076087332613065,-0.9537508293149913,0.5038716203529954,0.3589227399291197,-0.798965004922108,-1.1880808098305458,-0.8121128774574677,0.13537689703186956,-0.07593154235347105,1.393923413916288,-0.3671290454842439,-0.8890987830305453,0.6570206291549404,-0.9800251204746679,-0.7908346218492899,-0.7777451036663208,-2.9973532180710327,0.5668666648469721,0.9399809949535581,0.9166865973267837,1.8854283668531455,1.5070305926490692,-0.3339666667584794,1.1092403679253597,-0.09764031328343173,-0.4259697662192166,-0.7555777464993008,-0.2676239386357333,0.3289722498103789,1.5811379913823318,0.7286450783853053,-0.7713083350823821,Sports
2.955871459462905,4.568544057130348,4.902374362768014,5.227476073554291,3.731248869607069,4.469502857798073,4.855826655776914,2.6489407503875335,4.277771518163003,4.90434727486643,4.510391445409285,3.9193533316422147,6.609945167323687,5.930518667546418,4.009395744676309,3.810273205982283,4.700278648202632,3.9424711692243832,5.271542408612589,2.7327465873818673,3.759300352122814,4.685246037371055,5.003748248146247,2.5190822942747353,3.0459370778654526,2.3237405790042995,3.126821552690074,2.72278555336671,4.539131097962996,4.2290045522906485,3.8461708873857416,4.026094801463353,5.194239568907145,2.9577309136773766,2.0697984143866597,4.710511880513029,3.60903629553973,2.9815648066366394,4.554011312156398,2.0323537949183335,3.142411567848116,1.6113437170570948,4.259095203148527,5.5736901716218075,3.426821323737772,3.208455786880316,5.784553726544186,4.6274352503185865,6.38043916047016,4.160802743027379,Politics
4.226637193234142,5.444829510856184,3.8513718365288736,4.247196017914749,1.5787012629602053,5.737703823189625,4.390874148137685,3.892623900328804,4.907345007878812,2.81853891328495,3.4486214419353725,4.553335573294976,4.044026161411524,4.446631531840798,4.249303784174264,4.630543216263016,2.6791976382104554,5.2781448021721555,3.516113745880772,4.0577324625154745,3.399224224473836,3.7125947792470386,4.229093936062078,4.735168714056572,4.901231086194377,4.432511285827717,3.404204889312245,4.3694464476215895,4.240289346597727,4.05906511524851,4.534223305956756,2.7242424299171537,1.973080069629332,5.189999221488613,3.8686262098837783,4.415928508783974,3.1324343330745505,5.262224212002133,4.350079217215658,3.820482402547208,4.285791716357287,2.2582993943555865,4.373128997365697,5.486827198315742,4.315279281897235,4.186143009517368,3.682968764312413,5.082761614995325,5.231009310580642,3.568055965098278,Politics
4.358646858039783,4.232214436420718,4.40177117245695,3.2272746943872974,5.142776425133344,4.5652184478220725,5.202405356974703,2.8846561291912964,2.9434134255734667,6.059394989459433,5.147129290271527,3.1849123467422196,4.8681526112136915,3.534185777524619,2.3012904741030855,1.8997494363763852,3.978011164084646,5.560801156830092,5.521388096285819,5.260144954968563,4.8300111065493105,4.317364660412142,5.151964089345597,1.989113647425818,4.989787918903883,2.878994841299441,3.0872769475500688,4.695852159553242,4.928730686847075,3.3902915744131885,4.646192960752218,4.56293193493624,3.689352730554308,4.153850860404697,6.080884048023492,3.7184319719477736,3.752908010073109,4.150007142885539,3.8170466038095454,4.790502398084398,5.469243959419057,3.753331260867104,3.143214855568494,5.974907943011005,4.119809476253882,2.295472257598668,5.8622741276968995,5.126187665654568,5.601342522711782,5.434247524055914,Politics
6.644988062127377,2.963063297642183,3.204351925295336,3.5077363199105482,3.4791537935543486,4.122951182063195,3.510101296341415,2.8104493978359057,3.125562476539163,3.706246915204709,5.144300450740747,3.4246898073478986,4.809967819055567,2.6787210762613256,0.801102320116656,3.866824902677526,3.3899912685381604,3.118262802595067,3.0011497285719555,3.2924848528170054,3.0126500684892696,3.103263951700825,2.6411526484116763,1.8705993688750167,1.7905925118583714,6.461089131836108,3.9367532088660435,5.524542446304187,3.822408871377411,3.8557234415535686,4.306670624132442,4.6400706481446905,2.753330547079952,3.6202251529017806,4.304781761486226,2.066474260880008,5.297338320902956,5.062757417742613,1.8982236195602864,3.1209995248382043,4.104849741593828,4.841842310004325,5.52612719620729,3.3626586267851466,6.338170675807456,3.9512406755344163,3.775872097759002,4.561724753915588,4.310790516696766,4.254883874893189,Politics
5.99616114160893,4.247370608575572,3.0157257199611816,3.1602451143495864,5.472624682026792,4.683829153937107,2.443651038859393,2.394474769693561,4.025054551132904,4.616488374788182,3.3219523565536018,2.319829750709639,2.874828265087692,5.645751097307712,4.496970012032584,5.000082063378416,5.164993317635535,3.3739937922456447,3.6269649997130697,3.8319946144117845,4.416684835748071,5.089504843429427,5.869881452388148,4.814302169735198,4.821585841680038,5.926630886661083,3.7949412375612956,5.189002965888476,4.578282510126552,4.614952050640395,3.785472075726005,2.6057673921338607,4.344834309373611,4.3490836020637715,3.4245569265899345,3.9032651600449904,3.1181065424262226,3.1265890018577567,3.5190365867092117,2.671561752445726,3.416521842975697,4.713734606173076,5.4561179173333905,6.075437811392035,3.5998666234971277,5.2001068239616774,4.336173927260473,3.7626459204623766,4.402203064002263,5.102125708101381,Politics
3.5016989253335025,3.4786796517616727,3.590219969120715,3.3732259524410417,5.198882514790056,3.2361507949207557,3.4123848536949937,4.311203101607341,4.230325803178365,3.5901499583012546,5.6836213390761685,3.369364187309731,3.828914042728704,2.07324946158751,3.6950022961610918,2.6770434409149235,3.083734946542175,2.0441403723801765,3.107495673775515,3.9249387799244078,3.755818228387703,3.5852279614733056,3.675096250517699,3.4950095873893874,3.9653964702407034,3.889773606708826,4.274980522186651,3.7990377495353997,3.566340306443862,4.77822231693742,4.602873479433704,3.9675743082577375,5.195103424766577,4.0826489922441,3.8388273559293373,3.931408510545093,4.165117296625921,3.0827999372134656,2.1263720750978434,4.28147113818282,4.834035811496635,2.9990415610912087,5.073072767023499,2.3535441653391826,3.441211727261385,5.706015822217492,4.355936485871192,3.6975224576161643,4.2522858352982285,5.19634319925076,Politics
2.5548400776378033,5.317859750278689,3.5099634689048202,4.708384926296278,3.385776440783437,5.683723321555316,3.96883699683391,2.6711832514271645,4.470076424955092,5.30122998179375,5.188263175372368,4.093500370181798,4.812075323556645,3.5784319209602446,4.5910376545510125,4.362812916128278,1.1047339801309746,2.9993944921187374,4.207844601098475,4.16499473175635,3.9709225089740188,4.089374618642302,5.2076676534200494,4.354122218648349,1.6673738176611752,5.94770964247424,2.0934538960155793,4.9581426257087235,2.4356811615086333,5.423439976869821,3.7220009539168495,4.384277556116094,2.0138400715280236,4.729563165293141,4.41630221207667,4.617323266790651,4.949616623604827,4.178508869498635,3.789291929971664,3.1890931534004183,3.5568857895230828,5.206494619521985,3.1622103761014846,2.156904227626681,3.0124670732679157,4.606042679691035,3.6971477563959,4.604493656308645,1.9995389195686148,1.0174580875966188,Politics
4.264108569706497,5.004692886734999,2.2890047774029894,4.526043219339826,5.190263573578711,3.9956164580891294,4.901090839336204,4.19040763415138,3.737065624726444,4.821015541008879,5.912797585582483,3.44215885778211,3.9122683329837673,3.009314545206749,4.155213544446134,3.843600630549583,5.158451943370188,5.41974816866488,4.787985453287076,5.046764344381387,3.2951637833212484,3.0450680818998,4.436817375724516,4.020020257261286,5.999188881317648,2.0783555170712473,4.6195808062039525,4.603050785148942,3.238042203750254,3.03242283499684,3.660738161761099,2.3584887847523843,5.457332804135111,6.700728946680538,3.6587156716297797,3.3607048208004264,2.6891416495378957,2.9038632444831394,3.4105555783302295,5.208767940847634,7.193007285416307,3.2771740358748804,3.0979466027017386,2.832006790087558,4.45078942907583,4.34422091183795,4.100925802314136,3.555696282931122,5.3592046991636915,4.76426102930778,Politics
4.720863819848767,4.370238626995828,3.810611177580068,3.2848317358643326,4.51990501554353,4.423162657604594,4.567191136618819,2.4355660151691003,4.3392781429709935,3.691333152658655,3.1214027937297404,4.728426944219989,4.177270390298883,6.354123386393777,4.484482161099352,3.7027793720838913,3.8917144975561015,2.828098730367186,5.230848178519709,4.314985285705955,4.332129680293145,2.9357815358103254,4.779001182758627,3.064602031566537,3.446090488826493,4.125437900263269,3.4190545320379497,3.207669689474421,3.9498647015679307,5.010006803734063,4.895076263322863,4.707415548277556,4.486239833557805,3.524435940758636,5.1208725827926225,2.2640974630464967,4.433789271637748,4.841294984115654,3.909708431098821,3.2777082352473332,3.9629409772802875,3.242404969285209,4.514260657683144,4.945733657992974,4.446689781968655,4.387135550322645,4.760317556808988,4.8758893065889195,3.2217262904795,2.4620067233725336,Politics
4.277886657254005,4.924385697760768,2.4191015516555567,4.068832076349694,5.128335679727951,3.8835419038300247,5.521134294739684,5.333838924145331,3.8172874532427215,3.632260296417745,3.6506640033367526,4.1348549290259085,2.8264965374174036,2.6416289354292513,1.728505234836876,3.978847026787447,6.038884935155228,2.0094820510568447,3.8158371225257226,3.7857925991756622,3.8479337494757497,5.256801249396693,3.1115971242566904,2.0537468069993645,3.4657169485041206,3.3321656639516526,1.7690869919592305,4.24548672950352,2.8139873727927,3.9169004851101974,3.6371599411818316,2.9259840286103187,4.890627176190184,3.718540096258493,4.054271567028878,4.586406256502778,4.288501645716143,4.145000112583178,3.175808036311226,2.8877547343456538,4.1578475115891775,3.038084489402796,4.794441108992728,3.870460258847874,4.648612024983877,3.014227863728054,2.8588018690058252,5.678873122501438,3.8505313055978867,4.913216258713615,Politics
2.5880795914257577,3.7169717255696315,5.302360884901999,2.435377153717986,6.2753154394309885,4.202538783801057,3.1810651492227477,4.351948726410601,5.109135702372855,3.174439575603486,3.3179711631579987,4.2491300514822345,4.463020798000723,3.80156244561008,4.402339730156721,4.853549223303014,4.173307736486084,3.308524819827488,3.979063051263033,5.756239580296931,4.333070216580978,5.240235703274909,3.4856611898832868,4.262640970212877,4.7943150424515455,5.497757678731409,5.227588729739493,2.880732696884568,5.151852375856802,5.686000244813429,3.4251055171633835,3.1055330202616234,3.9755653834380014,4.179497703083056,3.6499308384918896,2.813265177622434,5.472406014078178,3.1400393040645147,3.493072425598253,4.109125452765362,2.5275199029065742,2.4511058983042027,3.5683143000684363,4.825630184609088,4.188003513048393,1.9406040404792413,5.389483507516359,4.797409368371907,4.191013825460923,4.164194065611293,Politics
4.673416227418262,6.326318857840274,4.880524198307361,4.296167559873086,2.772898986911846,4.164519032062132,4.773312174153125,3.884815876254131,3.47721449112685,4.553645784236467,3.011942431449127,4.867963687413573,3.56443656244726,1.877536956594632,3.54524603449031,3.9428752521423327,4.552493858339599,4.437051198601047,2.7095494351734786,4.12209403251346,3.465994960151739,3.6397787310998115,3.0017679045058525,3.9490929963840706,7.132434694857846,5.856442315583805,3.001294314144469,4.065944336004008,3.6860143965609216,4.142026656965761,4.916309106503459,3.87067754757226,3.2877689253381845,5.156484055118634,2.76596774754435,4.189303858620442,2.5138969504285584,2.9739268406261314,4.7447887833642115,3.320608564950048,2.1234382901966624,3.2773095434087547,3.170229029387549,2.7376342273009002,4.550086714075432,2.453187318438036,3.412062518123393,4.133407838763588,3.6572100989772225,3.595809386387046,Politics
3.2772938642972456,2.7812133768760967,3.3632391651779323,4.657559409371204,3.5659548324251498,4.166920882771337,5.117118054359772,4.599804126505861,2.723720138154639,4.4479598823474875,5.047669515068988,3.4178007452312142,2.4143758603189216,3.5593044173543076,4.188055712212358,4.592407994059225,3.4792536948259545,1.9645115442626917,2.723591577228765,4.359920933492662,5.990674689121445,3.9780535879592027,5.312877294300289,2.9430448330306778,3.3523612012572084,1.6597155449418461,4.369647435956298,3.1063752808304415,4.599101013083077,3.4976838989983277,6.0218130051350265,5.793201646471307,1.6966292676475847,4.591210817956969,3.256701847798997,4.646886555813962,2.656253378096072,5.441233886443993,5.0306922990973515,2.5862477101130246,3.8186893791324326,4.1623960592547835,4.719318282933519,3.988051877595538,4.786372186780072,3.929234005390748,4.611772285075367,2.6321348656457637,3.974008452781638,5.150122630384555,Politics
5.411087311506997,4.17303963494567,3.900864871132353,5.368034302618238,3.8990716242629837,5.144527155439302,3.893356676865128,4.039998573252886,2.895281626836389,2.750717442802997,4.978129457799822,5.7228190754418575,4.1057125195333946,3.8338084932389114,5.022641577533914,4.337364999147799,1.6016774143728156,4.993672344461962,2.663095736791688,3.988279666387205,3.558513585184646,3.3593414238626633,4.046937551254807,4.893627537495597,4.03132111301107,5.409894760053629,5.534000878180757,5.524870971259453,3.9441525871874235,3.521782131060898,3.9663024757952976,5.12532217244566,5.065363441838927,1.40479232162469,4.305849273958368,1.631987550472977,3.98093174123267,3.470996319471375,3.163080171494381,4.849255639150308,3.3527139065960827,3.9904953518216018,3.0676321479738866,4.073721890684924,4.959730412918267,3.122123312519225,4.639936513832255,4.056486244208894,4.047319738044005,3.6495921495280266,Politics
4.773407212708614,4.670917809437924,3.866565163781057,4.202678289780889,4.7429761612210894,4.541519216887636,3.6933633259462524,5.165707841102447,4.864137818645848,6.11123901880055,2.430430578912799,4.701985639316156,5.152089550250096,5.005167111592857,3.747286943118749,2.6368434021846245,5.539654610834164,3.518255889618409,3.7045551140179334,6.066548794484461,2.7268857997747746,4.818887960285208,3.2462123450289546,3.2242671766460367,4.16765272872437,4.676374798928256,4.950200705225093,5.0814731705302645,3.2934124007791734,2.8564730594978918,3.657356102672771,4.347478658048429,3.794361857688958,0.36846118607540657,2.172820175513823,3.7595268953696204,4.85520085291956,3.095353292080478,4.7330711449650655,2.5038963375244525,4.255568521292742,4.2628520426734156,4.46873894834666,2.9917185249054334,2.452366942200502,4.726051924716812,2.4738412882517906,3.229090305509403,5.391682625159971,4.169888948216629,Politics
4.36875399181648,4.624735739236676,4.589119658211337,3.9787168348637234,3.0985782895029974,6.6840578153676145,3.707365287304546,4.331046510970729,4.440139165512498,3.467049541762726,3.5743110355948313,5.488232717497798,3.26102249038804,4.412429845627648,4.8958539015207245,3.7858574110836094,3.9061160685589207,4.956905147035927,3.862650528133033,1.9227917302522157,5.503883345208916,3.0245245200973043,4.21547675941943,2.6822216866658337,3.489120646710984,3.5635141036115994,4.174171094289165,3.122867730533623,5.9828346349145765,4.024532145596217,4.881041819101472,3.9911455912109073,4.997268089657693,1.8993499805402112,3.295254499058311,3.478204077472377,3.470114500965548,4.518677837542881,4.587164972864505,3.9259485179225693,3.950703621856577,6.440511662070255,4.324593444201219,1.7747927310423606,4.770112398884064,4.559465220072909,5.159344911644286,4.598398228196772,3.095245382695153,4.8900045534343874,Politics
4.099305955746818,5.046164314479543,5.547899046837129,3.8781337373291285,4.87579696624043,5.033653479491662,4.158749867796307,5.958090230244704,5.045543358385349,3.414611988576441,4.260079351815058,4.860168903002055,5.92008942042646,4.620856589632886,4.289460120141266,5.263814336471972,3.780545741188556,3.010017894961474,4.703756358228153,3.621831741742022,6.7157689371204174,4.25296993406176,4.7098689877978295,3.3716749037877936,5.264600422831725,3.9730509435691417,3.8754636121695616,3.8994778888362194,2.7085957000386713,3.7494733794848516,4.546165800291338,2.454613760562582,5.021669023997085,3.7316615458718765,4.244726734151261,1.7659856034599182,4.224987060657383,2.9568531177424404,3.648541635029082,2.432534457482922,3.1181184368379076,3.836441685225535,3.7282475766121728,4.884530350487656,2.1319288756751202,3.9486307044991,3.9009173765663476,3.542192936281821,3.086794112968883,5.1021770821797965,Politics
6.047713565966319,2.2859388090377184,3.07581501128369,2.9956394623352853,3.718478298635892,5.255845673224198,4.5276704722747585,3.8461474270621725,4.016362561623624,3.680987346016052,4.73864682996326,4.860335128574,4.591297915313878,1.8034587113712397,4.013140757256196,3.813464299642346,4.991303612574403,4.239106546289521,4.556738542932393,3.504702953829562,4.939398378938094,5.233814729838807,2.3730086224998175,2.703810979911947,4.762453697119191,3.827607705271757,5.02871368663103,4.241820794187649,4.69286771385603,3.2527626202643987,4.339793842026877,4.342631896541455,3.311106000340742,5.001693476775204,2.104678360183186,4.207707036595259,2.7059226604968094,2.977698358244938,4.985986888296241,2.900075163449241,2.857860995372883,4.580322206710697,2.8892159159782103,5.018209526890532,4.644605182028646,3.222356137632701,4.980375682193057,2.06143084897823,4.472491381465579,2.7537684757543097,Politics
3.476700587134492,3.5412900666989735,5.281397318018119,3.4987207414821047,3.9213806022645095,3.561826526587198,3.0173598531941597,2.9696987546605635,4.308728327530906,3.973611046275969,4.762516580539526,3.757936557305283,3.7903411234024964,4.765752940077783,3.627892408994904,2.5604096015789466,4.847546988890187,3.322858978802474,4.066886560026783,3.3734862440020907,3.027498281651105,2.1012782736585045,4.339165655131514,0.6060854868333614,5.298344776162269,5.032016093540876,3.090497797979503,5.588252910067787,6.060799192934214,3.7266835287938216,4.410970440519068,4.136269634529885,5.51361598134661,2.607367655447371,3.7726304272996427,4.919397858060685,4.813533875195401,3.9571918217785087,5.3923110729694095,4.2334783283108015,4.1137001833825275,4.697043023855678,3.939104678074138,4.050261566515888,3.212708004201076,6.93340299321105,3.5265871238354123,4.729244450468336,5.908723849425803,2.6571801361544525,Politics
4.61117456224274,4.023162701469608,5.794731608881572,3.09078888607353,3.2477452589390956,3.9500918324598833,3.5064856100904125,3.5407223800921512,6.02842932282582,4.127042701822846,3.2153145665022045,3.6099832493027093,4.404891559350182,4.337367584731127,3.4227362495839517,2.37196830863968,3.9494597405497935,3.9224050746270303,3.353869778900411,5.279779766065822,4.574577900850212,4.134818364901707,3.639288707469927,5.7330286234787105,2.84552715914582,3.5034039360616,3.5476319153615345,4.29896061338696,4.660884830374469,2.6634253810300805,3.315389975345707,4.447644393076715,3.334853393703848,3.598223913337009,4.172644702169941,3.0200745193100627,4.2776113227127,4.612559836735828,4.0383867787158305,5.42538381510038,4.725422512063069,3.959078267804971,3.6785752176685307,5.754719239605698,3.338542896242375,3.7278274442840904,3.59018330462387,4.397803389765842,6.2551562945130925,4.246672709908854,Politics
3.677925940675407,4.188671572673448,2.6871413915479554,3.8122155923809276,5.704084289125048,4.6619899979639445,5.2309673207376575,5.013346405091992,3.29120037412968,5.911988238197481,2.2239514548732915,4.332497388561691,1.9403499392317252,2.286692387450059,4.935565150841206,3.3086672274639186,5.2448855777355154,1.82563255455289,3.9114917994796596,2.784057541642147,3.671478682499787,5.5483486153175425,5.791802213528909,4.512928915249753,2.4053803865521344,2.793315114225741,4.160054962133278,3.1940910954702035,4.657972538262151,5.675925126683353,3.017330105976029,3.1049384402414293,2.8195648203447226,3.745741074215749,4.052227479864887,4.021581482981892,4.897685287297241,4.392971613096819,3.9412858483078854,4.040915408484599,4.085512116477113,3.9421959772089545,3.322885334667668,2.7969293611357737,4.142277148559622,3.5006997778974225,4.525103919440214,4.071982680397856,4.014914449555409,4.9844737070657565,Politics
2.59538832884465,5.769249147721169,1.8150204688114768,5.450795695292589,4.200836997376283,3.4759564276838084,2.528363631241545,3.4005103709685742,3.8363229421494416,4.194918053555163,5.445597388614404,4.073414199214996,4.319654024844756,4.350113792315351,3.672462332657482,3.8077930741243557,3.893047549591445,4.626454609201087,3.0870712496323165,3.4934228877414846,4.356339227044786,2.9235164940937626,4.113650187313858,3.4543224364308953,4.505286229932022,5.373822982790129,3.4553728079305115,4.757700841300203,4.200603185331116,3.616179448717579,4.006631729845079,5.297956840235044,3.8281801639074655,5.309107520853025,3.8800335008914524,2.5875728655500563,3.8532596222967657,2.5096943148554507,3.682287905494978,3.6438815989968663,5.816855657907862,5.609367640917377,4.08539778307506,5.211356431470687,3.602257509974339,2.57275604807574,4.527826552747574,4.361382727801487,3.0624704420018545,3.1066973903529087,Politics
4.9395667638923095,2.3164699970267244,4.558181075720592,3.6855242028528252,4.559563606730097,4.988305727290704,3.125676185324345,2.8598275182003965,5.466286421296742,3.9428136059765135,4.327747836053216,4.910770703451842,3.0387119737186237,4.901961873692347,4.640153206045042,5.470022865149113,5.452582979314106,4.063436533482068,4.753056176623193,4.044551204637733,4.145244155598889,2.8711408227377926,3.7755048337273025,2.205234798782477,3.8625195370991676,5.320042761351565,4.777929251736377,4.112248137840002,3.797955143061107,3.4596800449914085,3.0814898845235836,4.818668918129643,2.464966082711733,2.4419909258877484,4.904357812940012,4.207853101714193,4.044825298803221,4.207060584029735,6.010085712800071,4.056038821675541,4.293290538798251,6.058058035261152,3.9364088073534593,5.726317943291292,1.892987898291743,2.8381198366502707,3.3320280819100736,4.583991786943002,5.773990422953569,3.4091807879693907,Politics
4.978252418403004,6.237225074435425,5.564760673525323,3.5961266006286503,4.868562840691069,4.339406679931178,3.340548900293019,4.427293114953134,3.526190097734214,4.1243536491714305,2.621602289082193,2.2370690130946165,3.71346310720421,4.318141561971717,2.8721363184296456,4.526295254386649,4.042749512530585,4.6502516881832845,4.94563855535895,5.343576642959254,4.603272060870603,3.7047356590541676,4.188862754092259,6.329180931171699,4.985464711832194,4.071536064661419,3.849466193959478,3.4017606333634753,2.8128014474096545,5.70811336990008,4.478499048015047,2.731145850148675,3.874661409295039,5.27048846769409,3.5530598424291004,3.1855133331709906,4.356768790339482,4.658150383183418,3.554317100186407,3.4004614145915157,4.4605871171140015,2.875154673575122,3.461798036975427,3.879640751903776,4.739032052907387,3.5723269145360272,4.563286904989311,5.1660350062492535,3.4935619559917286,7.222928442485552,Politics
5.419578908421003,4.2724533012925106,3.818213477891039,3.4446801144579275,5.661270012255197,4.210499706326905,2.561180702473343,2.287878267667513,4.11244165936058,4.1344453698164125,3.083029231816221,2.485563179148782,2.036911103947176,3.240669928821157,3.6372519450566316,4.691771235429652,3.8696660410497947,5.06398722851157,4.6050714960106856,4.513230060843276,4.979248644299973,2.613305435503856,3.463756149195509,6.401414527348319,2.0937729083568604,3.702207461934621,4.476148662413734,2.1230630241733217,3.247319668310513,5.995996323318372,4.170440487667487,3.4255475983152133,4.210470162360646,3.423641339860332,5.712521584688931,3.00897298682497,3.4772078297573334,2.507778270618721,3.704554825280115,3.825434212540657,5.195640663895099,2.983268830124318,4.483628507968581,4.0867271293179055,2.107495127823915,3.274699300481095,3.2349381019298598,5.683039410409491,4.545726875651093,4.1446703735414845,Politics
-0.2953909840680051,2.091730594521204,4.72778803193884,4.7820427926063385,3.257751795870579,4.027678210785773,3.956763484462195,4.169445921681315,3.6279954670740815,4.815368414455702,5.106109708685766,3.040383620007982,2.805627368264568,3.2038857686897684,4.04871801889074,4.355631240580675,4.788450005006641,4.971421886127393,4.362448608837858,4.229591826150641,5.648895507191021,4.005000038520968,4.590046829851572,4.320254646616482,3.826813590248861,3.8334122340680956,5.321956767034698,3.90976969368552,3.6473308426612308,3.2629442680784604,4.422535424855034,3.4878619683644922,4.33179448884949,4.177723740013612,3.5726119813123227,2.6044157724328034,2.970775689323772,3.1281284782140055,2.9959700385365347,4.455267823919191,6.129175346673865,3.4890099248170756,3.615725320524065,3.415417452513619,4.8576767606296185,4.426356860393381,3.983372577844502,2.7868885324497192,3.032237659752318,4.175293575558127,Politics
4.223287290423936,3.983890708034269,4.664927127260304,2.777422630357992,4.303589877159961,4.247986322096716,3.0420607813299214,3.395100278397547,4.6931294756894735,2.8614083518499234,6.463771069920632,4.555761600891753,3.9426631893519444,3.7478476656284236,4.788201498641951,3.588650468403657,3.6296837419889374,5.452588274783717,3.528441005134565,4.136081348505395,3.239787924052977,4.259040477487709,4.580614434440054,5.682895509191819,3.062651110027392,2.5521257957047876,3.733209396217971,3.382886009313915,3.984552961445907,4.521988325864788,6.265023075823541,3.5485146427455563,1.789596312447062,3.762023350492298,4.350527664723296,3.0303692599395857,4.233682452914617,4.137481535344906,4.259851743998919,4.791321954129858,3.9173087156633306,4.54753765650616,2.201038852769683,3.0376207082073337,3.6584656690739408,2.9948708599837226,4.006596002111594,3.656256702422596,3.544866010421021,4.883804796892974,Politics
4.083821791314622,2.916290097342441,3.396677615321097,4.7532204169392545,4.1997093562189765,5.195940164684468,4.846566244105462,3.6109330711016456,5.435508448908159,5.5178153241992565,2.2145804426821614,4.031780820091938,3.450160509523971,3.7395242003824567,3.183849194928454,3.0585791177235246,4.901173239532249,2.831938440433232,4.093354566740023,2.6508629102948396,5.269405811935107,4.030033854716784,4.7452921846797596,4.195105781200029,3.746755842758489,4.068370900915038,5.50733341951977,3.1025733391011925,1.4506510575483094,3.2131352854884567,2.790912536328608,4.968014464498928,3.824270704175317,4.827451084049432,4.031891582136335,4.008676041825569,4.163944953326692,5.480024285799686,4.186527574427282,5.109169849780098,5.045163868417178,3.8367084185841773,3.926065483197938,3.6221973341667226,5.283177225778443,3.0589379834820005,3.277008271889026,3.7237559648251213,2.8518476698486475,3.4087052162909615,Politics
5.1360661922473545,4.651405648173437,3.5792598051480313,4.8028289119191925,6.081908068677919,4.313111892861972,5.420359459433266,4.851588816797037,3.7055630315143504,4.1972979697141195,4.52628246697443,3.255030256327887,1.3907513446558006,3.1659244371209607,1.8418590515479298,3.2485465733587437,2.292555453752548,4.880108704075035,2.817402499266286,4.5441080889532195,4.766602063173473,4.701508773690184,2.131663815935429,5.122644395402193,4.420338366051472,4.804265741202434,5.829876269203685,4.794332137106734,2.8173473690505535,4.653283440848822,2.4963831062210318,3.937034381162298,3.496771200219838,4.010150540361518,2.4904578282119942,2.6056209236317747,3.550647584980882,3.7774768926153577,3.574204921118614,5.450452498019211,4.423642124457627,4.396191459759382,3.6176876586379865,2.608168160319498,3.995879215159027,5.807269966149946,4.224379627884153,5.1131924272352265,5.239390887049524,4.559541258948013,Politics
4.220273971734036,3.0122685192903282,3.7915528584552267,3.6391047638124037,4.329995557446147,2.585933392534815,3.462709304348213,4.4040158901164075,3.2978851804006633,3.0843902462162993,3.2085849445194787,3.7275906209009877,1.6193084122342736,3.2538409873387977,4.952753211676915,4.323878580406538,4.42003857823002,2.172308834086134,3.5858010219441243,3.88412094743873,4.464361609812941,5.110855517895484,4.954725915800212,3.4146250330270718,3.437517795441957,5.412015989061333,3.639929417713056,2.9174052989129473,3.7928681419969563,5.349359789285819,3.095128823159897,3.5711201402263058,3.136489100857417,4.95639432872567,4.287854063449666,4.925880244360481,5.565018881555325,2.4878982210227276,3.240848627640468,3.5664780832071146,4.068838359623947,4.505897607799059,3.50854637244933,3.308058471378497,4.9566594322218185,4.546097520324958,4.315881781349236,1.8542410365521427,5.206676498469055,4.1839691409859885,Politics
3.838020816043867,3.1806673583248335,3.367085613944317,3.109085910442053,2.002425125141157,3.182478199089145,2.4009621029168224,3.9395326987843258,2.8492391329580817,4.729934089111597,2.3356793081480745,5.19474494919794,4.836614896609508,2.933764280382989,3.9057328522468966,3.1456221618048716,4.57859934550768,5.799856823153509,5.1810640111068205,3.3122718780526292,4.114634614861029,5.52226232390289,4.52427076573835,5.010112729888598,4.651228551757431,4.076258239623754,3.93053446525149,2.7890960979164463,3.2341853000597185,3.0981950197944244,3.648653626055399,4.099548022118693,3.8920658993686956,4.215863806318584,4.664235205713297,3.584414324543221,4.737996637175834,5.138166884156505,4.415148565661031,3.4554722627096637,4.946677888139607,4.482648110224244,4.618824291250755,5.535171493953095,4.709442683468024,5.574271053489725,3.8515027997720352,3.56857128613999,5.148929069223181,3.0142539284441074,Politics
5.888409390304551,5.301907380846748,4.08761502161996,5.201273634703977,4.662333328243903,2.7099682140827897,3.183708841464573,4.285747262816106,4.159543580779141,5.308128592853521,4.302057507327474,2.731281951431611,3.4546723542737725,4.743063739268802,2.177384405673254,2.5886411063085557,3.6273451535372194,4.926715277036198,3.783251908265692,4.460932635468907,4.004814950511856,3.85914791195608,3.346213436287317,4.839825631313934,2.7457321162575683,3.766342915590129,5.146129338026727,3.235754102526892,2.443662650040996,1.8831724432131511,4.666274605952026,4.733615611789444,3.655769779378054,2.7289716440896292,3.8539029607191,5.178094468360996,2.73070308370764,5.058174419672355,2.3047709933804916,2.8630163399618525,4.109277009750522,4.947652533715104,5.471642703053114,4.991756518813495,5.552264914354866,4.182060487929604,3.3784120663459776,5.184086369123982,5.363504019697541,4.930823059757589,Politics
4.612560683774101,5.391971656845203,4.341971155126446,3.9794687841907948,4.725521465998823,4.4775796714015685,4.885291121668075,3.8680636692268284,4.909250314164902,4.857616465476262,4.213349276011397,3.2496986889542816,5.240624318590945,2.7903425389915713,3.0422942272159554,4.168022847627387,1.4921004992943274,5.542959334173498,4.014692239452757,5.539483242626575,5.804033599559732,3.8451686586032956,5.348751054150483,2.939888572809753,4.43329712221373,3.526610350261579,4.696485901796947,4.882573507075117,3.8400920987523537,4.544821339119797,4.944706302892202,4.18782013528295,6.539040318546948,3.8628613758934573,5.655856278270332,5.145391266665531,2.140104554988552,5.492973407929091,5.073944992978747,4.11414591877328,4.368873489407493,4.492790928387234,5.375308643403814,3.5869234658082547,5.5860024210129815,2.9159412634937767,2.2398665318332784,4.593485821766303,5.25902619127605,3.820416619250188,Politics
1.7357813609174726,2.5090596904807447,4.43628383826506,3.989945047817222,5.2842804509830135,4.072924396326239,3.2594117077257088,4.309081124114705,5.015612059260746,5.351234430541888,3.888990641740877,4.0674241956328405,4.77927193165169,3.25139166581419,4.7367734085016515,3.767959318669487,3.924424295673759,4.002676405258312,4.129589893026987,5.913783880100867,3.5310183244092572,3.5825060353616927,5.446737590147864,4.444690845294767,4.767555710065899,2.9697494884183904,4.2464341788142,4.81037574663115,3.325630370430372,4.628492861439389,3.795602480210195,3.3545792084692523,5.013191442903987,5.137913127486494,4.128728888910693,4.450704395268884,5.324589076502093,3.6045129416018833,4.348581567353334,3.6136565468026083,2.9815420010907854,3.605352197716004,2.8750564444655238,4.425555988691872,3.22781975493754,2.6029462670073347,4.742706845725646,4.677672870093442,3.6697350005020968,4.703201711340375,Politics
3.193904059687629,3.627683563078856,4.40733014413799,5.033801821386707,3.6175606427902656,3.4040902310654313,4.982507038622211,4.612686417814337,4.148723500156793,5.181118848223294,5.947005514478067,4.365916778528303,3.410128233134336,4.497309106537526,3.1800661134472,5.242162766179297,3.2983505661705825,3.8068595740965585,3.162323568256613,4.1821732657708655,4.217454287935022,4.742645954233639,4.119642187960995,4.04626704769303,3.426119911605615,3.7136526905732836,2.6070870190133943,5.3937009080193095,3.905698177539572,5.64069643160347,3.8789709525225975,2.0978756814296466,3.5496060775925273,3.9973937689941788,4.065350361720597,4.676837226762982,4.17388048445607,3.663003736547521,3.0850102976479628,3.593631640737968,4.604525843608735,4.858412709101728,3.3261429861261527,5.006996456212765,4.569064073822782,3.1129157987881433,4.246705050556583,4.369767062992807,2.935557198786838,2.641362372609316,Politics
4.473819045403836,3.545724012055009,5.5121017105336385,5.721066278335324,4.471989289101532,4.951740106771118,2.9761465534366645,2.6681033139414048,3.858585687940702,2.713439411740981,4.307637708762769,3.2163236293545743,4.190455806996587,3.8268980818476677,4.637352372193632,4.326338780395426,3.596076858898583,2.631614334901497,4.162510587859116,2.2575234591331053,5.246106910835875,4.52893408030417,4.842774572286975,3.030515966690303,4.3560811049765285,3.3333971942171168,4.149069713182562,3.0015638702486513,3.916558139352928,2.621469499686807,3.8399694096590444,2.3556182669796932,5.747113708930617,4.160404987068949,4.005680216139648,4.676057055449264,2.7006931792777573,3.219249033100021,4.53105981494757,4.1614546649066,3.2803499196252623,4.648045709811268,4.302731287177266,4.5055572726991215,4.3897384802499815,3.3185970001495004,3.924152363178633,2.1429438093903874,3.4891677963293377,3.7546567026950703,Politics
4.6267534333206,4.512150903030575,3.247918199036454,3.2257940611660807,5.306974298838003,3.7060916005240663,4.114249919152005,4.785248640024614,3.9204983319610194,3.8483400778314776,3.684668117557108,3.490927000518271,4.142902527171343,2.1775363399928542,3.638883533931695,4.540250882856985,4.4236789893652055,5.411064664325658,4.837417509008852,4.408257706016254,4.0286629420205315,3.5434667976737333,4.503268253478488,4.323489530834441,3.6257179663720183,3.1329083177262254,3.9469018545757386,5.156006963427101,4.110207379731298,4.028397508629369,4.423166986899009,4.481320568977519,4.248907262181435,3.9579196686487887,3.4918179567345913,5.004856724211027,3.57303833754151,5.572328587861568,4.154358605985837,4.052691225088645,4.759978419839565,3.346813846582976,4.573867240985833,4.11525825520081,4.410881342284576,3.3164054961219156,3.3070295869723445,2.1674824133568356,3.5427465580642328,3.490293615816766,Politics
3.3326296653942,3.8845382856864217,4.064265371613716,4.499741269230657,4.565789286241886,4.650478510377524,4.692299545398041,4.27531299575852,4.055226883113791,4.92910360895195,4.69328584980674,2.518034157425557,3.82721199455975,2.196599548489629,2.1770410135660967,3.4911248045797487,3.8720070807280687,3.5758224476428313,2.223910119437849,4.775095877643016,3.2930572841732366,4.489376196771153,3.320562266140624,3.5023676454908474,4.433684139252159,3.6508528356621426,4.170507580361897,4.27732237736646,2.5728700924515135,4.477788730526755,3.062385714309629,2.8889369220209455,3.273397845897317,4.814487993589493,2.3996303055365513,4.650997841441118,4.339552964570754,4.074333743142413,4.246676498045,3.709896561558889,4.682287348979512,3.573439302766525,2.375140458834966,3.9227781926542415,4.8013566335352404,4.492038666462581,5.814401919774259,3.746812189766405,3.8392481598048027,3.7666907035766077,Politics
3.22368907343452,3.5268537201943744,2.9611148186052008,1.7061214265036333,3.419777201092451,4.023488459093181,4.630720845415884,3.4243443415731054,3.4359441086403266,5.030619669321501,2.668826577348918,3.8367267850512334,4.957254681017808,3.2915871475128022,2.466464381222802,5.706849581240707,4.799295318824017,4.8303687042894685,3.9106904995886755,4.640627093292032,1.509611104885829,3.5627060032192275,4.947569760318021,2.6040954162325383,3.6665468239742793,4.319661930767673,3.2157232184099946,4.007375191689666,4.3856849214579885,4.301972493611754,3.599256912187217,3.1709471606188764,4.3961508659734125,4.339152298650419,4.290027013269429,4.114495539328906,4.340145415060815,4.876966102430274,4.309952470639496,4.097728171627754,3.4731392893482975,5.385878100366858,2.8769652765494897,3.7972101618352547,3.490926414579225,2.17289697089102,4.35381287149056,3.7967382300389687,4.031876101209569,3.8211738255983256,Politics
4.753276657959802,4.88146546157589,2.898734300610818,5.765338213263422,3.7598249450957217,4.587580477077669,4.180314442395381,4.105713565622093,4.556835535647774,5.318317391191664,4.777056898366052,3.7566539134716987,3.9157511145091304,3.436506642137557,4.715191303233154,4.589901879091909,3.6578826652873975,5.326509258777861,5.073800804619567,5.82350611043125,3.210173163600818,3.8998096048733912,3.803491201044736,6.603712034767443,4.009842585296628,5.2651719909659205,5.034767611809183,3.916055904204044,4.05551082424351,4.522783143545896,5.257843235589127,3.8279944647574307,3.4914197104292857,4.932284400111809,2.8531313487511785,4.252740135175479,5.0601729335314705,4.430247531116863,3.4330245714833088,2.9987662540817226,5.187073409656941,3.824334233587935,3.098593111681912,5.1388574457086165,4.80100220402238,2.948258885433512,6.51430509537942,3.459468031784196,4.784049336623608,5.986584314487367,Politics
4.8882201111828145,4.259179442289254,2.567733097894532,6.041028940722414,4.865136536011609,2.5851461334549715,5.544626729924585,4.06115223378556,3.7223421939381063,3.4278963705593712,4.1711617508237335,4.807963788981465,3.50530731040239,4.127583642494285,7.380614489057576,4.475699648272766,4.965908004386092,3.041730937796446,2.6425970304548896,5.464532792187814,5.179068425547779,5.713858160026744,3.920404039536301,5.2543138326746845,1.445736405854908,4.541220886225469,5.033026494235181,3.311708188236743,5.055833885424119,3.820210891747051,3.9202993738728793,3.741400355280971,5.581317893414938,3.545635965569991,3.42333535374411,3.142770248315843,3.6314242562538115,4.19500321115901,4.638589002367141,3.2467090500324876,4.372903909891785,4.611970873858217,3.06722463553864,4.063136643778636,3.9151515272343365,4.073849692740937,3.470010482778002,3.8645002751660593,4.031070839357007,5.864047943611504,Politics
4.04473916193276,5.338414199120111,5.41411098729662,2.6810312781486467,3.7088107987461476,5.41617330983385,4.181108462770039,3.8836161247754877,4.750029952594739,5.06752520814143,3.970628863429277,3.721745810551577,1.6364306880595705,4.0470534977918735,3.6188442545038275,2.9934725690150685,3.794664816211965,3.5825881185607398,4.169164973709317,3.720997065338486,4.4469973751035,4.173905656050905,5.273549347684439,3.4657021013496805,5.779849033589958,5.067241180846457,5.486744159366454,4.252768054572104,3.7186835292724423,3.462052464046278,5.752389740014418,5.096661469273882,2.991883680211771,4.977615313282345,3.1746399262970284,4.324290756262347,4.82593259460541,5.457976115034356,4.2375444227732375,3.8660039183310206,4.044132205719895,5.066846462294839,4.788381695547103,3.9836662489652075,2.1366501330739345,1.5655258825728962,4.2253360179242465,2.818750334617288,3.471156080285427,3.773057821463173,Politics
6.076485452907557,4.122372502971236,4.719976796179519,4.504547340493236,1.5781124574649046,3.600508961921046,2.7799697644818817,5.727203095671451,2.1806856439554863,3.5791760087293887,3.7392726107756227,3.0141602827351837,4.101424044002686,3.957721976665415,4.163045647754624,4.5024913022931035,4.236818860828979,4.3804762471310195,5.112211632535258,2.3503351521951705,4.699966494611776,2.954297543905434,3.3576010131589857,4.121085593402872,4.411321016413583,4.529054040248339,3.0548781547536037,5.631193756950125,3.582147507474544,3.2805928121949854,2.7280641348352077,2.629486817845806,2.6002008651452284,4.31435837515033,4.604179089203861,3.135794978990469,2.8581211833501445,3.788354445004254,4.097286403109486,4.262977484275201,3.035713384744593,3.8328037284382073,5.5671775538175,2.8052358880236348,3.970871614010609,4.499981067119625,3.0321228548726524,4.611314346398698,2.660764651096806,4.63451730013039,Politics
4.043356518942343,2.580579236297533,4.687665667986341,3.104139616086899,3.8466891782497568,4.630166889117002,3.035556423647706,3.471712500774922,5.126159227211934,1.930192725226826,5.418673232448644,2.535745607990062,3.3007295328180444,4.282412346925872,4.60313985063018,4.297990026787488,4.0472653845033975,3.5639550061720717,5.561290760620903,4.772956371146026,5.175604899460099,3.578642700261419,1.671788098322705,5.020030320866303,4.356433566879213,4.182861301932729,3.4326251664934793,3.6518814132908957,3.400950250893318,4.045167830616107,2.86432252877184,4.762610880498794,6.036629087021687,3.4023474044427404,2.4072094227730503,3.897984952225493,4.315223336561105,4.453253894305094,5.602510485985695,4.8158029401494,2.188418096545929,2.764026567836318,4.4056537845357635,3.5458468655236635,5.515127059235492,3.062867313109132,4.9607099531100705,3.350659817673317,4.262193188197056,3.1720741396184207,Politics
4.558859577674746,5.072711305202166,4.252995213602883,5.90913253738521,3.279563782076722,4.097968546300606,4.845849400930816,3.0502221458466114,4.062287580045881,4.664039889915184,4.929199860157663,5.141843240684262,3.1309371316840875,4.288258395127534,2.6850889385441166,3.2756257886322926,3.8258869115185905,5.144027583951444,4.52791523606257,4.0400910023763466,4.448656710826256,4.521203889996627,4.369023366124976,3.4249230447292067,3.043310402152825,3.776709638987085,3.206138847893338,4.621278252829211,5.528956164558712,4.563640503828777,2.1898615301108117,3.366749128617653,4.018149066363038,2.5652035792945798,4.031196506438779,4.469319396698514,5.408858597595481,5.818707024562313,2.8084758592260775,3.8834118623695075,3.896033486791824,3.286991085929103,4.098648468618916,3.91993033354223,4.6138028957171,5.356613929546858,4.132363949536443,3.509950218627599,2.974482123269752,6.042460873033646,Politics
4.9068756082729585,4.399710900711475,3.834019287686901,5.611878674195377,3.840375815958213,2.287882932450792,4.26502642105365,2.7721938763076324,4.268760681993813,5.344134153247705,2.32749135288145,3.100365685541187,4.864727418490506,3.500529258579647,4.415164391049915,4.417313862441154,4.889569922807749,3.3534083473971448,1.4481708905675794,4.396864635584757,2.4309962559240637,4.935176546729963,3.957736085292757,3.7039687042634317,4.690555604314089,2.2581560251996082,3.7997931097823128,4.447874227638666,4.252843772111535,3.5111695458796444,3.521266335408975,5.543242089080049,4.912671662331738,3.3358268053515068,5.348460944272873,4.755081016713762,4.488389641708169,4.526590139739048,2.8538789020098827,5.5052640110463855,4.951507726573205,4.245123430167698,4.2436065443041056,3.908524998904406,3.431291156765315,4.534548246817713,3.20459321420683,4.150698704143639,4.0973650630153085,4.385181571231817,Politics
4.941249957741672,4.40333712191712,4.693566422052009,2.060057419459925,4.460413383582543,4.075056613538218,4.371724947037388,3.470920257652458,5.150925342001209,4.2504304615628135,3.255185126309118,3.4316853457717618,4.9027735466471265,3.9147108718614803,3.995283589470908,3.8022874447000823,5.0111305023133905,4.482329969822782,2.8128664603756106,3.0242289754212988,4.004567553350117,3.356958335911062,1.8394687125008065,3.254973771854921,3.721477441548097,3.599998367629099,4.72076224454582,1.7654603873610428,3.227634521612885,4.795662704475186,3.3323383635392583,2.7886090907646826,3.3192999129655556,4.446207275980435,3.7465964365512843,3.2750409413036854,4.481780035806624,4.374867575744097,2.736501790877684,4.094785946041278,2.7005148530307155,5.170091332031652,5.231197181029195,3.7123264982671715,5.064961615577209,3.2437857413513296,3.860116485713767,3.415210704392765,3.975312750772345,4.066245114355882,Politics
3.9973369362218127,3.9098162876394804,4.1272874887142565,5.255390479431645,1.9891241802480728,5.920921434775172,3.6492224254250862,3.9220953063832527,5.329301492879721,4.606689021046197,4.5350188686960715,5.24563085419344,3.8352425561513,4.919015520279408,2.739514006853418,4.4175242181260295,4.561816717530079,5.146049907566168,4.707832128534358,4.204484684590119,3.6823902464422167,3.6712579731689265,3.6797187382754344,2.702120929860527,5.743429912926924,4.998675070183369,4.254500355927647,4.814937282693293,4.753052612363315,3.0070225039975833,4.63675126603035,5.269745986393268,3.3221052939107727,2.46629932104772,2.837957497580596,3.9036574011581813,2.7802478408570486,3.8279948484988036,3.3452850335931186,3.999200890565041,3.4903374355782666,3.964020011259922,4.602515560289199,3.041941203960909,4.281338552037429,3.1477473953552217,3.9942478309031526,3.9181443627429324,4.355579688770366,4.18462730607717,Politics
5.238881065510693,3.9739375049827896,3.372496331553078,4.929725836497597,4.330984006266508,4.884147430384641,3.8800315297450663,2.6913010647208204,6.243911747123873,3.397355944351691,2.8390771132926096,4.716988762097934,3.054849347521413,3.6075964138501586,4.124573353521714,3.8566805512080156,3.6365867537521734,5.5896894425843655,3.888535676451417,3.1005737547643486,4.976952812605513,3.277462394280713,3.890933082100301,3.095373303035252,4.211433505426496,4.039780272607651,3.970990747139473,4.150018168681644,4.817801428326636,4.703094239714605,2.9605927331337707,3.325346736963176,4.924372617278939,3.2171697786766544,4.491897284636572,4.839482570248846,2.3584197024917803,3.593661269299864,4.8150341341932155,3.853026128972359,3.595824761574241,4.831114780970304,5.103905755968539,3.3215902557500008,5.767130780580204,2.215783267216878,2.492886653824508,3.5456204532449087,3.6654705670544176,3.711235452534674,Politics
3.4654948458766084,3.274389127476316,3.7796875946652424,3.4101536022203596,4.681927738003249,4.030614464798351,3.7788372051719636,3.9278813450718504,5.114161366970995,3.5165934864688566,2.726608574322346,3.0226352546982866,3.7669788005262403,4.481503194772629,4.879807520824425,5.648638342504509,4.739155072011981,3.1170520371382824,3.796774124834352,1.8363397495438112,3.688459641381464,3.3948931048348854,1.686974611002861,6.107535576162936,3.622016252610745,1.8927898269109562,3.7258596024299893,5.650770230311148,5.907099083645775,4.058370521133209,4.096377748043086,5.225593272914367,3.8494880802092175,4.460283831524229,4.839590065611116,2.9240637980624835,5.536767328783704,3.120311514517878,3.3662083647210133,4.099822300273387,4.939601374719242,4.677404953736696,3.950600320396797,4.284169790990007,5.0732897356122795,4.008393427452686,3.1879446329533874,3.3970721609816525,4.909280657925723,3.1887631416695275,Politics
2.432156301058698,3.695811318565918,3.9246527060963055,4.860498301561448,2.5422236060247383,4.346471922122039,5.151259004733397,3.1826547990990006,4.081643711320019,1.8494084572471783,4.873163707911803,4.795596365703094,3.9800222140528616,2.6727188297861555,4.66688325803737,3.7550020676523763,1.2196176665890057,4.778212482371743,5.1636158094751865,5.339305783894389,2.722997116218071,2.0832060186105776,3.5896148567886264,4.517864527989993,3.0572092717921837,2.4089655854635255,4.72456958337834,3.654793158181836,4.622589230936067,4.015796692825586,3.8338948058427693,3.9358640179322366,3.6415546277501365,3.5414575777562125,2.8987188811163893,4.483349446731908,5.247537145982321,3.4995206923925783,5.86609962423327,4.3765779772290685,4.258174577666006,4.655018181861367,4.97510791002777,3.5454260746330286,4.554823497948344,5.046634682432779,3.620622763022774,4.004738831655927,3.232742174636878,3.506951759356207,Politics
3.6503090877528113,3.0958031926014247,3.9370525806810672,4.3308289651666785,4.427950257105035,3.191528711998588,3.393678065310805,4.850917134613719,3.391272866233336,4.8241913590387195,3.267535613399648,4.376996025123544,4.75235167539775,1.3503137155624403,4.868466965328946,5.30407113959795,3.691085542707363,4.345738394483426,3.160877592194012,4.363480536170562,6.461049780614118,1.803264239749534,3.4992884731911107,4.796754365517815,5.2615832941550185,2.6175776311218977,3.361809267433559,3.4196821115617464,3.347004201856277,3.8838254105566823,2.571309036647821,3.7454746020101113,3.0638511031376217,3.931145098593734,3.2948700229971095,3.83096328327411,2.9635626344239334,4.952700614292733,3.674403388287691,4.013827753070922,3.8541805709491372,4.007232218643401,4.002192572226977,4.805138360629317,3.713933100799838,3.280206464342298,4.041715289387631,3.387095788293749,3.9250864215500196,2.947972730773211,Politics
5.049782472376255,3.219467241817106,5.199403642875318,3.9388742743996206,4.856153188742308,3.232688034312673,2.0331549117991736,2.351190121603489,6.502902335229488,3.402059701987983,5.096158062881656,2.7022437131551844,4.178854723632918,4.348407217928649,6.83641201110137,3.6821412612308166,3.288731950908756,4.350933609350647,3.075237413030545,4.409576889314211,3.946511545395516,3.246182345581666,4.494383933821243,4.108321369354089,4.7603204390432605,5.652453373839492,3.4983569211618777,3.588491956253181,2.6543525804087755,4.52103027459744,3.3552484525395396,4.345527983166751,5.165473220566628,3.3156015656261677,3.525717193299055,5.0145126657198835,4.707422833352277,4.601483579314864,3.6086131341467476,2.5639303692296918,3.2881661215653635,2.9905194851130155,4.581546314053814,4.284521536620425,3.4013830751542358,3.57212447180448,4.475649658908805,3.680668866494157,3.4188532914228924,5.978591128994171,Politics
3.450375805334536,4.66863967931957,4.392575676888394,2.476744068494829,3.3210061165304956,4.819121706744701,3.8685172140783064,2.5350604209729806,4.394488195455758,3.4176953548265456,4.435892175478382,6.687774657505428,4.382439069973058,4.612173016267239,3.7460054709462023,2.880412342312453,5.023924919859092,3.394160714023716,3.7708182990551116,5.793475535640591,3.6622922413019845,5.215328131807877,4.387478117925435,3.446908960613472,4.341407313426391,3.283578650655891,4.904725109240746,5.247093828339062,4.0490071289188165,5.342476426769263,4.160073747354091,4.914513098034102,6.9511965979446035,6.47511574579856,3.8174478373305005,4.29350501944197,2.9460440212604455,4.798645608787415,4.389216756968774,3.2259811472251183,5.186848491593134,3.7343903903931253,3.479092009734104,4.399496310567675,3.534927296473991,3.9683204730378763,5.746250712731937,3.3853152442827823,4.67540948267082,3.4165008379703217,Politics
3.0268084930350874,3.9184508877784032,6.684426782495736,4.781625727179874,4.462052634899347,3.475447983714851,3.6154170495597366,2.5165227734905935,5.795035983786627,4.268910871200571,4.181949189683136,4.203847533123793,6.090149465163024,4.299500509436111,3.807467157954705,5.799111539492014,3.870344889649989,2.3084158962625123,2.472993546092588,3.8082901913716576,4.291638708049767,4.821945543912399,3.0816977690308467,3.774741317846404,3.190349949805019,5.113714057498628,5.282419602683313,5.95826211894853,4.351535014272432,5.8652959926304025,3.307097481901435,4.215941824733736,2.939180855464114,4.573334074746276,4.284743605245501,1.5461532239689038,5.109607056884781,4.855350024607581,3.444358336815079,4.281217857816358,2.5062582589236078,3.229779494356836,5.66907943022468,2.84565351479835,4.009546317565054,2.603638998424099,4.33794522012154,4.5627451053062575,4.724130216460479,4.467984003622699,Politics
5.426835540230632,3.445971729545861,2.9417255022414395,3.4128272788434657,2.653769183637614,4.078779692194318,3.860378352747502,4.4775373419965465,2.3837585274349538,3.986987625341094,5.2144808653157995,4.572229445444631,2.10446412426321,3.9882910435188546,3.2672250395476508,4.0128618854076095,3.6193468277644394,5.739296409089375,4.085713182722079,4.316758714493771,3.955936391030705,4.474450615950858,3.783114664155089,4.773517812669262,3.608074517183097,5.376453373327491,4.496447096647201,3.8474427170232346,4.842091831088588,4.49303004754904,4.827315151194826,4.085743878746577,3.7588122322546718,4.13527618247322,3.4996233914482184,4.979328644528938,5.469186814434053,4.579037518252638,5.418157610166464,5.126864546109264,3.731748253628156,4.835792500370759,2.717034105546859,4.186068779668153,2.817645643021107,3.8903440957590303,2.5603052038478324,5.09430405270605,3.605115867336208,4.906322553365985,Politics
3.9244793706349035,2.1557952525764867,3.5158378824500733,3.4692883423912972,3.985222502292626,5.508035229317278,5.673616756001457,3.7687678421389137,2.739721274748884,3.255891234313949,4.479609168878054,3.891757536762267,2.4246775533585065,3.4964074099756397,5.3115739222497815,4.292255957434859,4.0472914185605875,3.6112060648639486,3.5400423590667733,4.543960568878429,4.1420607059782855,4.7710161909072974,4.546647278840062,4.019720121591244,4.384209800878995,3.4074675199310356,3.9518313689613054,5.340950422410291,4.010710027679031,3.7828094498010403,4.2104844293735875,2.8344296647200835,4.220848284804744,5.69604401613812,3.1913856457805325,4.267055150265936,3.9765057590888673,3.9509126052634884,3.9328722506662084,4.714308883770651,2.901878658979385,4.688673756574392,4.069134462916734,2.2372773601433913,4.379838247296991,4.113919890060001,3.1282462022418596,4.1605716087681195,2.683735179898557,3.3152962438046356,Politics
4.036975666915614,2.314382562682031,2.8486149218712153,2.9981184407378247,4.079172483050308,4.441339085144167,3.107197544263369,3.051069016898892,4.1381121100411455,4.111149899184796,3.2997612620961303,5.828720322607493,4.184391175082412,3.829834922645974,3.613909537137815,5.008831954014576,4.545044395632774,2.262355529947026,3.3041888427592676,3.5532137915112485,3.9880488488922063,4.62713491135547,2.9298480130431996,3.920592519891655,5.69926658385819,4.029060402297942,3.305704569792264,2.66578820458128,3.5130978745614696,2.921251697973794,3.6053999229317606,4.542183638277612,4.036959023648688,3.519984750577778,2.2093170741786192,4.831995006898726,3.6475179534115494,4.107986710638931,3.0882643211888183,3.5910436427801913,3.42008461053829,2.6660811897286605,3.0920354779780346,3.985292651729207,4.2985725186823105,3.316066343469704,2.797300793005453,3.6435619531144465,4.779629221633762,3.060847431397672,Politics
4.012882126860826,3.3395605852299783,5.128510490895033,3.493394209374338,4.662006098574228,5.015068496669372,5.541480641406663,2.646687860581368,2.6018896805603458,5.165219462954093,5.001483972106681,3.383072537580425,0.7630063069031308,4.0808871192097875,2.48250224246956,3.1723005227035364,4.181192447706572,4.3156433077323655,5.581314715943784,3.6272634414252387,3.0236974071992573,4.917291979072182,4.377070562857418,3.636868066525442,4.0317604942734135,3.621966329035035,4.6920361946838565,5.6879394895033055,3.2745098845384466,4.420891331489138,2.4702434720314335,2.927440168528187,4.562557552469593,3.9295991479385197,2.890833543085157,4.008761535774271,4.878913014439294,2.5530731824321538,5.746536496711419,4.573028051117637,4.592963417915121,3.998654745126647,5.747128232177884,4.962322908804746,3.6324239980657462,4.757389677269268,3.266859471067311,3.719751678073349,5.466633736103557,4.387583403502242,Politics
4.6615236271455815,5.169625087904732,4.548223237485323,3.1888216503974594,5.661281289431505,4.5161473096132525,4.586797077029454,4.055875844885628,5.1107604792208345,5.91495630755641,3.6246569077690065,5.065415025474612,4.034372702122319,2.00189262527706,2.5959449929606153,4.424291406642728,5.0103548244481395,4.609075455888615,4.769098565471211,6.589605672093345,4.528383489039707,3.7350777517389284,3.8733554457164288,5.635001733914644,2.730810988015376,5.237959556641637,4.016167744486989,3.168420591607601,2.5498509074011597,5.480593676692285,3.1426378884658495,4.062361964269939,3.025249830148998,5.965859892778738,4.098173025631042,2.6536208813700535,3.57118444671221,5.393135224476298,3.0231684583325173,3.6385687304671337,5.1871523174314955,4.3422908729851395,2.780542102854841,4.2233522242527926,3.8472499176453376,4.052414882820831,4.946557749407955,4.24058526182648,3.9072175451605173,3.8580901490630897,Politics
5.076804121561936,3.2796541672962025,1.8320925775182237,3.774705010811611,4.378263940112657,3.5836381144816105,3.474652798029643,3.6357523321914256,3.9754443290749246,2.701706603123349,4.661383087773892,1.3376643632179919,4.540007019488232,4.313299989900754,4.4970258291018705,2.0715732602129284,4.292829751584787,3.457499097837635,5.602190377795731,4.361720777300083,2.823271317076486,2.3094933999383462,3.385228885855234,4.81156132469017,5.152455658704845,4.181397736891097,4.080031088837897,3.667954363722707,3.9786447118961332,5.215723919283266,3.6533775783465345,4.65880092512234,3.471581640962085,5.013274334527695,4.578722971243779,4.972119455616264,5.882118896723646,1.4180138602496486,4.753770495259799,4.469126953303527,4.447497822831128,4.240590804914006,4.239882242803785,4.3363665130257925,4.905994842915937,4.826295886233616,3.9750414146540964,3.812523511842246,4.020153545580703,3.5871240069799954,Politics
5.780234650554455,2.729236166801296,4.749789878393729,4.743840389041488,3.4696084088919714,4.2960507154125205,5.262959462330393,3.6699742672719724,5.311934849363757,5.11823525457482,3.290139896923409,2.891939173549839,4.165432217868213,2.7597016935123286,1.0952982261634214,3.510587708088424,6.174252279021623,3.5528436158413075,4.379503166894569,4.699989895620301,3.958824140219586,3.666376860445852,5.2287165695315,4.0399163112019565,3.9086140994928167,4.797492686883507,2.970437488093863,2.736887667861534,2.3750944968260432,4.568012460072078,3.836337387129589,4.826357836354474,4.050910850783974,2.6290428184276666,3.6443868081407613,4.896795880351179,3.7378299830224626,5.186814594152853,3.5464304404357523,4.719357823654642,2.2174100859932233,3.7735536441832305,3.6129313933308294,2.6021299844500243,5.111920677126379,3.35993408275661,3.2567216618951544,5.301299424780931,4.161449643695715,4.779801539221435,Politics
2.297294354000525,3.201458178749025,6.086388959284905,4.854047335983479,2.9266661633939806,4.225030540695025,3.0043496124805387,5.393835455049405,1.7302522945783307,4.275297350593466,4.260281473090201,2.8873704625014405,3.726848128339564,4.375543372665568,2.2218743661974383,2.720443319988702,3.844893117372711,3.1669396294880134,3.5368701359514967,3.9799238015082583,3.0895403692149377,3.9734233605371165,4.297998013247789,4.778868185680036,2.7541722151921713,3.3715961307697593,4.58854197368941,2.5179104912292187,4.106190038465314,4.028097840321431,1.4131615056949625,3.505654283586363,4.330781930609166,3.788148791897993,3.5257171458951695,4.1561730331701305,4.9888953176633075,4.537589024495032,3.2441467858418243,2.541010119697938,4.51946705847542,2.8222614804126076,3.4719657500468237,4.2009448777311444,5.14652630478163,5.28581358407371,4.060685505679058,3.4905081872263963,2.799358309351029,5.95863011964104,Politics
3.710114093025275,4.67782865524612,4.196780183444863,3.504397817617758,3.4620439845425834,2.6168750022868124,5.122425313425666,3.8794693556956603,5.429573361375338,3.5512324999756926,3.701979496340498,2.8667359709643128,3.6885594506635146,2.7598809826003445,4.4026614558461965,4.107809211791231,5.474875962631614,2.5422441849187543,5.216001896726973,3.0215561468411694,4.3442316047373,2.8545614527702,4.202773646954371,1.4894037449010171,3.329418451339335,4.106099088457807,5.7554466184618205,1.8719852870711473,3.9977221591312335,3.481255473168482,2.0839473598637688,2.8751716090241883,3.5288893737961375,4.467076786943275,4.087898361690872,2.6875160528671227,2.165964854623697,4.417648814233181,3.8047326496882516,5.611424552423751,3.6474439738397013,5.143230896696307,4.543838086921714,4.821607085528585,4.43241247520627,4.454331920724391,1.7081426547757723,3.763087398555914,3.3363817205700235,5.270653836542879,Politics
2.998325377821332,3.719719584722967,4.800865722636742,4.300965392307362,4.167307489256608,5.109196721172587,4.260083146974469,3.455065713095923,2.703730643682476,4.486701744542983,3.229895738242383,3.7588612859294774,5.078357191949884,3.77872636018472,3.5557660384351744,3.720385216592208,3.7473745307562005,3.0088013554825737,5.677358131843347,3.450681027869095,4.784387459377227,2.9815408457703407,4.549526488680531,4.169355704192262,4.025032072608355,4.174936668874733,4.41595937546438,3.7730976627396324,3.822974277566069,4.577436484012806,2.858045646934149,2.7037010300633586,4.178946054356491,1.9902245482049694,2.3171603953524667,5.805246662627297,5.5493958980854785,3.4292375403898157,4.999179167813738,5.033799894041749,4.471091175594617,3.9210746894406707,4.62644817110255,4.797988368100363,4.642109207267707,2.4506656097006587,6.03306765086084,6.403327668978301,2.090805381701962,4.510966776620081,Politics
6.045722269285987,5.0022818023225755,5.012932794138331,2.56148184745531,4.791094751967693,4.239196697999952,4.779851745046262,2.9644732487444436,2.9285092015571017,3.8574413125625275,3.620813395063615,3.8425627910498736,3.5204686039604405,3.798983009988851,3.3339020860335262,3.951724188571869,2.576436738963771,4.514105300828694,4.260543566457884,2.7381715942569724,5.326358729083182,3.1731502691598794,5.188951175084618,4.3294243938360015,5.0005628783232146,4.176189318642205,4.566837828787692,4.989603987493465,5.907189761515654,5.074625341681848,4.448228713977511,2.651487230256434,1.58416569430621,3.8695894175946695,3.2855184950573078,3.322276126588137,3.9175681038674166,4.662793912340326,3.3791042032996312,4.895192167546512,4.033493387140324,4.037612354567568,5.874996445935752,4.178109624704111,3.9458578328728873,4.523902006545402,5.797144801838193,3.953256265836136,4.439758029517953,3.8917137616707445,Politics
3.8969594183094447,3.509907531172528,3.4399161117783104,5.696057753578702,3.4461669767014937,2.4593590308894555,4.125406782941272,5.017817286474413,5.242516123807333,2.805534750656085,5.112756301077419,6.058938845298274,3.3158455637026405,3.8259343393532603,2.7684445346727315,5.853699543430686,2.507613543183077,3.6002117791491606,4.784688592032251,3.3159870094388673,3.0108839082384415,3.94775914085969,6.390156142731486,3.743999412702489,3.7929279689810134,2.8844406281442163,4.385095497248661,4.8837234028215395,3.393695886744166,4.535731609326764,3.401471958456403,2.106278571667689,4.457364632185083,6.074383013419702,2.804103642950873,4.179379835371785,5.3097551496028546,3.8980141745989947,2.5731659055034948,4.044958196480147,5.490359981528984,3.493465507161639,4.232242855048127,2.946472329786536,3.9005270262121154,4.386691539443934,4.1258528036871205,3.5685026197534637,4.442992706116191,4.669497557055001,Politics
4.735598995316823,3.7070713649209814,3.3789909466111236,5.963119011648452,4.13762416119919,3.742512687397802,2.522917964349568,3.0675194230806637,3.3576817901302913,4.439413517119281,3.6437727419077897,4.01519729634866,2.566750103772814,5.4044288391158855,3.262509998385837,4.23512253120708,3.469439962364329,3.6818678867465864,3.205954318389901,4.2963032475577325,3.019657783847611,4.314254714022968,3.881174504860953,4.6300198195293065,4.728681458747275,3.682419689144809,4.366031402242053,3.5517178114644485,5.316077757112741,3.6410198062034804,3.7982229275227635,3.531190602023764,3.266923710491973,6.033697892727265,4.486411602281719,4.06808716800334,3.5237790654923318,5.113111760269593,3.4543593599877367,4.120779190780027,6.2029515517078195,3.042747065652402,4.53957445444917,4.288545178904963,4.5281592620972155,3.7150964025152207,3.4077442495136343,4.226492958627502,3.54397070976524,1.6683620226287723,Politics
3.175534012209223,3.6833330008721514,2.9221508461948664,4.150986816492019,3.242403823138398,3.956561102582117,6.16787268644344,5.227002573628148,4.59149194050311,5.809228901306866,3.9274140784071885,3.9375921818789785,2.94440373363794,5.278155170335736,5.956992599070562,4.90740965194817,5.423386092648631,1.2626629437869186,6.339696348580928,3.895656803723973,6.355968140938627,5.731650434042881,4.772425411087228,3.656964694985704,4.158239126879053,2.0899754382061957,4.930799410790305,1.4449949347142255,3.701311126117337,5.543237403813956,4.720724878451629,2.470085238858527,2.6596945026749603,3.4025643578782248,4.078375783603648,4.876550824511151,4.604138107494173,2.9412457902965476,4.618732937435207,4.7253370144771,4.488520169975367,6.47818464765586,4.726318959263239,4.967822965941216,5.8758583572737635,4.850117103049483,3.448944321177375,5.242702871261137,3.598605790179573,3.0173916558648304,Politics
3.1030224124660846,5.2313489462597484,4.620245772727285,5.060836058568219,4.6250908336340695,4.188847292856535,4.318011492667513,4.5910784765063415,3.397510062053205,2.7096998232197405,3.5148849365163586,4.54412335039959,3.3521627181256926,6.129616646867412,4.441263216693288,4.119487489910392,3.3936626841747133,4.915737012009112,2.788057773723149,4.3157714378321135,3.5644703200728367,4.120929642749688,4.4862731924090635,2.854337677017435,2.3290679873471243,3.06834721491267,4.8792417420572525,4.3731333914747825,3.5970986734478827,5.9681471003184186,5.285098363864499,5.043461984944763,3.2757946092345502,5.032347620167265,4.340708154095909,3.2777351049350383,3.8958993178527987,2.9615653286939763,3.286515396226626,2.8558242587889526,4.956554129851743,3.929074179112505,3.0584011616514655,4.51737432928378,4.001503316404585,5.050505481266722,4.1333367089299955,2.5628123088014445,3.5032563373340033,2.842805114045385,Politics
4.563007904596785,5.084460836801576,2.456018693521201,3.875503946291902,5.152750891088264,2.4408972256623365,3.5649841759301424,3.999770301290567,5.067443584711766,4.544689232291387,4.749034797877271,4.602459980862494,3.626868506317619,5.643407137747976,3.329090791678993,1.2215893040406187,2.1994589445321937,3.8831090857784862,3.6684552514279987,3.463635475247756,4.1502043788363405,5.200427937180651,4.454028169621316,4.648550203574863,2.920212422759884,3.480550810748912,4.700355728457069,4.108012059951181,4.477062131555294,4.613723879346649,4.166190071031193,5.581906176655665,3.468463945125555,3.1809083948863552,2.235031196535525,4.748603291000599,3.4299457384688576,5.266005919496249,4.247952446175178,3.661167136028756,2.9453621840715476,4.846511587141021,3.9461125724556703,4.267802236358015,4.604441337891376,4.265752967314192,3.1501816231984328,4.521268034681237,4.820200741775695,4.360229036183135,Politics
4.63234837351787,4.725544313224667,3.6039371464037036,3.5664427123620337,6.226786967524458,5.3257599633343755,3.9517941128374985,4.6828289557952605,3.062315169160416,3.4011187375647602,2.7530903483970635,4.285661381599773,4.297365168209256,5.083826105335109,3.7879660656764447,5.066587906107214,4.652913328325206,6.459231205217613,5.667115974866535,5.492156727740224,4.835682616672231,3.105774611333885,4.292794017431793,6.2475552237713705,4.506954741379203,3.178221436437728,4.335969467901319,3.010395165925192,3.1438058013132073,4.412899262087856,4.739545924547395,3.202078029892667,3.4404435317778255,2.5736249088318184,3.870705989463994,2.0539726811391477,3.7008549983417183,4.07957702062961,2.244210615993982,2.992742082961413,3.9399083223403113,3.803423012949583,3.8496370724914604,4.288012896170059,2.3283170865644682,4.7086600672753995,3.6812725766379493,3.403802697912308,2.135144528309395,3.7324228318324217,Politics
4.512030256578305,4.141572135432568,4.170812854267491,3.660956335919771,3.939451478127402,2.892538671883532,3.995233961307011,3.508898481323066,2.8752007986259516,4.75471923928546,2.4249999048080113,4.52428559884577,4.58714814253641,3.4727611699161898,5.030408964204529,3.4516598879149885,3.3888439784873,2.7996447604745143,3.9915565514575384,3.0413422565815136,3.208353757118161,3.9346257919098644,3.97649261803753,5.255933631783566,4.93103285201036,4.5509922413679345,3.853450382959074,3.5959840458204226,3.973407476660723,3.4437176433354795,3.2990697953242987,3.921206852568483,3.1216164058785845,3.183074567560726,4.954874088964724,2.6203209080425784,2.9602223951286852,5.273273826519999,3.6078607903632633,5.376026012739777,2.8326348791749565,4.073782170752833,4.771827216398696,3.0940284651651195,5.67433281571246,3.6096502170287463,4.509089950960739,3.3219453874154965,5.4916138497725875,4.303359710285986,Politics
6.097279900627275,5.179072011284753,4.83703289369244,3.044882957270714,4.083854113950356,3.683322682753429,4.026227258439208,4.147720778001826,3.099302530101343,3.8434375396598877,3.9036111690043205,2.9897715911128486,4.800417183302193,4.222485213276347,4.813253209918128,4.4872185402851,2.2863745111214726,3.1666948440807516,5.65321131496856,4.785089100753259,2.3783607648186056,4.470011032528487,3.1680850787192645,1.9035105117496363,5.657209001881983,4.075325817946911,4.216978380980379,2.743228882494644,2.8468625036688118,2.408362804600009,5.416976081693596,2.3566713556627543,5.6167849683207605,3.0132362451666204,2.772120746560174,3.944627663026882,3.3157906283173366,4.097295538406076,3.1228434726065197,3.686517250287567,3.241606826210665,4.861225723466313,4.512622991390475,4.247719221439036,5.053547422901172,4.263179524321323,4.178799421929552,3.880046274815358,3.2837518518010915,3.2859576445638683,Politics
4.147120840845576,5.017906792301055,4.570363743969944,4.564618161770552,2.893843870763427,4.522831862566667,3.6007925409492496,4.175736626587503,4.552014869828726,2.8437928001462387,4.1574037154897905,4.236262333666762,4.998634763526669,3.4831245400295923,3.9387856721631453,4.169964282036117,3.4832140693639824,3.464952245501318,3.426357440043442,3.8722769670079584,5.7470872185846105,3.9079245738875006,4.48753999326079,4.031592885976245,3.69247356486334,3.9758022979675935,4.769345610310111,3.9465325642612066,3.8390654706712453,3.7652266335551428,3.0065198596987246,5.040090157189104,3.553063929133633,5.469409529683266,4.244705997389521,5.405885389179149,3.8000573097758754,3.266822424074334,5.043227688893244,3.438985783912214,5.285536818680326,4.578713749836536,5.4644625122377635,3.0235282015489013,4.956510881287226,3.2572528319497978,1.603575049722441,4.895916698232607,3.993598063503897,4.962414054170193,Politics
4.092012991350999,4.021475215762485,5.497703468671258,4.118293554368459,3.5244997657222465,3.911624884307707,4.157638553425497,1.1553468795675457,4.491105163137718,5.358904534462064,3.9510112117914833,3.5792423412539036,4.387767518669391,5.743547390939692,4.4691948621363835,4.214373647649908,3.6094207513286856,2.930503595280128,4.023407582940699,4.041576760620142,2.067902733613744,3.2732163538924737,5.158861261760819,3.7419304235533772,1.5441742682360569,5.601175347404544,3.108490922336081,3.5297327045928113,5.062254121768557,3.2579265503677366,2.0300394318136314,4.2175655299643955,4.79684215474668,3.530889401844859,3.877156186708256,2.820203758458592,3.0045364184742165,3.678322700103112,4.648612229063066,4.0977747429964655,5.0200492990985595,5.653610975097935,4.886572170147981,2.4100365580859817,3.716221964232204,4.876995651271576,3.8804550543093743,2.3806591308104097,3.448021078869168,1.727548282902407,Politics
3.7225043756223513,3.315078725504037,3.639354078971981,5.181475171410803,2.6685986436603386,3.2817841687817166,2.8582375724840565,5.071336079541278,5.131237220005009,4.360075265877572,4.308289602638193,2.7996617745062835,4.199188986811674,2.8780895864814635,4.041193954186277,3.6566514989008208,3.405833117019929,4.0283023590599765,4.677261900818642,5.775456918100043,4.550984937644889,6.277989805104553,4.200925037023552,5.783887329918824,4.4355840876609465,4.239789581761603,3.8317720046249377,4.299100957702107,4.431578498923164,2.5825472061473818,4.700054053827489,2.5160061873364983,4.701171353673166,4.598953431116956,5.421247525758152,3.1378975120792063,3.0128974019409913,5.107258549931238,2.9251607427134902,2.826766692048545,4.208617909402607,3.953308457042008,4.1553553355335655,4.537726701048498,4.54331030797529,3.9221271396966,4.048153286523616,3.9330147310404286,4.03527435814767,2.612551095994852,Politics
4.756389960080245,5.049033378988638,4.6374292216692865,4.560503235833617,3.009398849550635,2.584742075000813,4.830892777654481,4.0285684394689465,4.169532383128002,4.21449161954742,4.257052765897236,4.6465407345217375,3.9045717284203265,2.094906524827733,4.688405514248879,4.577546626413355,2.705355437869234,2.8339532567146812,4.882991273269362,5.119073621927716,1.3363593688397617,4.440843059879481,3.7793536495633977,4.074164232079446,4.131277798757069,3.2378572730623763,4.652670268502365,3.311850561293686,4.747012807466732,4.9690291538551215,3.127841016287111,3.152280637890831,4.113655536086407,5.503656606376169,3.407290975848317,3.5968035352431067,4.321072142204519,4.656780422562872,4.526967331029005,4.032293618677986,3.694481025289451,4.331822806652545,0.7994300734360542,5.869253831068084,3.814194082609018,4.182297747862005,6.099379811182884,3.2586891056903142,6.332117701610185,4.739661090954028,Politics
4.446539969482513,4.64389869484115,3.158515007646397,2.351043314339127,2.8195363181654107,5.08741647395882,3.0644284698555437,2.3459016327436597,3.9206833582451175,4.574702330820446,4.038651284869427,4.606387030282596,5.155013377560438,4.571278582472106,3.8459471922322845,3.45568232835345,4.7708046152647805,4.275314333005066,3.1392334830052118,5.302182206487642,4.262163150483655,4.6529134763401085,3.6079814653348112,5.130715114553028,2.4146417313283948,5.675497496010796,2.0611605398115427,2.6233781344374476,4.251830237846356,3.469243867194623,3.6716681027313074,3.4689096191640285,3.216924611011576,4.316977454382877,3.9514382412346065,4.884834005858587,4.0801718322900475,3.5831843596885316,4.774468188796533,2.167762429394278,1.4182608223656414,2.4121778583469524,3.656478229894939,4.391468118180546,1.3288213170589467,3.9883897881587864,3.645422197924636,4.1369621105393435,2.092418002246027,6.615266657292114,Politics
4.032507026776316,2.78282124450243,4.12944129076333,5.494840126394109,2.7133506061780626,2.5051973734399176,3.881960126972402,3.9672971904731873,4.709404817141607,5.475292849318349,4.780000832064023,2.6123131504217616,2.9289581646144587,3.2016993503692746,4.777675471457298,4.606706100055349,5.261536984217209,4.558113540119047,3.3725288495512435,3.803199322664711,2.5385782534053254,4.628144220382255,3.3739401540794867,5.224298284856246,4.600296980154035,5.937999526249113,4.419795910081718,4.401073250253323,3.8174817065450863,3.6154241975782138,3.741348158813735,4.999148024742264,2.651389533817838,4.063327202669896,2.333668627088633,4.372975148894301,3.5414703842774653,4.503621965501035,3.257501850335162,3.743021576665927,4.632356114883078,4.125881278055721,5.542793335951219,3.518453868949363,3.4320123109297933,5.236791810103628,3.632813467042826,3.586781729715293,4.3831015063394965,3.836146139836757,Politics
7.688454673880887,7.307004267302332,9.362324949014686,7.849356603891541,7.437851610618828,7.70311641426407,8.354921498753137,9.46128401973745,7.83088085441365,7.137205706633919,9.918869254267175,8.135550964409259,7.894072613478958,8.071834597907964,6.7545400156491775,7.954594333830923,8.759607967625424,9.220120252705625,7.641789502802333,8.18795341951623,9.23797374544544,8.037528848547785,8.719474731119641,8.424311272637848,7.335724121212329,7.083865416108422,9.059321235283665,5.325367453841577,7.331377137436093,6.604699530912088,9.060793886994812,9.364781472526078,7.275667387421794,10.764903143154465,9.377216542369514,8.197155306036528,9.499989514241165,7.358271706842394,7.723409266327166,8.463210409429127,7.30794832598393,6.715689648901777,7.062008057170392,7.803316369017421,8.469315344754726,7.66210953405389,6.360157575923013,8.470320510584216,9.273374140279024,7.340055209849019,Technology
9.662790594176675,8.868873142169758,6.94584194053453,7.352090563740758,7.6870200465771985,7.8147232741294275,5.561620382248905,7.246840628445638,7.4463656713543855,9.890559905361062,8.226925626375078,7.201984619739267,7.561469281997333,8.42508755211524,7.622046164770987,7.4146538108946745,7.446791494964973,8.479730374374997,6.618284981983161,6.913100590721088,7.072355129522582,6.89590621580302,7.176366122145277,8.896862218191568,9.036355880740219,8.271707052723075,8.21481277624313,7.330018061199969,5.918906868873069,8.143851633246348,8.297736454766117,7.326324912383319,6.923928132055032,6.726584418149746,8.167635705965587,8.081904165000637,9.19455631950518,7.194556939909342,7.712065008767903,8.01720059235104,7.450140921620542,8.839015910957693,9.238146094028542,6.894432914620056,7.541916819589441,9.32455496212556,8.323163968759628,8.11721179981622,8.341240366034706,8.655889442955585,Technology
8.389163796762249,8.213595012570465,8.00957505221613,9.348224306920779,7.733715941787299,8.001237017602028,9.551993532174416,8.325726514597807,7.933414259661206,8.630746686655522,8.227289540906556,7.26088477707021,8.245101624714817,7.191232697674206,9.826772342601297,8.238776949952014,7.061792589595813,7.607369138302907,8.759578250651709,6.908870965743011,10.720464346152433,6.544747156327655,8.925654880851383,7.513390795498545,7.191133698478417,8.537731990918287,7.5460429047046,9.591552850794859,6.598708125004699,8.562278475042072,7.724777483084731,8.296278888139792,8.514094831465469,6.268381478151072,8.23400706641833,9.089053394382036,8.466387129620085,7.631229501115376,6.586195154786361,8.507950378983187,9.87610717539531,8.66186901890259,9.157718917129358,8.933016739439527,7.60692113539256,8.090487996530829,8.86852319349702,6.4202798496008455,8.651743049175339,9.258917821675618,Technology
7.94864073573318,8.814019785568526,7.445628306386509,8.038234322846492,7.7268876577121235,8.459812691166793,7.895474391264922,6.323820609052583,7.28187255994111,9.94250859235749,8.56753518275847,5.9020785161412,9.207818751884238,6.847178644111693,8.8933748097275,9.292234174552267,8.101690023754449,7.003107110941668,7.284836193447615,8.629258139296336,6.864515665040991,7.418106851024303,8.512893981889295,7.348825269902531,9.420781382437317,6.961920561201896,4.711843268742385,7.221779232185998,8.310123413089526,8.863329912201506,7.5916113994646635,7.7227698306731725,7.969113611189961,9.741912243596984,8.378758952744642,7.507226837451459,10.0517650982022,8.011208238384341,5.924683230693569,6.613173239334875,8.558236741638742,6.222772775362497,8.498051084612678,7.220032038943875,9.177716132005727,8.16751286654443,6.3629775908045705,8.914223045994502,9.3635975518343,6.723166690323926,Technology
7.1972113188818785,8.50238418262629,8.681714894868252,10.353245638665562,8.89090855321155,10.400784056301154,8.019410973932356,8.383626667660016,7.431871198821427,7.477397075424935,8.147100330582415,7.417495833589364,5.435913868243111,7.333199318617847,9.076694125400195,8.072809020223298,8.078409480886787,7.236555071094296,8.332950344725713,9.65865827244119,9.400706375037508,8.365868910103414,7.146275956041011,9.767198063038075,9.059242691261616,6.519155973015779,6.243205797589919,6.574568550260249,7.506331678447494,8.901782820121971,8.877951467378603,8.340719845181297,7.859545920810799,10.371308044014583,8.033988037807214,7.913014666152153,7.492421427111469,10.211993307745713,8.720899910211434,6.965511996482115,6.847036861298434,6.319962629968574,7.903230374400241,6.5015228667171225,6.8323972042975765,9.068341348394016,8.89099631303137,9.491401978818313,6.529679727547663,6.997679866503485,Technology
7.371435387002139,9.640084957693345,8.062882118448025,9.822025458463344,8.627444212557602,7.887578636449791,8.573837941357063,6.270618993941367,5.9457625110917345,8.259257710655676,8.014402043708515,9.93361753461255,6.621050272454875,8.372452452047519,8.69527856641855,8.342812777293393,9.098946004911102,7.36762775603394,8.832231638918445,8.561525110820506,9.165854257784208,7.488836429583583,6.8137966524481985,7.371443769939759,6.936941703570008,7.435022016376033,7.665716691686461,7.088608537137152,8.007773578798602,6.820982909083108,7.926799576716888,7.504777756290163,7.878768973872809,8.3933579734332,7.581768931896185,7.222037429011764,7.345471429334773,9.02312327607007,9.276315028176073,7.4851010071200434,7.845466873635485,6.29560133201537,7.818059389232084,6.548444500718871,7.511662553319984,9.077372413929222,6.498100371139193,7.097989239478171,7.102902573056626,6.331146564808914,Technology
8.862705477254947,8.277238033801074,9.808854215041457,7.004681600662365,6.227848627813729,8.94131881880201,7.63916217536831,7.533375922450441,9.478026409548901,8.169762362447004,8.904195814076248,7.377352648322259,7.274855350729515,7.634626816212996,8.670366608032865,8.050900088789948,8.46796097489991,5.396767477504328,6.118031673407468,5.846320767631429,7.620706145714004,6.602340125473781,9.689654763516982,7.978615033679174,8.216688452902343,6.9102078836061,6.879011909239835,9.551238636876176,9.782412324594716,8.415822012491502,5.9682521630691205,7.574521869376215,8.313267486492348,7.772033729946208,5.879833909409186,9.849515576042121,7.164506046955147,6.658850872650888,7.9691238040181185,9.184253464560506,8.513016457878715,6.684359346821575,6.5194063911148366,5.808421269547589,7.708395388679324,7.526909065606796,8.513870604646476,7.314489757220652,8.97370749435613,8.654684188625785,Technology
7.271118354496114,8.39117459457278,9.32897209124649,7.039294050088174,7.786672128313933,7.767211807723037,7.642284962861622,8.801896309751518,8.881082578627463,8.406673191149022,8.35893510746936,7.437791577951672,8.330527959012313,6.7148303558284805,10.478542012033888,9.350266395664748,8.9565367094814,8.40833737890665,8.40918201682878,6.309878792385369,6.74138846690276,6.866030258239216,8.058350712699333,7.7184791418624386,8.81132835252721,7.034452313520133,9.026613389680286,7.179619715903355,7.582036363025401,8.895444756458685,8.504654586904927,6.748544011239136,9.064060623127045,8.088986299320101,5.857793425803883,7.157318091819853,7.590373477246607,6.830661572692025,9.342712643385248,7.625241151060794,8.460182981145111,8.206587663192474,8.705745380169759,9.673050641565002,8.675700550405328,9.742614176185564,8.702251919230704,8.131531943937809,8.32145610417386,5.374631462325629,Technology
7.544844539551838,7.85641744466969,8.438054302222376,7.974490380645252,8.33387598102802,6.676810055114618,6.418657127756789,6.816867823697749,9.571194440849744,6.732101141970969,7.211394995601544,8.105153478286825,6.408377056507318,7.127655172626828,8.676781796367429,7.561957599843023,9.683486232734603,6.301443931409651,7.654396810085636,7.562221895515228,7.991065845642934,6.773236402554549,7.419522121823197,8.789123430654067,7.730598689120401,6.930272094793228,10.080050259899398,8.049099810667043,8.61334395661852,8.764144312535148,7.929242177215591,7.210256362119316,8.199197675907449,7.299888369848306,8.371568796614694,7.835759660007303,9.029415009673684,6.858499540990099,8.718516923109895,8.613780268430649,7.760976710201774,8.73019554406996,8.418892868422754,8.667151779369048,8.603516110130702,8.050120372343166,7.403795702596268,7.392244790100304,7.7853535795523685,8.843143352312497,Technology
8.6322488819271,9.00598147727317,9.106278220434033,7.783006651751279,9.962421676771704,7.896019951223298,7.50610353825509,8.333332980193997,8.483711970960847,7.258439960595006,7.841347997631887,7.55302857857984,8.14154290769411,8.795859013672978,7.734090723382965,8.57271498853227,6.611152416569576,8.889785824774833,7.546569643075134,7.52873852067841,8.400339893353246,8.45290143156253,7.887692020054145,7.1112012940042675,7.520431072682507,8.095242417208068,8.48984114325452,7.177050915646257,7.359857919154819,8.262943635558624,7.91677207353885,8.14649828309999,5.38555892381609,7.705087732330755,8.853269472492437,7.384125029580039,8.486525577691003,6.791255355554873,6.437214930795545,8.417817579277969,7.945535047873714,7.664113049105668,8.846466416826079,7.688159249073236,7.367380751447421,7.2591799935983214,7.047654819227575,8.466647706575337,7.687901938219333,9.14252094254342,Technology
5.047668330828575,8.922840271527491,8.359629615433393,7.9091758824246385,6.708586733721438,6.340122679493039,8.751090623734687,8.242146607170511,8.223218732068437,7.897529159054843,8.84980763293614,7.414128156365551,7.663594853406807,7.823404407741648,7.786340113936586,9.336572491265791,6.745562061392736,6.045429481897145,6.5459737632637545,8.683650951191431,7.899225376480882,6.401279462869419,8.099665030349419,7.676014623533762,8.559494596187452,8.794266403444796,10.51815895501552,6.817849179865533,6.137239840601303,8.58911754358612,8.986712637023462,6.724305615045656,6.725271180701954,8.34436628701029,9.714482819100292,7.123391249910032,8.08706679534574,6.1008552732518275,7.801414458930268,7.886352250681946,9.467540445404174,7.293322206261024,8.686410393825525,7.22823810081888,8.090332261171163,10.077321187365058,9.793101429321641,9.96056793822373,8.397572207961398,7.78973753641113,Technology
8.284925681627364,8.466048272506196,8.389314723089315,7.288613459045935,7.2484402170971105,7.403742084863055,9.070315426986568,9.179037126647133,11.183433918275163,8.425645771599148,7.211570873265105,7.521109919508048,7.8424978297429835,9.506248622959621,8.732938817798594,6.653191393335799,7.94315642118454,6.52852346805479,8.592477946954892,7.293192205536198,7.38876591780128,6.121268678674282,8.756818405078958,9.208666715382929,7.307057737511996,7.837985044127008,7.520693071463706,7.781740113590164,7.1803446167840805,6.899748700023014,9.368619712525167,5.360284500041577,8.504114269014796,8.283332224633948,9.653918940690598,7.763614130481625,7.628697091339777,7.191538912933338,8.355563689173433,7.291768440704481,6.87121457306046,7.262916090224943,7.053186834365825,6.9940433074322526,8.085308864641938,7.805463404387789,8.549592693505634,8.14722987638136,6.797278284222646,5.877449227819097,Technology
6.94384153213821,8.763766464006732,8.741109875906371,8.984677519520217,8.837939962946777,9.087145544377814,8.40631638414959,9.802940984264056,8.29365058106355,9.999263817785064,7.373611425284273,7.348060574035221,7.807617449179961,7.962520546186241,7.678755979073159,8.539667877963112,7.89767938331846,7.392824725048601,7.603971780933412,9.217623175083437,8.317165844483375,6.323723108424342,9.510624419336162,8.43350860971092,8.63913079084081,8.929071434444058,8.980732111991786,7.080886408797482,6.929785212242924,10.396401189724168,7.301922250854764,8.378653470104696,9.631464966792908,7.55649404245198,7.639877559669349,8.926464086647794,8.212873872243485,8.495112454765913,7.91957342368539,7.473633856950906,7.66705888889795,9.193975914087995,7.704381210913567,8.42872367238724,7.0311995974122246,10.040279142915153,8.318874810354705,8.33961206362337,8.926278726916388,7.5191042278314475,Technology
9.193748126590254,6.483694982444126,7.385579538176533,7.198772250843727,6.119402191275325,7.471314947857743,7.948048379151703,6.91008148105842,6.765676793705852,8.041075180895417,7.92000848710587,7.734255605001669,6.733868255710048,7.605463032191315,7.333725631007181,8.085878537758253,7.441167707330181,7.961246054121629,6.6891823911919985,6.603153150935431,8.557539998006613,8.765352416287849,7.607275870174233,8.027636127707737,7.550286804584273,9.0972257331197,7.796899032718583,7.501124347130254,8.966298853069784,7.225919693311123,8.156616336506598,6.951530010655144,8.664549619941434,8.815418859544492,6.711306201674999,6.555358208027291,8.288541703513715,9.940818989228656,8.883971072393813,7.787665199414388,7.145698725857498,6.783878440473251,8.717074358614415,8.922774118691034,7.368840604807934,7.753271822289714,8.046956338114704,9.812846458861497,8.065153158543094,7.019048145077957,Technology
6.843357696034362,7.0887757267969915,9.264022009297564,8.513140399078958,7.6545063466616385,5.074703363802154,7.147367861675127,8.343969427108261,8.35216761450331,8.343459073504624,6.652695210838973,8.177001390558555,7.024089506944017,8.001891027502197,7.232225717039016,9.070431936666122,8.337446963990917,7.8567673161032054,9.380377662957429,7.627507487381484,6.584927001286214,9.05587353559767,8.252209858681816,7.68132281864677,7.356254716564665,8.51078354317417,8.8136350443375,7.233285081214125,8.56534020369166,8.250606101168374,7.170580555973861,8.00385843003173,7.453347419306559,9.240338204411609,7.351082727200325,9.508873796129532,8.131411430662363,6.254486946534891,5.826881394852126,7.791392856309097,9.333626187108338,9.23061984443831,8.16631307859359,7.262931430734747,7.582701256200644,8.207349943879926,9.087306483630792,8.569199776663739,8.968284566197323,8.64367465719204,Technology
8.938884906947331,5.738800437343434,7.10744219879486,6.895187212030808,6.800143226238665,8.005570193854027,6.55272059027959,7.056233717799836,7.901294485185652,6.39639121202388,7.513831897583149,8.638843022754214,6.774582487760814,8.79629876122168,7.193826393618377,8.27164923672529,6.893796690935306,8.453359727804727,7.696417215949939,8.466196954705573,7.454800321305866,8.556062023614817,8.846899721314168,8.119725028655818,7.5204582598494145,7.76630522197578,6.735735225216912,8.202918458807746,8.622963275071022,9.566269044495701,9.308310564460529,7.022679654883261,8.212107472526082,7.867013649743624,9.217996222557883,7.290827339441249,8.878080971126225,7.012967634375215,7.894018746103516,7.115488679005558,6.0349592265290095,7.095582770917785,7.742487599368394,9.42616930636663,6.91264829224324,7.394270019056638,6.559650885017226,9.155279103322787,7.539537929452223,7.661633330991269,Technology
7.652265436100117,6.049428892869797,6.533394364338617,7.048217787385317,8.61601671921446,5.500755540281446,8.541306732463363,8.343098437067683,6.185110385462587,7.683027892247077,9.163860444414444,6.929478695425881,7.44802330611126,10.76105596651758,8.32589787530611,7.74200604908128,7.522941378554893,8.37305962169172,8.684908283222166,5.84423848782942,5.766064441710043,7.0019528268578375,7.846156603153338,8.075569264358672,6.296541446328605,7.795216346284427,7.928161101097637,7.15015258999711,7.4655096456112116,7.273499149764992,8.46430030642189,8.006869524110812,6.85771633087476,8.955046749024827,6.6327073701569965,6.28709132560158,7.754849288471764,7.74978037065374,8.072787022158534,6.818678990903382,8.893080465316402,9.714737846881029,7.978351617881213,8.316010410686477,5.884858993751492,7.56511005165256,7.304003505102022,7.141895307603641,7.3424991835376785,7.442284894423418,Technology
6.545067035040925,7.512732035888973,6.95831856729541,8.788333352644171,8.330329699084247,8.331700013297239,8.976786386591852,7.173720871285407,8.269789023911201,9.07021978526761,7.103838944175881,5.9708287452520725,7.30930743078261,8.956520826568548,7.046930290425441,7.5349007968580795,7.2203049287197,7.809646374106627,6.951497707218801,6.516875744383996,7.559153095799683,7.729591212922008,9.116481354420737,8.066262174896313,6.82828491069732,7.268318080807487,8.713492802067258,7.576183704975076,6.906893107564983,8.082329018125364,7.210111827024495,8.478144825537237,8.362966143429034,6.8526197584797535,9.784968555557507,7.877051155407177,5.336224803461368,8.380554757448317,5.401727348381643,9.039830019808008,8.057062423921721,7.853818076578232,7.915350238507951,8.501744345453627,7.434844855433228,7.905108446874067,8.033373168919663,5.034044241855863,8.509303057880867,8.678102625967776,Technology
8.367430603432787,8.296717070424242,9.511452172101832,7.870946100028198,7.905368679797757,7.262850106563896,6.001262080126626,8.372938148027087,7.370810730394825,5.990347631557642,7.839811860886287,7.811859716456688,7.684832327225466,8.050668883081155,6.3540333933962,8.907149317665677,8.348532086999954,9.157770606094283,7.360398148915923,8.345187265073836,6.04634939600733,7.0815848905501255,6.542854173891355,8.174878758806049,6.810564370283243,7.477642269027985,7.911043896053564,7.5075513532975195,6.598844907262489,9.561107295575107,8.03039473578606,9.570100642751962,6.883195873915768,7.539303617873383,8.00208127490585,9.447490915459936,9.563032962198385,7.480932443378873,7.185441653350719,7.909635202148795,9.115401988556998,8.050874000790419,8.233295872611643,9.10612787080837,8.944819198649736,8.98347575265621,8.62204226874831,9.35209666013759,6.784950978943888,10.249262666325244,Technology
9.060359165732802,7.839691650789555,9.109714739261891,7.6525535957470705,8.474825527622048,8.591974871864409,8.862151638187987,7.5403253564878705,8.883383433909106,7.558098156002356,8.730973808253536,7.982121107689224,6.176040215040895,7.263240613223386,8.848122598812033,7.696349563137479,9.213547845807533,6.786707322011148,8.696137678410809,7.952467704960778,7.753214776624127,6.821694329605668,8.2100203440787,6.991103149809206,7.363939097451297,7.859332121588927,7.634274725622864,9.027789818165733,5.409846750831482,7.821624478423884,7.637221395262306,7.991488980902903,7.4557252290593,9.023881134977163,7.742287168339381,8.132946268455518,8.892255811506093,8.052002537854005,6.730790474427498,7.57341566921519,7.875882889148562,6.353437816499948,7.288190717940003,7.931733279522954,10.012203939736587,8.371101960329351,8.15773907308439,9.690627969006272,8.587848090929322,8.728894936385297,Technology
7.593104217668813,6.734525507150712,8.26164755049755,9.822199071288496,9.513032037770794,8.657840799047,7.313395481975011,6.449365985509749,7.177752717749222,8.21771159951343,7.528988825358713,9.00205568456838,6.51081192665492,7.871241435924967,7.233311446769383,8.99128756044458,8.542610972690557,7.168994439643371,8.854209721222443,6.377236548014526,6.213505036641071,7.114829838200878,6.017098954690976,7.88743660012951,7.9192119489355255,7.59449630856276,8.53891569357605,7.276608280618597,6.702364001985114,7.202768236096326,6.7796239907292835,7.38824364120232,8.596017330444516,6.243581769538027,7.660310987532933,8.957618230693951,9.071710470512777,7.317974318630173,10.213223887419304,6.948391381634811,7.771529854097795,6.829712293925822,8.433085890165428,10.801220725090388,9.843741030166619,8.846393767533153,7.392509565109982,7.8320670212836365,9.116046386201141,8.749506269241037,Technology
8.082917389751197,8.141912408853502,9.055700820396321,9.30338027214355,6.499262118281222,8.227029719783491,8.578173229313231,7.467843777302053,9.279020726071556,7.711479263976752,9.306790082331963,7.631657649116503,8.259374670892964,8.23726178276369,9.662626700790986,8.740997033429439,7.542354699163135,7.727745386655653,7.723830759859895,8.018497420339154,7.055448911121732,7.918668431011561,9.368074735378377,9.323650064374869,6.435149362412379,6.276804769408914,7.406868444160427,6.220895321908368,6.736612461325045,8.351208914667142,7.962116971866321,6.279061598980997,9.17003296801372,7.578039011030357,7.481722199645864,9.016555816196785,8.410879281171256,7.957579248174067,7.505412012467241,8.569620785783101,7.567187464005564,7.771632260274022,6.82350427441404,9.142560334271968,9.552595747899755,8.211893221425157,7.5138516916189095,8.935449743620497,8.588650925936253,7.556230436942151,Technology
9.15114337206071,7.575543143994606,6.713872660380648,7.93420809185266,9.084344030328216,8.102768370148441,6.827365321067248,7.596875598074867,9.196315015304336,8.273824500901815,7.981120267346566,7.869586882642742,9.079877190363142,9.01466768974575,6.598821613069899,8.93992815563968,8.516422804216628,9.592985832676025,7.930868503455055,9.135232717789526,8.468932976678019,6.886102351654936,9.020597660630864,8.809421275739652,7.350073584693211,8.289511906565515,10.10775409089115,7.516961132238525,8.726168580554294,6.905120029725419,7.429691144755537,8.810563391433444,8.256681200290162,7.7987624232923105,9.702496561099986,7.078187416477889,7.854020782744689,8.491772516492752,7.128492408329514,8.509230232571056,9.074675447527854,7.885397960915828,7.314740531953309,7.687559859958945,5.32159188979651,9.006123664051852,8.264590332031643,7.823573686452011,6.33320975393089,9.109039325452848,Technology
7.562403320173797,8.565243212433867,7.988606751291651,6.385101581568703,9.268543104803955,9.078583577994433,8.76403357207198,8.31484719175183,6.802521247421824,8.868964085070946,10.204998844121754,8.116135780223354,8.13568830492941,6.898160822697818,5.929600108819175,7.640884404031344,9.481668168799454,9.34375871369378,7.9345917216506185,8.43012929438191,6.781638244125858,8.111226258475952,7.475568857100856,8.054671154289887,7.725346560294963,7.707493860088283,8.996398937733666,9.963922748404826,7.830544345173638,9.418630385886079,6.758435697549212,7.907761397162256,6.703806368185668,7.6876361582207995,8.715698856496823,9.118634125283675,7.221474538804848,8.458066520673217,9.229994347663443,9.087727597748428,8.258957019311465,7.410815762997193,7.311164303879027,7.157350013519224,7.968388544330397,7.176844549820477,8.678039368383788,8.228336700327814,8.183016878359348,6.159524454352705,Technology
8.02777990870216,7.540881687340237,10.166417624121166,6.720052460170036,7.794575418822831,8.38309851332669,7.027287211722298,9.928252686791426,9.94878814452637,7.141582336944251,7.4081918053619,10.146812893784272,9.395270782217178,7.630653273215296,8.431435794109195,6.6132716393220585,10.196738267015572,8.072861552144738,8.585586402547861,7.064954067818638,6.863909205701201,8.451091284982414,9.916299074770125,7.459521560332847,7.020897031516991,8.3051308802283,9.637193034305003,7.36141110583981,7.750107131676845,8.837124331216035,8.94441548201227,7.715556234790105,9.096646233199907,8.528768353534796,8.016191128084934,8.902456418978504,8.764604785778308,6.9529872576936835,9.48351224740275,8.345399465997446,9.375613605590457,8.051793671962983,8.247639331745196,8.398886656807484,8.546849505382745,9.528199416277847,8.46644137984795,7.9720108242191605,9.009533066727474,8.43041898306957,Technology
10.955533100876432,8.291417920845193,9.237664499466076,8.88208213753361,5.95010171876657,7.263211721080842,7.560575588190534,6.5003486158571935,7.6047430738543795,6.628814602018384,6.890835062956134,8.241582209582573,9.919397997115917,6.637789715389117,6.784515567805327,7.467260610274833,7.852823171154799,6.4578663492310895,7.300915058643367,7.208549349345932,8.318362690911485,8.425628713703212,7.847238931312941,7.622235409358479,7.290299825347395,8.051578082018434,7.023914255336459,9.547238004694982,6.502098227411807,7.343696222149558,8.86820145398259,7.60136268618585,8.67197322170212,9.717193842629921,8.833102935287476,6.797974834154871,6.845771768116095,7.812599589964485,8.443047797620492,9.206135559997302,7.215013247402892,7.515095918239962,7.7493498928733455,7.729284275983325,9.495645205078405,7.895952992002927,8.153053160089565,8.911483302456643,9.591087883772742,7.964804119008343,Technology
9.259191361088872,9.82777077059649,7.889660292622043,7.436361535533041,10.187067284768219,9.121082149351285,8.012490746884067,8.649961629708503,6.955023825247308,9.109418819927239,6.199969607168464,9.07064213983987,7.278289131909538,6.346121399967944,5.998625228913692,7.523847420468711,8.711113825774959,6.610108138541261,6.764427410557685,7.505779518481336,8.807553014485574,8.932529485846535,8.139870265702049,8.98336963349091,8.687610735411075,7.583012704233144,8.909512110588869,6.715822513641466,8.486486398210115,6.8339856106242465,8.142800539389002,9.218567700529809,8.213198179915151,7.98742235025766,8.226031099497504,8.663309492084394,10.13400201865857,8.652440670426977,7.497486170967732,7.791347046976882,7.098873383190794,6.760761852489154,5.5675238375873,7.5383979084452,6.595562386133434,8.097053328084865,7.490525248612796,6.914478246676612,5.896494603489863,7.650661212621373,Technology
6.24761596143415,8.706161848285115,8.254897569428326,7.773201589447447,9.450747259655328,8.009826512242189,8.386082158498251,8.687464452190044,7.483117648298532,7.488709223251005,8.041446920139586,6.653474950377185,9.785313845833654,8.160778145308582,7.7990584892347545,10.08552697237257,6.898507435501745,9.536150723738942,8.813293799780993,9.117029488362798,7.824450125399579,8.055865321444326,7.656706681923923,8.99634220813059,8.39173568964366,7.441514839358792,7.487441659704526,7.98518702664143,7.667716557023285,9.441772856258757,8.808215016934733,8.80611192970296,8.233917198473053,7.173494188440645,8.696107553670116,5.901817414705862,8.174055200244034,7.187881067247597,7.110883139563457,7.536665844230882,7.916063144331741,7.976584377867176,8.790238152781122,7.82611521993491,7.89826646466624,6.604387203763441,6.7346118788037,8.287069043712444,8.630668381399122,7.7395281248030985,Technology
8.932957966149372,6.592108079090539,8.398538722797072,7.148222394110551,7.069249831475062,7.23508407591519,7.919234431120948,8.43889692952379,8.362979209015348,7.709517816062477,8.632267342423068,9.68674139335001,7.880588798548961,8.094795773761044,7.3882700216864095,7.608041459232705,9.248347265348947,9.258658218423168,7.798932520929133,8.490251666087742,8.920457287359081,7.553482961248943,6.694091748805498,8.689308949758022,8.896387616129878,8.749278800142266,7.62585117589062,9.523110871409003,8.28426475845346,6.852410431752991,6.40391254056961,7.7028057840451805,8.224811530102562,7.712053816934282,9.993562398839428,8.403983526244733,7.026851263712543,5.729658241801276,8.235014049199826,8.988954089694154,9.863767208629827,7.797588253715566,9.721999104758158,6.641072360781684,7.656091954013911,6.985602545842887,8.792100908750765,6.698922620148178,8.401749624584628,6.7581706285688785,Technology
9.75778155305138,7.6257439624732095,8.37796584915246,6.211227377267645,6.505197784912812,7.226603529484752,8.850518127769224,8.659090486193554,9.085389961099942,6.490269176815579,8.506869373271325,7.44010253223249,7.191895663517674,7.462772335877787,7.8835322059329345,8.661044415967732,9.122805300888878,8.521072128341055,8.633270736220865,9.823049547979606,8.697073091606562,7.78616516850757,8.581104734818073,9.70764590422845,7.129639334696764,7.569063041656663,9.450127749349285,7.709527082569498,8.764289675174453,9.289087256997986,6.744179521027292,7.5915773892095935,9.204689284039352,7.87357340099221,5.981407508056387,7.490030226957882,8.794462454845432,9.27649309960578,8.050845298614805,8.483781608309997,7.630939873797363,8.903184213538326,9.425195557209827,8.768199900254482,7.881833253487266,8.434111065241483,8.952487901137117,8.027701687879183,8.800529016160684,8.37030897756377,Technology
9.419357803012709,8.70013764606265,7.501442603160181,9.404494009881228,8.460055192243818,7.860264061207197,6.645996307007424,8.231378929058168,9.834888894409564,5.27062374991995,5.310286866545775,8.767339352777919,8.236172309397801,8.672383715831364,7.473614071557593,5.858222664700319,7.16801499841432,9.560005301725322,7.548410766472175,7.557071330220402,5.370600006535078,6.195520015354633,9.11016716391363,7.740571945029633,8.991201885655524,7.246300628436958,6.532217962010335,7.739076419114826,7.427046880867202,7.16690982388406,7.192990616715769,7.8650618973686965,7.508431371538126,7.067731672837763,9.804714373283295,8.457955024831898,8.158482754115202,7.933454597965168,8.665614666495518,8.531823433363456,6.965720844903221,6.467729874872534,5.7259154159460035,9.791931111544612,7.554690061447941,8.59205953816833,8.202061268822284,8.912558738328283,7.935462136884299,6.672030930570759,Technology
6.962883180000373,7.64924177899638,6.414729921187371,7.145672622408257,6.801177573136485,7.6713132330501095,7.503967802330171,8.119481752854602,8.854467344356232,7.757384814206825,6.497590160587576,5.951662622190782,8.162317809475498,7.334500468071571,7.842638611136116,8.329541155152203,9.44317701383154,6.2524945131074166,6.987542374547272,7.914765706048902,6.859806414733247,6.510944031984446,9.309577368682223,6.952042959488953,6.690814778843327,6.851850511819136,9.085993795079638,7.304618349951164,6.614383945768851,7.159838099150265,7.9518293381244884,8.891770995606276,8.80776847922615,7.222230994044558,7.468875873662265,10.102884070979089,8.9956845304815,7.7482198090684005,5.704847559853274,7.541171341597848,6.673380637860763,7.137318614218942,7.034668178227031,7.768791837182924,8.069759616567376,7.268419158414687,6.722293689745947,7.821068732716091,7.501721222893842,6.1024608061884,Technology
8.607570942526245,7.271152764047789,7.730547751868926,7.780153630155511,7.984559090506294,8.146043321368946,6.695402232236564,8.312358492548874,7.655866598871199,9.084442988462754,8.814979023985229,9.322762830333504,7.06163455230201,9.28666500119082,8.09407453213116,8.690187775306532,8.674380908454317,8.459054994467422,6.911775894749032,8.955080622082791,8.35167851210147,6.526914563894243,7.516319419463995,6.78691833747591,6.5737927164562056,8.853324244359682,6.520626479438111,6.678881704883862,9.978222966338826,7.552114198350638,8.657660794363808,9.124831534569203,8.774213608510573,8.149572842491478,7.96273592077547,8.537606348847431,7.775337447222246,8.69488692386388,7.741041080530991,7.854463897779272,9.881760123210146,7.519609750680696,8.019241389428077,8.430562726798822,8.494793456980565,8.292862417047806,6.749609838327675,8.162043368283697,8.242828933968326,9.139960270884995,Technology
8.739241527122687,9.205860359584198,6.996794608530025,7.003979611585951,8.328099670832586,9.132851985839626,7.799566077467288,7.259710463140749,6.39853279859385,8.363029265665197,7.887086186111721,7.566053679169422,8.905190036093185,7.913205377122557,8.000886886225167,8.899873722591314,10.190735779361358,7.555537528699105,7.123760225514057,7.010941030420727,8.476824171783694,6.909481012629086,7.626777649283362,7.714720019711115,9.556399090671714,9.192860218430232,6.463284803946778,9.584824257818603,6.783848780640081,8.160291007430056,7.165456413230422,7.611695391390312,7.019591054654448,9.675522520560431,7.859904457153458,8.225589818920463,6.927723782005726,6.584935126732681,7.555855526705701,8.521460068510363,7.878547848583852,8.974539496401587,8.124170890702905,8.006465216112945,8.535112685592514,8.100299531477283,8.944029204735047,8.555210787766594,8.910964921823442,8.716456749140303,Technology
9.360270611420216,8.828934155333574,9.747595539742058,7.458814516092292,8.83478415156644,6.619283220394761,8.947073044794577,8.056444580426778,8.936800590672256,9.679511046914698,8.801096716446436,7.5872543977979525,6.912027928944047,8.536010855332176,7.714062959446596,8.663599094657462,7.493259437151367,7.070522142835219,7.758260186064275,8.500952176418851,8.122198704593492,7.186914275292809,9.800514113293598,7.861257099466903,5.738175833286719,8.932297387564798,7.988896096393225,7.829478025924524,7.8096056933441895,7.815237067638951,9.668976640457176,8.464532135041573,8.26037785903982,7.737260976629253,9.728473826909447,8.842930562909158,8.989054017535347,8.278167971685098,8.999937522390294,8.393184231935448,7.628710762184912,8.369415816249875,10.097085551206828,8.203818333909735,9.270169727560178,9.19137971861387,8.5628696761989,9.656774369522969,5.8270754320412905,6.163622212679266,Technology
9.727826540089715,7.352573942553847,8.111772071931675,9.750578222080769,8.199650231203131,9.68960876802858,7.611760317243342,8.615894334873056,8.058135208059957,9.49063360791391,7.738384813064379,7.035696648535894,7.53238098624312,7.576747375820904,7.352849961413304,7.311276954437967,9.121717275894227,9.407819509489517,8.391927496322548,7.3526704582908655,7.415969490538299,5.927088701716896,8.379685711345308,7.31726978080389,9.471100354010531,6.621886098545301,7.407647567451523,7.90443833072959,8.465229553083486,9.802945662838717,6.629569098805192,7.698062014123663,6.5718309192854925,8.789951590643843,7.353105819359613,7.896696280275807,7.827736461752978,8.116286938349296,7.843729654672053,7.028317963988936,8.084899975381209,7.205612824753985,8.814563202053813,8.057413560720072,6.960257220247959,10.406875666284627,9.658851871958607,10.443472634833954,7.6571046910572065,7.164813925939736,Technology
8.806499163164204,9.10802811100061,8.196727244562224,5.896259700909916,7.018895426811492,8.422504645604063,7.3398266861484425,6.634989756472794,7.742344360182519,4.753361618889919,7.396694412371613,7.573976706790719,8.310396930266235,8.547621150929634,8.377709815907979,8.897248832960095,7.832020838867053,6.544411945437584,8.044194512973343,7.124499413130327,6.643112945812227,8.579016478634722,6.5871171848203725,8.680209528170586,6.707841269377371,7.709454287705856,7.435977268575304,9.136894996913597,8.59433660873699,7.175755047211899,7.842404851971327,9.329412526956242,9.493019604288882,6.6311905635434,9.316196739215343,9.23964792833646,8.178613197432204,7.90923992714062,7.449564348470661,6.74659614443519,8.338943095939277,7.829943291270521,8.434920485278825,8.458810720179322,10.51790179385582,9.196683674339656,8.54691664867015,5.863038316421489,8.392309416887505,9.582267548990778,Technology
7.573039609483487,10.190681004211273,8.543864395834152,8.294554979108193,7.00923017604589,9.503700318435293,7.169373651398144,7.435626357142082,6.118922995215923,8.896153845119251,8.587665158848107,8.01020212755346,8.740244926537155,8.645990041733006,7.634483273681155,7.2151628247068205,6.284727734987287,7.822323658497631,6.691850698729678,8.162668099294708,7.8395826295580795,7.597969206998423,9.046516159348517,7.013635797987302,6.152017528598136,7.774606952942821,7.260056766509827,8.121569161220041,7.0864039495010545,8.420528021870584,7.027119343587331,7.016297676240376,8.616434827870261,7.953548000158694,6.812932692455052,7.0481843335995915,7.627185507846802,6.857038207032199,7.712065043798826,7.747256409505632,7.082935104071545,8.650038334849418,6.979617550763586,9.245668263461576,7.781515831989215,7.340341542750201,8.539365443327272,8.034446258137086,8.759892696726565,5.99894310048904,Technology
8.516851428339406,7.480722957527757,8.037584281157928,7.9118299844444016,9.34661608863767,6.139503633231257,9.614094521807539,8.70644409794361,8.152136457242193,6.566475064921785,6.327932193210132,7.439053295016594,8.63510302410851,7.993997384135146,8.578240133620572,6.536643612443242,8.04439967310771,9.095381375199805,9.451886770315635,6.746032771252451,7.648077626758463,7.659202944562228,7.373635243937901,8.907769998868275,10.871475377360003,6.886285410669233,8.424768073861724,8.295532475166382,8.316983580367753,9.33299723616262,8.373292974212761,5.863701973964598,6.563175411398209,6.933059149252755,7.251433930259706,7.860418176369743,7.785292016701442,6.176602273474189,6.391297737001842,5.881018216951331,6.445986483194674,8.991164253859045,7.729546796924023,7.047296059641715,6.08242424172927,6.98717596327889,8.607182660909134,8.475664018890033,7.747537095047039,7.732961294295754,Technology
6.228747956165449,7.22394369577262,8.555579834301302,7.325185320517963,9.62347640485644,9.205565524364426,7.546225579533793,7.7346339787171745,10.22307524310531,8.847194916130212,8.07027520637207,8.18570257493902,8.148892308950455,7.9830264060364025,6.9290224525862545,7.597683709490976,6.563960481125323,8.724810598282733,7.867512212918934,8.775484766518733,6.725571942564464,9.422079263604687,9.297710055522023,6.425571596340161,7.494119805223306,7.602671026458964,6.562105036552856,7.7401319568602425,8.558091863321524,7.530571139073526,6.287118091891239,8.772488104056785,7.208304137393675,7.313729260561397,9.681292405043834,8.396654254291425,7.190940498034891,6.810902083581981,8.965890560892134,8.897044960808232,7.493268963260444,6.740990014599442,8.385599279806124,8.5939218868526,7.627259908658185,6.896836602568549,8.024758600137188,8.461749320684774,7.512901163981834,8.261893209726102,Technology
8.360973695705903,9.145463942236466,7.579316753180211,6.860743958977142,7.932680329464054,9.687502066651511,6.236875921556716,5.68694002924513,7.89196142510064,7.620724696659015,7.791634994651948,7.754426096876299,9.005576977874732,7.957538246449432,8.81958940042866,5.522496370620952,7.470961778141376,7.184703813856052,5.715348528179057,8.103396580525974,7.89969001696202,7.5329523910646605,7.874023763968087,8.103390583192596,9.013098675444214,8.642529751985371,8.328554727350634,10.30723873389599,7.291927060224935,6.640098641870592,9.174152097670952,9.866838112897188,7.3648078733426585,9.377801844701743,7.466544182610952,8.58475301550683,8.640272925212745,7.368947107479308,9.846725013502326,9.961582623768834,6.978793491384138,8.201054246381513,8.914502275380968,6.117416662226546,8.026230613148543,6.346822160229788,8.66748425316095,8.08597319385843,7.62623090699349,6.433098591590834,Technology
7.401398186074708,8.519196980535098,7.959029878970648,9.192530828338818,9.127758532304329,9.08529472229573,7.462231317394532,8.294975292682526,7.034765759866852,6.740065585848682,9.181853397992377,6.813475977574937,6.706046280899103,8.10519465605894,7.729324120024982,7.815781713766235,10.305654507395328,7.005533648992086,8.495033211419276,8.08669255796264,9.009338927924563,7.214211126983003,7.775535163990093,8.114146669379886,6.566178813769476,6.194449670659704,7.979201360649658,9.33763743661169,7.647796268901543,7.784915404896294,9.150705726466018,7.85118407997276,8.776908973138157,10.666467710530158,7.422935699885188,7.822945278906082,8.396218143894814,9.491623756254706,7.884873223043842,8.729269249742549,8.34788511551438,7.92776003427242,7.579578406111049,7.390784720950816,11.065525898375919,6.458951775033077,6.553710319479047,8.24474044789308,8.203265998934791,8.426352829859463,Technology
7.125454982599323,6.973527504961605,7.714503170864877,8.907614238897924,6.982265571556431,8.15112481689725,7.487740460867682,6.475519092044776,6.718592318330904,8.91034778007607,7.396167043210132,9.243808680217677,7.962752380110995,6.632173772785502,8.477198902964448,7.198658856542857,7.623154777063416,9.13272413284413,6.710321445675765,7.550384766254654,6.916467997355241,6.80966707489565,7.5268088117158545,7.1424302568439915,7.7260929769083395,8.638840061031802,7.249139498421652,6.531817268337568,8.641475996010751,7.242421297142068,9.82776900136369,7.591003861278674,7.8640248149552905,5.695907701388251,6.838266304197717,5.7208594498395975,8.294087321042714,7.91820324841388,8.630123210430856,8.80740997595124,8.96147193548439,7.774959812795365,8.085412780578388,8.57894202137883,7.205271980092823,7.06198755328676,9.540067239742825,6.193835791621021,8.500004085322862,8.341211716542352,Technology
6.876679425428761,7.332156941539088,7.643158970009797,8.2166722857638,8.351671269220075,7.969070455820361,8.188392632134981,8.65945026837704,8.613263229845668,9.534306406481589,9.043135735842204,8.017791323926915,8.640682067589463,8.423823145097062,8.164406580355852,7.131401568053271,8.162255874571736,5.934751312573999,9.072325184326436,8.35034771670341,7.840814966443264,7.579281723025246,8.654502550543754,9.837514080202144,8.375079896632439,9.902247855719398,8.784354215539965,7.194597504358701,8.487729253197534,8.390068089501675,7.194007881215166,7.592273644091978,7.572449707645223,8.10022547916009,7.719961224849679,8.26866684561953,8.430686252722273,9.267668433713345,8.549139792158156,7.298059181402743,10.111102914406473,7.304532765933244,7.612407621673976,8.597495820343273,10.895299687887995,8.401585451491718,7.358418127934077,6.360673580943557,6.294175716610924,8.010958187625096,Technology
8.544745769617743,6.580186663299445,8.221972201377593,6.686427968419889,7.075595163778488,8.631748320615916,7.2523735702311765,9.310081733406921,7.415621937385894,9.109441855015827,10.265215183777443,7.254318622029631,10.46602867358073,8.01348611052794,7.367432698747501,7.703958892174022,7.596554634767246,9.401790299885356,9.317837392470393,9.305968151626345,6.700587091828652,8.18930269080599,6.450305689845203,9.011098533170301,7.516346692749531,8.503078150572943,7.498141493413223,6.244147051922374,8.885153245120556,8.962391146642354,8.139369122375864,5.8885995545338945,8.750354311240734,7.262411892727071,8.51657631363233,7.509397200845848,7.61203883502373,8.497617504661628,7.179095076071059,7.833315874105905,8.509598858316131,10.166449128316362,7.925530682005973,8.839489314802243,6.828191852295016,9.694632844339361,7.19196190785503,7.867808455017308,8.511215374111568,7.220085791363719,Technology
9.080908399147932,7.338192652742334,8.830623923161204,9.067701973702555,8.578428889337749,8.708430967844286,10.530874549158847,8.416544271661337,8.109839303745604,8.336232933725515,9.271326718402925,10.329275285593031,7.833534254756919,7.087620674659354,9.162549436570577,6.636911864224752,8.257758778602451,8.304625099133885,7.892662858802768,7.951459823026302,6.347506394054805,7.131718626068669,8.937090828107332,5.958731206067574,7.914005787596731,7.687434115941844,6.007561345406886,9.692376448937022,6.9697319077999325,8.548926713253264,7.531102391766943,7.155140221035346,7.764019434580913,7.64364592078485,7.813266487349888,7.213048215809727,6.9860154233397935,9.004456423979587,8.006935622192634,7.939686533055152,7.108521939383152,9.574398857128694,7.912571423934782,6.104290809455314,8.275823647439996,7.235806164299581,8.910833962654877,9.038431624427067,8.922933772163894,7.538593094476087,Technology
7.887101649720961,8.248605622046972,8.892661317337266,6.962246811967497,8.093425959140031,9.867922939001547,7.464606396853601,7.973929230422411,10.613487554934448,7.758763387028829,6.4612059434839795,7.942619371406736,9.672929555458008,9.056714599541465,7.020308980799068,8.415394713713413,7.824155149185578,8.812033728174976,7.3846025662795585,8.494517703133399,9.91025282339594,5.387633623485782,8.592892594238643,9.319067074080383,6.443663017620446,7.279403143227002,7.606296360818291,7.269089852931193,7.194186336577342,7.625257081097219,8.851694842995451,9.487652323520624,9.302654087120926,8.993800840120405,9.832115093120306,10.031327644677747,8.166059117033916,9.430965255676378,8.423919198521824,7.783760956601238,7.9502312876299035,9.012517465832596,9.465591165100626,8.580454365151763,7.603962115056708,7.510521073263154,6.146715518214117,8.360934031943906,8.29289259379093,6.9553626494919625,Technology
8.47310492054962,8.45633336246633,6.516287580864483,7.678256022251103,9.409045718643846,7.3668194759478665,8.017641682513652,8.160456804363912,7.97366380464798,8.688704049330395,8.935221703525,9.264582690687151,7.686502071794963,8.52386660559534,8.83982928728034,7.881666568179871,7.280838304883435,8.143578187055146,7.394268468466455,7.29577190614943,8.220133908153379,7.811683681777237,8.175521894729822,6.4487734316297765,7.824452870763645,5.739735098193528,6.9545298253635695,7.911066448535282,9.213122564756832,8.536850861166927,8.090276868217826,7.623255028141456,7.749407538746752,9.30577919787954,6.893651403829551,7.27446173943846,9.066755409867145,7.656072853298254,9.939085986106825,8.690699883972353,9.154957063340571,6.374372479197406,9.059426622782958,7.150610316751081,8.71576457024145,7.636298699336953,8.222803418560533,6.893769718346395,6.279419600766224,8.1505564304593,Technology
7.706200107567691,7.10620437665108,6.317950011992321,5.3249459717646825,8.523559230785104,7.744935179726872,7.396135028355826,8.212811504846497,9.014404260296214,8.269566526920638,7.55687097677712,10.132488495116688,7.364247317510026,6.590369092741526,8.099815637719606,7.744439214289815,8.947094243276078,7.473711308925112,7.834846093451817,7.1342322487590675,8.807658521927257,8.14356999818402,7.724815237257915,7.850009633900913,7.978689500843128,6.562639042413321,9.162708381575145,9.104028311740226,8.040680389402674,7.933809552874244,7.003341986895085,9.727334962349705,9.485454565000845,8.394394733408387,8.820048086671607,9.230480967891186,9.027470054920776,7.143805028551399,7.688873509577517,8.468182185939467,8.203324932308451,8.753059069019677,8.643725402992223,8.246971328264818,5.396263293521693,9.17283627829083,8.83903581574896,10.06921412891938,7.52250241442842,6.15709387008984,Technology
7.81955165964013,8.456680338877318,7.55796113814051,9.371793668092128,7.339860514918685,7.899114676536517,7.754010072839855,10.774311459280096,7.0939223398824405,8.583731471186839,6.7987924948400345,8.342964748447786,7.0455328199422,9.099944565240973,8.908128615817649,8.271520256430547,6.608570528075216,7.94679569773114,7.695862296521411,8.83039286424729,7.09751158716029,9.155061481152446,8.967387068153437,6.62559907249598,7.780396919547489,7.948664530121124,9.005947859359734,7.313179326869583,8.207604169267695,9.09905851868436,8.25126931292866,6.142679054884217,7.505479278266247,8.904232403906887,8.779375468665666,5.750609330155244,8.200737790610157,8.946004560682015,8.538924488159719,8.653574996745421,10.06231642049484,7.956546860417803,8.304776545106646,7.060504488445401,7.365328877039663,7.668025762140433,8.849725656844782,7.252391220446924,9.234623089601701,6.906833768254157,Technology
8.639604902921725,8.552066558909916,8.257478087321639,8.984638659046995,7.257458631495791,7.533873297139399,7.036646791826197,8.009012004299574,7.880057913103323,8.856455058502014,8.386811690579332,8.689417324385976,7.8028709018141305,8.405674474911667,9.812735417487911,6.654457916130151,6.16090572739073,8.636913022432207,7.151457266435525,6.618268718620021,8.533907789846433,6.995623849854872,9.539056085100206,8.156469613976094,7.797394167305634,7.178419582550823,8.21518837383109,6.40907866132992,5.531709972812257,6.44584594812039,9.137190156528659,7.075860855424939,6.5654977338623555,7.911198597328915,10.224687628990367,9.091894608660759,7.199555253085341,7.181535894853328,7.2040448878857894,7.089735369711875,8.543793298105204,7.664051514607153,6.886860122652535,6.66373287748285,10.301033609213352,8.73874622137696,7.143909860589317,9.21235946746262,6.8476108258659,7.86288950655004,Technology
7.753435812348473,8.182326166816756,7.057897794511808,8.128491248819705,6.251620355790157,7.623268085981239,9.33523076964969,9.025352484616125,7.303985906710328,6.474064117185536,5.81685510948718,8.617470856223024,8.278389532681635,8.385673187971593,9.690602803559738,8.152894244735176,8.228082126064947,6.602620408286265,9.623937069166352,7.836042181237136,7.183123912287827,8.207856643367467,10.000311612340365,10.1351991897699,7.029600424392331,9.175371608020606,8.335731454937187,8.98759218424679,8.276716308919902,8.614884888081288,9.321305248578767,6.250830259070499,8.360373975317286,6.830487802718622,7.536400700636156,8.00097128445398,6.992167947651389,7.4186122034633515,6.599283538765931,7.406720039260791,8.511851511258156,8.865452658719018,7.230621247751157,9.327791337426248,8.577384224366723,9.43338907164844,6.229222123911925,8.311250875581445,8.611213148096713,6.281475929009409,Technology
10.414247891604123,7.363437457584971,8.54385869043621,8.926744183502548,8.101182884887336,9.385828072460205,9.995213200985354,6.890388346077493,8.116146071224412,8.915676856110487,6.366961286591484,9.064273284017439,9.706535704124216,9.283886862343373,8.438444887019347,9.539459635466574,8.357451275334109,6.680383251824623,7.478105460622876,7.744375891983911,7.936049626168569,7.9057702436829596,7.661749678576778,8.2188435239619,9.504236304133503,8.214112514469944,8.628716481824824,5.806078507144845,8.125977184757778,9.086834804660509,9.246850067964218,9.145102464996564,8.30341157182169,8.413935231812982,7.327278768155329,8.845018342894884,7.3326061810676135,8.680894217128392,8.041512943143918,8.014941585539521,9.001241871996301,8.561206943520151,8.282597417459447,7.502273201935632,9.602313234889833,8.332963473107192,8.747387327040858,8.08094711093704,7.306267697153284,8.354945419434289,Technology
7.404234135953605,8.437777807479446,4.734698719983931,7.5991860480057865,7.985651309398818,7.045571624137087,8.363782183918412,7.577776244984138,7.994090414528099,7.448474318162059,8.971910992552138,8.545971837296785,8.297905956957678,8.061990834809725,10.530632093306233,7.842590222315956,7.303113627345422,6.826939142228434,8.905355112864354,9.631218819069913,7.151943973724391,7.715103321150191,7.640569799738829,7.875903173110232,6.2322278684952845,8.806726193957012,9.190244148170626,6.095445496061937,9.757935073645505,9.617538091914795,4.9301493152997535,5.826681776575411,7.867070154912357,9.316040415366102,8.289770753945765,8.021384366831562,8.573662062066637,7.19190579073505,9.277359713361472,7.896383354002583,6.366971981306865,7.204522316943758,8.369008635824388,7.710320648556824,7.606735885467786,8.202932737947332,8.358624442677915,6.7696188426519415,9.223491683555572,7.868878244114101,Technology
8.419686331209116,8.097381922992485,7.589883256044432,8.911643715732279,8.081169206898537,8.073317598702937,5.511306292432725,8.819951987396419,7.829466341522545,8.754932399809482,9.644961330847902,8.823366571597296,8.054151326431647,7.71357288490921,10.52572319226632,8.48338531380865,8.209630088153073,7.817060120807865,7.103443235695956,6.0493131669744225,9.521176290755179,7.220616933140045,7.80968444715008,7.893941523713419,9.433107930545521,7.233708094512283,8.257348751383292,8.512163339574185,6.615547517867949,6.521535818745013,7.284980457028617,8.243669958074621,8.116490180922833,7.880917436710922,8.652385999557746,7.1432043883505365,7.829455193563954,7.88645751436524,7.170212382253231,10.301694951280329,5.839562011251604,9.240680832212265,8.800072212709258,8.80828760485531,8.095848534781531,9.333578573388921,7.5516404029036615,8.392439191495065,8.073200425495385,7.767689095071097,Technology
8.121852006018779,7.0512409117123855,7.335967399865578,9.580313753396002,10.88159780844871,8.519955329597682,8.833558045314573,8.25203148519105,8.455054558965923,8.543791857704562,9.035428433094541,9.536949817538687,7.115585861425689,10.827798523901865,8.138268960923801,8.138596066203212,7.58709065765465,7.590917979049204,8.616370903729376,8.6371566726973,8.565223671236064,7.545164336854491,5.29881673689716,6.204466400908682,8.01328785162769,8.335881337520258,7.580304221803249,7.3070977700727715,8.296693209112005,7.892368712049122,7.52350732175032,6.384494147546519,7.156065402409489,8.932592450133196,7.037367191800351,8.663654474661291,9.386404098376344,7.208937781866265,7.5553461609479795,8.987349971933842,9.232831750306651,7.3552053671710995,6.378672156140662,9.254876411587336,8.583857576782307,8.400629725872871,8.915592147288384,6.814891398066024,8.391199035579234,7.7147334744513465,Technology
8.602755819676824,8.799038368272564,8.976553309695452,8.598560975735555,8.250683264825595,8.284162570697367,8.366764285021768,7.375694148693642,7.629503585396362,8.402336642748429,8.65047998577543,7.349007137183977,6.923368017975251,6.324700912688731,6.738664706740408,7.460442636771766,7.553384767984521,7.717163222192564,6.794981588064379,6.18745764242907,8.126563381818201,8.126968412815883,8.621335741719413,8.815038017748469,8.392358071728127,8.114667635528498,8.87600606153533,9.424058991726113,7.32332377181168,8.77026067145625,7.375823312869366,8.219034411280004,9.069539700486166,7.726332267398277,7.0479231367058155,7.5407880109869625,7.046951785957498,6.925787207353846,9.206573398030404,8.532370834892074,7.280446285137077,7.015608439548011,7.084593258848152,7.280273238960567,9.15265821209511,7.8899100263225375,10.131614379399611,7.9602607919694925,7.424355181725891,8.927769223146049,Technology
6.329857614456911,8.18844835462635,6.787825832627303,5.817869990002294,7.882352285871735,8.834776251343355,8.21392596702,8.093735372953486,5.401218829164957,7.845036384954007,7.854811340539086,8.621261784251182,6.941868503613331,8.829655727399732,7.490622321391745,7.700700211545588,8.527939479705429,6.810574355294041,8.824206383998579,6.645358502643658,8.65517549266531,7.76452892138954,7.846230209412466,4.934861227582853,7.409241619757516,7.789777867367075,9.548624265655711,7.964080284337036,7.347031777999206,8.833658205538189,7.4948361724681085,9.032212478404366,8.261349389556528,7.1004433287098,8.937865539009964,8.60103621660228,8.895707423360227,7.81788376915562,8.601131135995317,9.920488390462848,8.171401107291874,7.601357409884641,9.543959614834685,8.667108991929203,7.549513149354451,9.735126600254702,6.79658301070309,8.529164687305038,9.146488660839239,9.07174497274048,Technology
7.100030889026265,6.759439638108106,8.229506333385048,8.704748279739894,6.922040768138396,8.301782819989096,6.542513545818664,9.060844311698137,7.428717431080981,7.835973172690125,8.864317093694256,8.771203390280924,8.473946176892333,9.029482241705578,8.409046599227125,9.447532781787812,6.289215900403356,7.940433261036066,7.897934165430761,7.78102927356547,8.497428797064554,8.213996001861165,8.824820164482858,6.816126909994122,10.292211640366713,7.609027889470958,8.286756362976238,7.79375842643117,8.081066651050808,7.465089498625007,8.205803013785768,8.580096737514468,5.598266030519165,7.67145220760872,7.633420486293073,10.321068510688198,8.860071180100723,9.500059619051962,8.558115867341192,8.082357702163062,8.364157343575409,9.12297439336136,9.750118291445128,8.302051175072016,7.377068599672133,8.924574329968003,7.146826105440429,8.390398004344561,8.681313717933492,7.8919239957922604,Technology
7.095179615073658,7.545448823831045,7.683579278667221,6.946407485279616,7.613903844295462,6.548035913299618,8.591127941955271,8.333340720026706,8.265698337097207,7.614102381131628,7.74795097951576,7.171054595796431,8.505170723470679,6.642159960848618,8.083764232995131,7.366302533222508,9.757310382365592,8.526782579980676,7.999554576787524,6.893976799319362,6.636480872324308,8.49580026035722,9.798795320275053,8.408953392644044,8.175290522142548,8.189746760815774,8.103018633356431,8.203338067816873,7.314840926265957,7.026432802394283,8.109233234769391,9.493417714306341,8.777030633374757,6.766577005727763,7.7448107380883835,8.728996512219036,9.516869289155125,9.79128745368419,7.789283740343819,8.824230956192249,8.249271692841862,7.880272233325113,8.062346682754143,8.074625277566229,9.175163753004469,6.595530424976934,8.468146164027193,9.53941796003272,9.431787524975908,8.568973444209787,Technology
7.242949590641455,8.776778296484059,9.324940111960636,7.484859620038011,8.357610775547501,7.794730076171695,7.386012806401955,7.684830045156816,8.128530579022552,7.081763966284595,6.917889934695341,7.110393950626374,8.327900749228974,6.534187087324298,5.783020466278978,9.372503823654187,6.986778561227687,7.805990877763462,8.922288956591098,6.561740569650196,6.560558244450474,7.367416867132631,8.961304674025289,7.978353493008794,7.991923878432769,7.7045769480755535,8.562134760475287,9.431846498175958,10.984024506327074,7.851914367838544,9.52594786514769,8.999264806382818,8.266994355087435,5.790006452609328,7.622112836473325,7.661736740777047,8.358800826022241,7.802533224407075,7.436801074915803,10.030009944843501,9.308177187580716,5.977176452008599,7.718912618481479,8.630922852706151,9.330906715011906,7.580023241902472,7.784629569744506,8.09478447046662,8.661847470172594,6.464463113468155,Technology
5.9846221540290685,9.254550320622512,7.009925241203306,10.122659551969576,7.13642739711334,7.815042249651082,8.368599774410924,5.8680431478874295,10.864391265719847,7.605003156367999,7.16148815042084,6.833632500504759,8.361753480440198,8.290854365057468,6.867370213633566,6.628058373963357,9.055256273000204,7.344292576600546,6.278983729388617,7.852078238911419,7.5982737475448365,9.950029922700278,7.477815217515691,7.691773973723019,8.219456185177199,7.429131490969745,8.440956837557131,6.9831280235496624,7.760687227946311,8.406813914572393,9.137637405497514,7.413812838393271,7.401873254810134,9.541231583209013,7.448179708705813,7.943258512323136,9.712752766905089,8.06745737068502,7.752244591506091,7.826839966791398,7.259547997750138,8.450783310133712,7.075977467633783,8.778508845228517,8.015215511875256,8.235473718913898,9.729701420531335,6.55092094767506,8.024421991681114,8.638081711394598,Technology
7.383766343063882,8.951116272538886,7.455313793209992,8.291623064716184,7.87650562487297,8.161785100078902,8.07394872999481,7.968034309119565,7.526532933500251,7.33529521088915,8.315985832956203,8.052706133984515,7.307902091221711,8.343384162680561,7.537446659751308,9.555439996312273,10.48918031241604,9.38904684736021,9.333324534875388,8.814167379619859,7.790168448406126,6.100939617470884,6.974994090362086,7.323260525523685,9.207737119522251,8.256131943281517,7.340476546671555,6.154813659065193,10.318146928469933,8.533313555962975,8.908509833428456,7.464339426676328,7.86138772933721,7.6561345451933995,8.064336738961495,9.845787162429014,6.795718882743885,7.958735844702401,8.360874531251175,7.883182727052822,8.995324848498832,6.264355577496435,9.883769043498768,6.629480793746968,6.869892330567507,7.550546829478319,7.352414042388315,8.424503456488925,8.308691828238699,8.113556995197236,Technology
6.5821182820042115,7.860547575219454,8.019732562221112,9.232274396116892,8.199443549775197,8.382657431595318,9.962494848548966,6.839893299064193,7.611892366602231,6.86415012996931,9.606519398448569,9.674843660537578,9.528526019578894,8.547397163230798,8.3805017084383,7.541958537988302,8.769433236637285,6.718632170280498,6.715219868343761,7.5801276245685525,9.88700100643962,7.486544682183706,7.621621244345425,8.287772168059833,8.898613063685083,9.252020739211078,6.879623774852349,7.90332515203446,8.224513519229308,8.3247655320479,8.86579356644593,8.820083989163479,8.025494506365252,9.152379178776744,8.968785034209299,8.88838192420683,7.471191471281146,8.712897772522007,9.203567674780343,7.486150293302442,8.131558963024752,9.564746190564575,8.396490357164152,7.912148078569891,9.461603635428439,7.5295008966841745,6.303874348984464,7.220832264086541,9.136009400546735,8.520693664666911,Technology
8.068111492948667,9.061129519367176,8.166858609627626,7.777662029345183,8.835120476055067,7.617974812581597,8.49024616877145,7.205267978698414,6.945452233599534,7.134272557504531,7.973935341646677,7.352047649095953,7.380125008550254,7.846558392316563,7.927779561840531,6.4489488382621705,5.477576767816554,8.399968192561722,8.139221177516413,6.629765032242978,8.436278295705483,8.434452116240424,7.697787537099083,9.959366312111516,9.269211659243638,7.6009287052280206,7.619578934682304,6.542119331845705,9.224725860146831,8.246820052930985,8.823060977490355,5.86604852719607,8.777528662783029,7.4903532607960415,8.584304323938598,8.521224269682087,7.979353868569811,7.302663995934703,8.398861610646145,7.164088683769922,9.050573900352648,7.278350623404509,8.022743499761525,7.254207174500853,8.158736332939837,6.968239378328036,7.1908559949929405,10.29452950863024,8.844217279382585,8.369449427471356,Technology
8.514116965380166,8.305640655279065,7.911107967930834,8.756720183568191,7.173015303893109,9.595535316027933,8.120335000953377,8.801705268919253,9.573382575661103,8.49120747025119,7.189511734764911,9.219544191376153,9.696190610869111,6.0534778370580185,7.898126026891113,8.291438264093152,7.73594507178692,6.754057797304017,7.116946444210959,6.15087583917277,8.95510868079904,9.373556898752138,9.35962827275145,7.970429964525237,8.271916907319529,9.069923199164228,7.767114001221756,7.0507183375539215,7.429283149786288,8.175547869991798,7.286361544409242,8.473296902904735,6.644896485029703,7.75734678864248,8.40554967129627,8.132511697438662,7.264878487238095,8.735047734821569,8.262489250246366,5.911003445123512,8.455317691307611,7.577802472680502,7.475035146960227,7.170074380735843,6.996972582619998,8.206583227259632,8.546026147164932,8.153172345939666,8.949453486689775,8.581404598569868,Technology
5.993037934951026,7.083480082993604,9.188419221468958,6.730616430295046,5.264971992095232,9.831450031063472,8.296612530532578,7.316943199608763,7.1516008934593485,8.629406158376046,8.477997880502196,8.327202339948116,7.811250468693418,6.719416927654084,7.964035192460787,9.06514502995181,7.458049007799677,8.601068782796554,7.595368740933918,8.801244140512848,7.0200537032037165,8.013687621460548,8.456473763005091,7.324549482739001,8.362613384721419,7.9704482692542085,7.955844347984876,7.322246213598844,8.997342561625352,7.0548706807373165,8.279764740637393,7.150791982672896,7.933828952099848,8.642862761809486,7.711148692358373,4.923803875554173,6.655304021295393,5.842002083172488,8.067910108765787,7.994987680946543,7.649375909099989,7.373543611787763,8.221131868640315,6.552680879276167,8.956056146478135,8.075120022106487,7.055204690622322,7.581580525552866,7.868666327694281,6.619212717273775,Technology
8.670877992656862,8.965470828903728,8.11741377351352,8.940548313085724,10.65000857607621,6.121606665210605,8.051906306927654,6.656882333313861,9.560717086659164,8.246309120321804,7.301904720837533,7.739642565788079,9.336299766072003,8.452284684124974,8.578920075328474,9.488079396477385,8.954371546845868,9.12400756720331,7.873664195167853,5.746115473240744,8.103563461357075,7.335541779885832,8.7885849186853,6.229681520734001,8.828235287956128,8.188540852907268,8.353797869407298,8.618761305304265,7.971535679224281,7.667011150145909,9.13497721522075,8.59315956638687,8.688840536171039,7.917475377951861,8.109530561662574,7.986759770942686,6.255842186347875,6.618874952962462,7.876816622020584,6.122575547374246,7.889861176320645,7.105740376766819,7.924023272500409,8.1700035983212,6.141781532535892,8.325076700398878,7.550456419516532,5.677194347467534,7.539119607622452,8.379671987480656,Technology
7.5943191224719815,7.53334850957835,8.15386565413164,7.520757173176591,7.732847865320585,6.673539043809376,7.4817157089234545,9.884079318036378,8.17841536037147,8.26912428553963,7.357327144722837,7.605312850698052,7.771515054399155,8.874197875266333,9.19884807137887,7.54564961997905,7.976581368875193,7.7649667346764994,8.762363730878905,8.468586716722301,7.910046501673088,9.00964610924252,8.518113582655486,7.228875243158445,8.008212176928412,7.823479978394304,7.01212580517984,7.774690319156191,9.139087534128874,9.094912318818436,8.913249685981434,8.779143805972884,8.207983279973655,7.398637321102144,8.56375735920738,6.3536730482563195,7.328118015887995,9.104756381710073,7.507903776740645,8.639976093946494,7.636941029995635,8.550167585436608,6.459907734364741,9.271798873727722,6.884044724793102,6.638163999427173,9.218061074761275,7.997180901462676,7.69375251122,9.567646030848607,Technology
8.731081641631992,7.550499090248706,7.865614369134654,9.073911346248778,7.0364241923356445,9.443456290532382,7.556640777637657,7.128510479000548,9.086913282660387,8.734605662708729,6.223406496822088,7.893174947196512,6.894801473717401,8.798338437481805,9.719613566745933,8.537718986182824,7.2403323331271014,8.889940857305215,7.949645049201592,7.926215150002952,7.5147052903698555,8.104684725042164,7.9290250351015255,5.595802598380224,8.025865586151198,7.862382871681796,8.346818938579258,5.99326783227683,8.51200274311757,8.028607231520219,8.495135471122184,6.370872890160439,6.765280441668791,6.1250132111056494,8.146317429470914,7.654930135730425,7.856004073666988,6.607548631826321,6.790167990062061,5.503908132655716,6.654452284165857,7.349963820299031,7.401652147642139,7.932375150606298,8.761629983212702,7.311019863193643,8.488789084320336,8.778261012996555,9.150038055944016,8.4897862227972,Technology
8.07328768209833,6.919962786115807,8.272509766383772,7.623711773405169,9.376487749015833,8.091268843327294,7.840031079364878,9.415928344166703,7.517624647810885,7.996803775148823,10.009392188020007,8.266235492162131,9.125138569981562,9.503790113942273,7.448136730949274,8.908774791646312,7.667251206364482,10.039939024125935,9.44362170754142,8.743292387457585,9.044597689980193,7.304408999084766,9.717547679693928,7.095618810304618,8.407032875460356,7.286039869542763,8.860387631428594,9.745073876880772,8.451542961909954,8.315081510631346,7.886382044440233,8.100462101306691,7.66426175920566,9.633349009168034,8.793973169936336,7.652591800225793,8.060395032234695,10.91589035837341,8.272153535749275,9.452951280057796,7.423441442682519,8.47359685589719,7.3755001942833545,7.46468948510341,8.793742051294542,7.104406898712905,6.8079624453311816,8.685227301942893,7.511811898671811,7.719999468980111,Technology
6.198884536166656,6.73070286915787,8.220678353709582,7.766422776094946,8.909175557155878,7.100278438276641,7.833938188295541,8.046485145081512,7.795871604145867,8.597508303574799,6.914223831995739,8.512296149315961,9.139106326743576,7.176666655304064,8.400669011354191,8.357377514472846,8.588786892215225,8.001491140400628,9.418292339089948,10.110287485838189,8.62508433440978,8.313912160862394,8.013779228116897,6.686461076314578,6.572586323765424,6.84603460195744,8.265739225968566,7.8072701451765845,9.527116504980615,5.49481312140559,8.040727332213203,8.433389488644043,8.89768367629008,8.143323394961133,8.364795268508352,8.17603189205012,8.439752288269506,7.9807179902477685,10.116178535754251,8.577844528367436,8.197389471767476,7.2618755116754645,7.657707337236145,9.510120350015937,5.51502411820011,8.056798972426867,7.9750771214784555,8.500084817234859,8.265215413242554,9.515811055274634,Technology
8.098206145679057,7.935891771123396,8.951790756019536,9.532831141426222,8.686846944134617,9.011543751170462,7.782595767693586,8.125404806139134,9.485732073599639,8.526711460258229,7.757970124237184,8.032550554787376,9.03715129030455,9.126227010324149,7.157868858380226,8.36259127504687,7.992157157446688,7.934464151896291,9.330307950430715,7.762461860106074,7.424422896724878,7.185008695631486,7.8254530687943555,7.264753731221845,7.135218237460948,7.110029874332906,7.169457295893201,7.239167610982659,8.39905272165854,6.040017477392862,7.298246752016476,7.899870092641767,9.14862462017814,7.754072960923416,7.846676632117326,7.91205329602188,6.176312346222273,8.659093100924931,8.617421570211375,8.814496159286673,10.50584805302829,6.7014783970127905,6.511973335394327,8.705867314598988,7.662510898814308,7.014371746463059,7.717437532179031,7.381656374908279,9.724777067797167,10.261812304023302,Technology
6.364438708656534,6.523451186733363,7.240631995368093,7.3104719583209885,7.224739553301581,7.805765820456486,7.55316519927806,6.646387407104682,6.973191759136019,9.546338832209564,7.642551753265317,7.5913691083740105,6.479562854172527,7.536783272695835,8.960902429567582,8.595551478469407,8.811099297973556,6.7964029239236705,6.780382316596152,9.133435722174054,8.826274139867767,7.741537238184352,8.853040268449078,6.797003627746211,6.755531892202535,6.382538847485277,8.361470433003644,8.216717874438066,7.477583479819043,7.2196073903884885,10.414548603862906,7.740869006411613,9.388067014533977,7.853651565550519,7.499287292211335,9.41665950980639,8.789964120415997,7.97589097700235,9.133714111752612,10.520306516175237,7.2676466334778445,8.471736646745251,7.590789836258252,7.065458979231698,7.037733213883867,9.592333146018598,6.175239392693655,8.507859358466796,7.174756922379766,9.772494951567994,Technology
7.726923351065673,7.635992326717734,9.569509304494236,8.876800082312215,8.554226984362671,8.805811955505783,6.916726411234257,8.741713205538137,7.8009457858249815,8.36092469916226,8.484552926261292,6.889490916792693,8.593822595840829,7.813642710028624,6.7600785540231305,7.853434193470958,8.020025114115175,8.593631891267963,5.611708962192649,8.38813622987666,7.488139943164607,8.809873446410492,7.998133853715766,7.666618495645051,7.822499603723739,8.33340974219111,8.907909407671353,7.108888702324941,7.656340140567697,9.469346050818675,7.638888306713032,8.367249730815267,6.765808062313731,6.28549270883653,6.959795134952037,7.310107943982322,9.039911164047583,9.149526262687372,6.074679693104549,7.458754860708138,8.697789397040484,7.8946468755687755,9.504558465817427,8.673500942131302,7.732314895711185,7.821330628870923,7.943210167395153,7.154042603239059,8.939214135649499,8.742428817741551,Technology
8.45427076765243,8.242574689356996,6.981802220966987,8.50419319914175,8.129102472664751,10.002269094974412,6.706708902085379,7.276704612110701,6.4133554428828345,7.78198020823293,6.2591006320045075,9.185501636168576,9.092237308870168,7.840368021609357,6.986278211769631,6.475897451440741,7.296135385359594,8.62537137234083,7.212947310010131,9.908576176006719,9.49069543989815,8.000823943404436,7.538131744798116,7.430804100253549,9.59837676052601,7.34330466844271,8.93436895273336,8.021792213068304,8.713562213924176,7.1796027084312355,7.667081404478272,7.975817480296338,7.368633382329431,9.249224169374498,7.23569187033396,7.422967858389803,9.358700023627975,9.164927236795503,9.58797877232563,6.091726835922466,8.200722749041853,8.090281324631105,7.438267115554147,8.324459389857156,7.6785582696492,8.161992268402845,11.401875562209925,8.317130764128457,8.359131598102886,8.821219335015842,Technology
8.180644530996318,6.901967323839922,6.353288270856728,7.970708937298092,7.7308889716267215,6.036397917218328,9.629392751622786,8.107003043365511,9.439436354664423,5.768137715907837,9.458487055755725,7.514794920049597,9.259157881850077,8.21486847380965,8.453256551919694,8.454517040278295,7.574862301888478,7.353485263130546,7.638839810505923,6.528090791700643,7.519289696306587,7.303208546256359,6.504094647330411,8.458666275719274,8.007717431932775,8.246042323317148,8.697450791461783,7.762139942778606,7.061283586709893,8.303942023307464,5.077803390959153,7.891904908512789,8.765168623372796,9.046925262409623,7.470556777122903,5.7586127682907104,5.366734139974666,8.638052106886374,7.646016936893458,10.017299075303292,6.588896365084503,8.342335903325269,9.662351635262551,8.206461929777278,6.408064808308802,10.772611283105618,9.580587457046185,7.772753984108251,8.818954077550963,8.82966116006897,Technology
8.641771084865958,6.618255225298384,8.324157621119653,9.46071570159241,8.504527215750747,8.397151002307561,7.463175630851565,7.096021329486602,6.4274826136705085,8.7574645979277,7.77911566641869,6.658620388453932,8.97640866650713,7.413088920466776,7.142135099758476,7.503751986289725,7.806910740160293,8.458022070514863,7.12468640901069,9.010373875493208,8.484229588395854,7.485337254040909,7.840210189426799,7.577369055908099,8.065864728835695,9.519873966437896,7.5670636814575305,8.189465821792886,7.3014172276853975,8.531955044202997,8.276406653517363,9.32961778867616,7.170809714336274,8.690575320949792,9.264083552368449,7.562382264251666,7.873046400865032,8.190738133414571,7.763421332655543,8.177319196081756,8.67343622941181,7.88602393457427,7.878201203192238,8.266661792109746,7.600831597764032,7.650286737765706,7.101139712003869,7.957858547423031,8.447749853121456,7.730862660430002,Technology
7.226488950999242,7.903783318718336,8.39708784353596,8.12796929039859,10.22954997237228,7.343584089626392,7.849683101640059,8.779297465342529,7.305320149122979,9.928218877533348,8.004616070260253,8.561143787771156,8.019013635735874,9.018637944768892,6.937155500651889,9.571847527697836,8.231718804973552,8.658458876880946,7.2616246807701135,8.337243013747528,7.03201003818816,9.175644430642722,6.710191581875121,8.15417341781888,7.611573884845512,6.437372112478011,7.064641269853644,8.449593726784473,7.10344300225575,7.330829434855811,8.373344572840239,8.914841516234421,8.660776520997361,7.953422975926958,8.21763906411901,8.118745750429168,6.963644023452905,8.27943909071367,6.95474045201081,8.614276141341321,8.135135640446734,5.835799931793032,8.97911717744623,7.477968256152247,7.3951959996672585,8.955903542270708,7.836738018400039,8.597412172779553,7.346644353933032,8.803669249636638,Technology
8.197200359707116,8.404916661151097,7.821476382020981,9.629769933842892,9.870443207327375,5.796282786411859,8.926355741708367,6.920259359682605,8.509676843501094,6.222323919352616,8.403238221499274,7.163762459401181,7.5411789515525465,7.567905825388736,7.265449279468388,7.2925914980189175,7.601985841580717,7.846068809915772,8.323131871411126,9.86070909605308,7.053124128427435,8.126708688471544,8.772652423526617,7.2911080476417505,5.7427300011760885,6.090722085028675,5.779510327335202,9.540116884691601,8.61415529063343,8.755975360830629,8.98140807229649,7.424529293130853,10.303044698086694,8.335466593077678,7.927227483139902,9.11000181459712,8.667299873180225,9.33504592980484,9.393833244698833,7.646753457072545,8.187024820903659,7.090804633215909,6.371717828118546,8.836797218094642,8.95703586395516,6.01776006008869,7.282791936926191,8.056083397586827,8.151387741800928,10.04500091108142,Technology
11.373061882455387,11.828693524726845,12.649857374113628,11.649796908092126,11.495023869512135,11.41294009020682,12.232980254955908,11.82430955711099,12.682479970748565,12.357458140272302,9.084610195518085,10.248473425638732,11.49923728496391,12.98000258930618,11.348321559886518,12.374591151557219,12.598495735728614,12.540266258278452,11.452575720072884,10.851912490705956,10.68777561389843,14.970935203727675,12.455426297197459,13.840582910345223,11.166889738191175,13.248318443355751,11.523189313254681,11.971051557214636,11.713636213886007,11.120563949243612,11.135764317255267,11.960892697388713,11.412920196967535,12.126720232342224,11.162170687848544,12.707460887688496,11.540036581967932,13.636933860878738,11.949375080318832,11.8978186157701,13.603535074608324,11.504720215334622,11.593094184164839,11.29902620190182,12.204433709942792,11.264819677892588,12.77666501740467,11.9534214536486,12.838890475927462,12.726184960187451,Health
11.487517348443802,11.263026650039421,11.671639773923884,12.008868172637017,12.33402201044029,12.445131333654565,11.968073113872698,11.31882059226608,11.413375997602374,12.518353712163432,11.349816555307124,12.56023448527378,12.592960522046136,13.533916589318578,11.519146244704078,11.674845971980432,9.687302538146705,11.056927124957264,11.043870977083362,12.505671694434243,13.807378902646056,12.580757983975692,12.99079193015952,11.288669796029918,10.802025370187947,11.757978558887064,11.376245758257518,11.138909496085077,12.218260679232158,10.814079680918692,12.826480684832662,11.600558864329125,11.954761536544618,12.099786308088529,11.533285504951884,13.265548823606828,10.394219186692174,13.283334996108808,11.652945988909632,12.92074744697762,12.201240941260306,12.850496753678959,11.881588077617263,12.238436024525337,13.09790475716674,12.09584888401692,13.330078208380714,12.352196736687814,11.267280030677282,11.645188889196207,Health
12.88810757230619,10.76021945870698,12.792880019466919,11.634231581833602,10.710280694357222,12.20725623180199,11.299809683483533,11.428375329930063,11.374263800585794,12.114893197367735,11.61003352447572,12.390948711274769,13.012420452239954,12.541688003167366,13.805308056466231,14.05134855025397,11.709743739522162,10.847379125438565,11.710867733977198,12.118354067469198,14.22577117241535,11.625197498141121,12.277930370466644,11.318838783033426,11.653325709359958,10.78561384858104,10.53726759736697,13.36093066614379,13.066197014382663,11.630397967939222,13.06338255690802,10.693093695510345,11.826636789422151,12.174262512610103,13.2660542341171,12.19754073435903,12.54475089431957,11.530039231767093,12.2639580239476,13.26436007965543,10.383490214231312,13.13607463059552,11.790028990649809,10.594046791152378,11.732868705779284,13.290081157043634,11.517665016531145,12.29933971563877,10.386814018051217,10.174333733288412,Health
10.923260980316668,13.012808009670486,11.949168682215227,13.099696211880463,13.15811365853766,11.24184845525125,13.567001016342736,11.455620410651813,13.000362217675484,12.95949150238546,12.065034515413993,12.066662709735997,12.320460693968597,12.115437364439554,11.609862971505478,11.524098953503337,11.617859192224941,13.218216411215368,10.411659953715404,11.503158245168171,11.674059199166793,11.771901764143939,12.296775018917891,10.651750541775518,13.025316063017762,12.886953808354525,12.674333944276523,11.792441411409241,11.261647995342111,11.674798407797043,12.060865109318373,12.666185766150084,11.918688794642046,12.360452613403124,11.566091239087632,12.286325856145021,11.750800064251688,12.267951547868744,10.233058631346374,12.487104373361179,12.540003112942196,12.528962470275827,11.012557489165992,11.289869284942668,11.131411389569939,12.329980640333662,12.658224916097264,11.303437129273288,13.31561273292955,13.302386766287311,Health
12.137958821271697,12.370885938987183,10.32044951714778,11.470960186325188,10.747640491678911,11.09001362581971,12.514518844122076,12.756057403668008,12.797857864621998,12.241691467262056,12.523374527922428,10.41086653247713,10.710467924522383,11.790782654623023,12.597486245344554,11.55273619474847,10.63921652667986,11.308237310010869,11.06651488833827,10.27551133168376,14.224392631147198,13.232871542564588,10.024340860262868,10.077948596554414,11.194010907054357,10.510666382049715,14.382618723656169,11.197680115997244,12.361540339930928,11.494203992968771,10.832815583996128,13.047347186942396,12.654830574910878,11.940431632817981,14.381934731097994,12.23505509890864,11.543531248695151,13.915273077283672,12.403875825365702,13.627919635447949,11.960911412074168,8.985558894546129,10.44124606406539,13.08271053353154,11.410937044181098,12.253325117602625,13.133847398690747,12.17948475174379,11.140599209740177,11.988913293144327,Health
12.106931902888249,11.591844432065153,10.615021863244547,11.644517689665223,11.907185950473798,10.556818379937242,11.08190876100458,11.28314928713639,10.139638151348118,12.1282356713148,12.23695680166887,11.455674023497334,10.631384648918699,12.40698654554557,12.54607975368055,12.098582337131267,12.041561617242099,12.593943494288315,11.904531332687075,11.082241957803333,11.92971599333156,11.607948056197449,11.92968460428717,12.88426630821576,10.797921551454584,12.177474475018554,10.747414551457704,11.081819322807542,13.573837634653794,12.45730645427391,12.160941197142808,10.341528123598614,11.76425973227462,9.927209100882258,12.037252722225977,10.753036301083705,12.557843743559381,12.161303915551938,10.783907296103585,12.381593176454473,14.093388264238987,11.797274562655575,12.880302952285922,9.897013560762112,12.467695944512814,11.430727309068375,11.730985176788314,12.595114497887161,11.756518362361156,10.382561945897786,Health
13.5272203593187,10.549799682331784,11.160464809421928,12.128118564035963,12.137433521446813,12.42797246669953,12.13326867385776,13.148419829516028,12.490298561136441,10.814299738253412,9.401910414523584,12.15108780665682,13.466142830472954,10.747627087480346,10.950050782339126,12.35485555526165,12.482993257536272,13.122284684157865,13.641110263232344,12.23608479494095,11.073299145204807,11.103883495517838,11.456372493323395,13.031208551235427,11.49991626523196,12.961577313353944,10.47516604494145,12.28716071652097,11.248908037323766,12.522109127065326,11.743725734818755,12.797530797164635,11.565086171600651,11.974026849442128,12.808081562187716,11.898108341131397,12.058310528595195,12.7604750915407,11.923247225222385,10.415188471211234,11.428959641929602,10.076549533594145,11.750058117266947,12.471312554991503,12.124598336295003,13.394657122220035,13.282668261984167,12.256735554124718,9.607819008182574,12.671344933189038,Health
11.228294423465798,12.881228392196297,12.312650326948134,12.656083648473684,12.5016693764818,14.390180916082764,12.521183243309611,10.719860217218715,13.071312443383675,11.569557042491402,13.345193020324176,13.542885053397587,12.621845498853444,10.72236658070162,11.539681128596383,13.34075151698358,13.999002587374308,12.061926134493785,11.72520058450796,10.81987255836388,10.832950661895179,12.232782137822369,12.700748152272277,10.512645015535231,12.829336939485907,13.372277333056978,12.630590207874102,13.65286183329415,12.35546982481293,12.365366769558964,12.346262838102886,13.35942306746255,12.537639449249829,11.470246264623,12.423431697925523,12.433447442972899,11.787666032509794,13.022583256860521,12.091485896280057,12.705287019013728,12.509760277681487,11.274226328358749,11.020449901681985,11.28473650623631,11.91884190859321,13.591527036887841,11.952588241358665,12.373754653921457,12.87301577521371,11.641146933449651,Health
11.585327768086254,13.051579119523094,12.568170266761374,11.436011148539636,11.587654395278973,12.08531670517728,12.329620855611687,13.24397771303094,12.53199501124129,11.016493483494349,11.213721452312623,12.309722520146881,12.142780978246023,11.156028037004722,13.052897057599461,9.75206846936296,12.335624139378247,10.453039538344035,12.880698456787792,11.73500997197157,12.747726591591805,11.60900580278052,13.325743574819214,10.134199958169527,12.879489651303592,11.392151734125342,12.375099931882891,12.417089926119619,10.607578798208245,12.997414997398112,12.393702474297974,12.116941057153257,12.385178154553941,12.125231534643945,12.834678944575195,11.528577812953822,12.83618373173242,12.57229778553024,11.827982338605864,13.84624452391248,12.451601635802874,12.195000076841628,12.573960817622934,11.895232711090852,13.201100491463006,11.978642410301958,12.81942828109199,10.931719993118872,10.204179600918595,12.40263352879882,Health
11.616193505830099,11.807337001748495,9.658596617319557,13.700625538748264,12.1045569819454,13.334574527890213,10.607420974813186,12.098648934513587,12.407519389150025,12.133967120055424,12.233497710152358,10.610084966403589,12.317011450909655,11.157319637822008,11.382285522995334,12.016507761559645,11.648088209767868,11.705581915098394,13.123975795855591,11.843950123357175,11.60310494398727,11.87697923483345,10.888512417424918,12.162562309946807,12.721840528002975,12.313983674151464,12.036656813638507,12.601477446670534,11.44588769170004,12.039247806454071,13.398308055556148,11.705924254930313,12.607886058361094,12.632898533915325,11.242322210301362,12.687941656300357,11.393151737607353,12.429062890327607,11.377039513614157,12.28106029707118,12.129223829429796,12.111938156507977,12.271961187899668,11.469344680443102,10.833650962155108,12.081606465316181,13.10279328941976,12.583243936350684,12.447247683669934,11.489113054658993,Health
12.18649121229372,11.169504269160877,11.576412121979267,12.357098604073805,10.183336667749046,13.729539774348147,10.66582970931256,13.888715308621865,11.16109726716068,11.15121866462532,11.602399897729832,11.560576863384199,11.394988680245657,11.629430371412454,12.091715141556191,11.102579755775833,12.840713898725802,13.412218434812871,10.055293433285314,13.855387733595945,12.772539809402506,12.257560671532623,11.425768472882993,12.16661623861999,12.897453014912754,14.609913607670858,14.191933589296118,10.471380457898865,11.792178988810342,12.077524278105976,13.343555605863543,11.91614486397295,11.244750843060261,12.053788905867975,11.614665129936796,12.986513582128058,14.387591698302828,12.91055902586748,12.950852615587351,13.235588265210577,12.454540698843026,11.601256681557183,11.699781781651629,13.096002515624136,12.288937549201757,11.017723143302215,13.309122042252898,11.22588471787166,10.872618117071182,11.123104620572189,Health
12.306386338859545,12.97272417162837,12.254700295345149,11.44314287492802,11.192074246887046,12.771120586275005,11.907291126657125,12.341004366593213,11.85972938290276,12.299441053033895,12.390247928202696,14.42537457634618,12.402487839389918,11.612610520837713,12.175612697067892,11.050366419259062,11.041573328862931,13.249676852377934,12.30416029494335,13.119008508488408,10.375083990708253,11.024471392865049,12.298228125537195,11.17564034708565,10.576027132380894,10.921089236470745,11.678836162344641,12.41310199277098,13.715158999490697,10.947407274856317,10.999101392971522,10.549062033714327,12.573114555540743,12.124809894711085,11.035166930700317,11.169177264434515,11.87607131119361,11.932641803739054,10.960319704539815,12.17718777857668,10.62374304756041,12.049013040231278,11.822422764274942,12.401109134720356,13.21127915644045,11.629323519153537,12.000399027068312,10.019319674604041,13.971720866038966,10.139407053405492,Health
11.917131244863967,9.45139845987946,11.17433990287945,13.7354476931188,13.144709790648626,12.985011797559315,11.807247693676722,13.650928586113194,12.257360663192202,12.689843289570257,14.646909280072114,13.090322208380782,11.934542094710684,12.510428875367829,13.404134305203957,12.622471144979277,12.783062581752116,13.287934632402855,14.530139210594257,11.065195098877298,12.702079380937796,12.459586834114095,11.61430843572836,11.352617628595198,13.652054456379432,10.977759452908172,10.590951960533884,11.437014283713506,10.218098118829456,11.154118208401703,10.947443530111256,12.086046250490982,13.445483440566715,11.410741867820201,12.865101562163714,12.751262619455874,9.779528558315283,11.448077870446548,11.623987806704239,12.381457759845912,12.570065656238672,12.330826683248565,11.105006973191745,11.366679945321856,10.496757472202914,12.066385401444752,11.63281444172291,12.532667636806089,12.69687972208349,11.666228489902217,Health
12.282098674138743,11.784180877793117,10.88651222991331,11.199837708955314,9.731097062047972,11.604254610906485,11.406455949907542,10.904863234618336,12.819179051964058,12.526281034698444,12.553747409148325,12.691624235823395,11.998207784048034,11.987923505771196,12.830208148894531,12.667273017184803,13.027415639200354,11.956392027209166,11.013620335506017,12.237103217240744,11.421747423801241,12.653535588575478,12.287800425989708,12.05144099657955,11.607973318115517,13.000676427539577,12.92390016683693,11.439511519278499,10.77161705966048,12.179445389493747,13.185902529997717,10.738211187324763,12.470362206446897,11.179025431937674,10.98309576856564,12.931184521843331,12.65034166303,11.847709573348734,12.789499847003412,12.68351967709411,10.513752057330802,12.08427141814476,13.412805254738245,12.473814039462379,9.384221677385984,10.929350795750933,12.995773968792964,11.442834907482103,13.1213391406618,14.046102483634508,Health
11.762052185676248,11.382160466344637,10.993848416260514,12.758243369180457,11.397319919402445,11.597763463414475,10.891428788349588,11.567435489767853,11.29328381277191,10.01801673589593,11.161324694647757,12.746189623978038,13.348995652692405,11.89333024673396,12.033695165005499,12.285982462780254,13.962610833134304,10.990149621005381,10.737857309247005,11.948405146656052,12.394209415168111,11.966632660341746,10.635458253609086,12.884807447917131,11.86186212630521,12.55437726605742,13.552791649998424,10.536712242775273,10.281640281527482,12.565564596447079,9.965522548750897,11.600122114440252,11.428703170598515,12.35985231541322,11.333891663514102,12.491966179001658,10.933010809664252,10.757920813860077,12.019282945360755,12.105281476593863,12.295207090386166,13.479576536990475,13.280609976082589,12.451617199045963,12.809393228830928,12.262139042793592,13.179502368377262,12.363882583515606,11.447757513827431,11.24753495660788,Health
13.15098126308882,11.816914742131242,13.91679720383353,10.895559978506611,13.251439877344758,11.573513835664805,12.407265824718273,10.698269139207584,10.161505159507144,13.479985640958802,11.561315694817573,12.985371206719632,11.343554673066224,12.986728197478559,11.571376776465309,10.789522230580719,12.646484890950422,12.944600521062346,12.640431905879781,11.855247080967308,10.251142952837169,10.931053087808952,11.297989492157065,11.741738592378736,13.130799132231125,11.882635452496164,9.893376594087028,9.409075536940314,11.305244144859676,11.486675752920938,12.35564764413583,10.54750263622419,10.617325295320846,12.453589993626371,13.334206107292628,10.036462097724321,11.231060959236281,13.111239632142244,12.933075828902806,11.074308547395079,13.15987808569039,12.044907042000895,12.660051433213312,11.29596646592241,12.292416604685798,10.834191772868285,11.452653364005453,11.703121891687534,12.140127241201643,14.406530139628101,Health
14.559859742537153,11.612094973713909,13.479599206019573,10.890847410471483,12.399277126081707,11.31434787678611,11.54903674702749,14.660759550945194,11.613016647074831,11.35015780803345,10.999679302302878,11.230733269991866,10.57822057198386,12.222851323560013,12.204867500452307,12.337717253144785,11.988573785121508,11.43262050826682,11.343155298679235,12.159003654922962,11.948485487913167,11.364233786793339,11.713400872308398,13.539448765150501,13.97017259835144,11.779768722239627,11.266221568406822,11.956900505888909,13.135881703213665,11.956327817415595,12.355090459282575,11.342466289174515,10.833310194443692,12.761553531071202,12.19484466236938,12.655835860763677,10.289206842324607,13.832642908468756,12.252280219374002,10.192767757339453,12.986908045834635,11.626611264011963,12.030507929758372,11.522277446844168,11.90210373171338,11.95247976029804,10.329929686998877,12.865762179102273,12.11286838575472,12.446189511839787,Health
12.815950950921609,12.120859536133421,12.331093582085563,10.529577658616482,11.169627133253297,12.085012561216923,12.185704744544557,12.40070746643296,13.406046192964471,11.905791069849418,12.362893068869461,12.058990842169301,11.75027931420258,11.789168420107329,11.215714407782293,11.88298961715035,11.781120886934335,11.848308903869155,10.258098249376511,11.901058789761189,11.122946574573218,11.938147865708647,10.905230354515526,12.049926886718076,11.70303214588014,11.373718585370822,12.289337123731633,12.375476046544168,11.950690466714141,12.568788163266554,11.586703012048586,12.399952061024813,11.957776230991934,11.000668347111404,11.198647718653055,13.165401774667188,13.576339121165457,12.713253713722636,11.416811413176939,13.42772350478262,12.6125490017106,12.335646633852619,13.842309589652752,11.140024519950257,12.772985909399996,11.185399142773916,11.393370032828795,14.602061583522534,12.50236350248316,13.849187262145916,Health
12.543580764289212,12.40241989458628,11.373902349396175,12.977742259139655,12.02531009824076,12.080476308501883,11.738872318207958,11.89922198839702,12.024928244478554,12.122881306072841,11.949280980950718,10.443152209714183,12.541941985093022,11.87697963727682,8.682681678711155,10.412115192283673,11.526543762913104,13.27859629331968,12.607715463059328,11.312848791292446,11.809300440651077,13.10454317579929,11.383667279291737,10.914044538702768,12.880548562435113,13.11606871514307,11.395103593886788,12.487612800755276,11.959400101470028,11.409332925329617,13.168732271342323,11.336029672858096,12.75600320225703,12.068076286501226,11.827503381192194,11.444774091621637,11.013384732285253,11.75009775746784,11.487581926562473,12.092516451144801,10.802549790456343,11.848325050181284,12.40596293894592,11.326726001520957,12.740982434074148,12.849565134559908,10.792850548615647,11.241594297621075,10.659571662095596,12.423079443869673,Health
12.127878024176862,10.398872977253955,11.34795475326681,12.308321838514939,12.112951968385264,13.210153713537796,10.848080434581593,11.991103231635629,10.998240013538824,12.110153517507504,11.818946122646693,12.271757906895708,11.590847944965677,12.762327776934743,11.285319911072614,10.984728052520992,12.225224989905806,13.853869844466338,10.478678617950827,10.855447583320744,12.231553623978106,13.12722509055104,12.306434451038662,11.39200329351483,12.420295494068254,12.51633201847274,11.319810348186152,12.824845545396371,11.965483256291003,10.250302734468688,11.865169816089068,11.430937242133254,13.30489187804698,10.671048727676391,11.516876591094762,12.257206795686633,14.419038270928052,13.954924458632137,11.954762485620082,12.349292681583394,12.601984854377598,10.987564508714527,12.010142386195964,13.35621755988363,12.141613422693347,13.949804797487069,11.554361326629845,11.911347520832186,11.919298520130617,10.698656012138494,Health
13.105971253047088,11.666253017611698,12.258115864335519,11.401623765940311,13.725163322253001,13.23265598395009,12.058350960451396,10.775805883322588,12.743951913056758,13.082975695864105,11.072686033885683,11.856605981181161,12.07684746612171,13.086977491259521,11.848655183250674,12.962043122153025,11.227103699983996,10.944572215222568,13.831521141573898,10.687558000439578,11.248766330316988,12.784952923919555,11.469346782747028,11.44268955738748,11.80247829472589,9.844025221708536,13.120598463259618,12.175884257632635,11.18855950878573,10.283696481186592,10.634643219089323,10.405697177503566,12.227260637475263,12.237242065605919,12.612158701696437,12.732586937551607,12.62816388047839,13.537842666158376,13.195241457911377,12.958394148435337,12.236779596726347,12.720738843313029,11.589394821454466,11.779000724004032,13.721414774616644,11.442884951787129,11.36928111992138,11.637927309652081,11.450694510428375,11.535452075703061,Health
12.242298438166047,12.275032970569294,12.91109252565119,14.188077215576925,11.631659675800254,11.93443792186358,10.16205083017508,10.707692408709008,11.853788823151907,12.463582313524093,12.49138277624383,12.617080226191584,13.257466607322836,13.70568781086674,11.756603590989767,11.197873870917789,12.654887759813992,12.933823895585633,12.135831581821554,11.821004465189263,11.495833843844595,11.957764555859967,12.690068383783526,11.331738080932917,11.199045194523373,12.59959319890119,11.1519553052889,12.151163753371163,12.09821188269099,12.000410763375925,11.357341907542665,13.733905949596211,12.398330988352964,11.485592654648544,12.330936915139814,13.832225086451968,12.08951275776501,13.533351885247992,10.852246064106128,11.148850832339717,9.859599441830985,13.975763657226812,10.298143536286545,12.1742034755128,13.737638298245113,12.971163131660042,12.37629266465657,13.28312362365568,11.331612231095356,12.517686012504347,Health
11.887352030380837,11.86675407872471,12.19058838762622,13.175320486531408,13.566539715897582,11.732985129830114,10.911307651862735,11.180420066425429,13.947794859997334,13.480776447360752,10.908719005841995,13.661009125833647,11.288340807417802,12.664605260857607,11.287592199921013,14.16287000275638,11.429859077931509,10.950190042345058,11.543475531415536,14.626877290594415,12.260554399652237,10.971785159611102,11.211619332713195,10.252320531971094,12.540132358229727,10.749457118748191,13.105658698125263,12.790085564618376,11.899980989835303,13.236121197280433,12.92558939702368,12.156910523059961,11.231850835707819,12.413534003163406,12.407698181654553,12.491454929960899,12.079032411158266,12.327154184948835,12.30214981540359,13.362091164407795,10.725899696621893,10.998411529760002,12.075130000250363,11.240011643102685,12.2108726639775,10.886845147422186,11.044619763457359,14.060495991643126,11.770667382068048,10.828758336007846,Health
11.885177277219928,13.036420964059355,13.205530502058515,10.53892839122237,11.232956706978586,12.222706834452381,11.96602581111219,10.39999376225243,10.56200999705208,10.93239677959123,10.229112253765939,11.541528885619043,13.194496702448912,11.334156765545615,13.082255610419777,12.029696584074713,11.816617893155106,10.334260462634369,13.169817017567038,12.116427360824494,10.400107334325014,12.381854630828116,11.412164611214834,12.061321533065454,12.240134153669697,13.215735684042047,10.872721335248311,12.57188215005492,13.328297441115085,14.520486771467695,13.049559952072263,12.361406461171937,12.275021818797201,13.552101669509788,11.71356300757467,12.795902546151302,14.194102660639665,11.890625526342701,9.98604778302656,11.13918661419501,12.293445409243127,11.163049561983124,11.65278602322029,11.70495415460953,12.56094930325347,11.054034149484197,11.416235304646833,13.407047189700894,11.518037908792593,12.725785529314349,Health
12.013938100545516,11.976882250951537,12.738141566437012,10.13753773504158,12.443344407884485,12.552762336090828,12.848443603550969,11.624529260890974,12.000525630835725,9.547469391276405,11.330158703036531,12.175585300479034,13.470661473454145,13.845778913261574,11.657552101100503,12.874031592863275,11.852793301863182,10.384041391133387,12.605055279772923,13.831285246367447,11.618562979792923,11.092743096458321,12.067368851617863,11.87720843668906,14.610041869978511,13.005862120715872,12.129390097684222,9.104670266231146,11.856701509490678,13.852226629713972,12.080047510411761,12.821849460232885,12.391959329959318,11.513337940756104,13.691315723890614,12.188905919572647,11.293129721549327,12.021525044289525,13.42754666599177,10.520548376415821,12.270266256648487,12.073634761652787,10.45989127682556,12.766767790955258,12.256451715175196,12.878528043380305,13.138078240123471,11.944439959237357,11.444396278174356,10.575470553755165,Health
11.355661536713102,12.010947875262481,11.036423183818377,12.583451931901417,11.096574177000761,10.237180662258947,11.422064667293832,12.184228015568094,10.74055476289572,11.111737856189446,11.36982723268575,11.5011218506069,12.297882212721728,12.63789888100945,11.525568945590832,10.96106156803652,12.136735711557218,12.517724599547757,13.613773887940788,13.146171240745847,10.741152211649872,11.859008189738622,12.456161662465522,11.149807575399207,11.649296084751015,12.673959263172236,12.249971402593426,12.001728422848535,11.346450784351616,10.554396677389157,11.68756492552443,11.908773324390909,10.531572404981157,12.047970911138556,12.392044141627041,11.308008247049013,12.403444867447561,12.27570589064707,11.695468251215726,11.584029116378023,11.667803635196591,11.143799739783931,12.344643003158362,11.154727993253896,11.218919145892597,12.497265527541114,11.757929120402741,12.06169678799856,10.288385140856601,11.476696510803608,Health
13.680770131166838,10.219191779853084,13.749628658758184,12.261213778783425,11.467012966743619,11.795579063103466,13.23051345127412,9.722505229255956,13.415428828237438,12.265643979800027,13.01224304991507,10.251677167326992,11.772533915319599,9.67164843122564,13.197583230371393,11.017291214256991,11.002595766735217,10.065570565668429,12.444369446051706,12.071890425835608,11.252129710843137,12.263103233072828,11.220067746773532,10.240711899572634,11.636201988882236,13.644718411663979,12.971666364504511,12.45537144846174,12.244024689611564,11.636669109114672,12.735976718400984,12.565323789015883,11.916886413932403,12.19908044497676,10.394139563144464,11.519702752697894,10.806893417531736,10.78782090813617,12.470273446867962,10.735390651410734,12.768089050270165,13.032000448816769,11.938295662133752,11.3944838639315,13.031023138979121,12.552369285173603,13.19517963191082,10.918491086804908,11.739651382585585,11.781435114313048,Health
12.209424660090207,12.62488676954142,12.137831330091796,13.33540268410557,11.62525488570475,10.95098966607351,11.334331488049914,11.209922815620693,11.544074952424927,11.730810710557765,11.773223382173457,12.231927497144195,11.538904565255352,13.048801011907539,10.061804891951413,9.773143051118446,13.001309271231626,12.922732576449013,13.23902355043755,12.636726980919681,12.002528291836207,11.741571387908984,10.39786499687432,12.14767060968395,10.56320061760193,14.466114474870729,10.967951476753905,11.92456692260466,13.506410879150032,11.63397158757687,11.640719071112947,9.413215870436154,10.690221185902773,12.561536970488119,13.672835142345994,11.108848795700302,12.196739883180806,14.708453522118507,12.566801742583475,12.976074805929292,11.233925752314297,13.552373367183563,11.307689221217757,11.131995009996837,13.479378409942896,11.363061634484248,11.99632506058475,13.626185388980723,11.085879048992147,11.763191433875157,Health
11.389788945369546,11.671271384059153,12.039241949023733,13.340097816244558,13.642290933251727,12.155839749679544,11.273417315909327,12.678037596242316,12.005265198737494,12.037897689047288,10.96817683599141,10.382914565371882,11.981080023025736,10.930541243597588,11.469732635158488,13.48266308509381,11.92984304127154,13.107092449072638,12.296142992748377,12.583836585534623,11.449963135800653,13.152911466187623,12.310828265263524,11.735598140079295,12.310299929601866,11.284757512246172,11.70631788496093,11.944728566448308,11.47431110130754,13.558720109918989,11.58481708645694,14.082519814188739,12.067267151178802,11.76567039878988,11.495572106929307,12.42240930602211,12.894192932437468,9.462063621928987,12.004883331484132,10.011904454141236,12.981825687181203,12.99968623439485,12.040973771726906,12.208394367080508,10.57023444836101,11.452713836525243,11.38781993780231,11.550995066512217,12.872174133704458,13.281704663701666,Health
12.610574240402627,11.67659349415014,11.25383662833314,12.090524079610574,12.2965222482159,11.779017595648796,11.340933992002046,12.615255492339838,12.71352428887432,10.688066311025912,11.616264142302965,12.777901692947179,12.988581213177767,12.064566811445733,12.365334315539224,12.252538142674675,12.954308596041257,10.890790179479367,12.267605487664106,11.111141450702453,13.08808092253466,10.941653056228144,12.408488969965498,11.116499280750752,12.752424118337615,12.439288960329863,12.239663223795581,13.960935372668475,11.297471941967618,12.926070746370975,13.172012534862064,12.926357509397807,11.322651186284844,11.765402191434669,11.394036284829024,11.702699859522703,11.158829902370188,11.63675708796082,13.467627001395755,11.680762240371338,12.10583689199115,11.274568407551113,11.985007575194421,12.82667081178043,12.489449031601627,13.418293034105133,10.790192165520708,11.243632182949288,11.587099216724306,13.524917838642036,Health
12.29878531163913,10.58293919592168,13.09223668387994,12.109592658815508,12.890320161649477,13.58355102363803,11.022400939193487,13.583233396040166,11.925799028890022,11.58608011663206,12.154663275178365,10.807499320413662,11.980071663938435,11.757308095461285,11.061848771722756,11.353608396821873,13.138120300585987,11.82232218551886,11.019269331918986,12.448159359776943,12.766654263550416,11.997998535557517,10.76587331505793,9.453491593400223,11.099155711362705,13.054258393607595,12.962843395899128,11.203952954471351,11.764081769129632,12.69780278333065,11.861547042743927,12.936320061732639,11.902774742790683,12.481597654944425,11.677222896583194,11.216074205627745,13.165697510744605,10.498031399879906,11.400303787291126,11.90565691685086,12.858659599769826,11.121115425417301,12.12684406518576,10.613480510103365,12.440382722007863,13.823713759386342,10.04043150828235,11.272613871817297,12.836935660436133,14.943647693574263,Health
12.588064600980115,11.270561943419606,11.851422422130126,10.77314660963697,12.805131860381797,13.04610501714267,13.40627971026536,11.669924272171688,11.192474839628895,13.49496601045519,13.380822593897886,11.012125732732686,11.62443510159299,12.78952217888008,11.7477638719348,12.031644415389264,10.530896004148955,10.877677979908123,11.908564078095242,11.30122369930936,10.851983826757255,11.685855988381805,11.12245801066076,12.028068276438344,12.992494655545443,11.698734204116654,11.573916871283483,13.073698240667017,12.733523364827555,12.798007304956993,9.479292427288744,11.551694753875376,11.428260077110668,11.174416119016085,13.053590583803652,11.45654213469731,10.609609592161938,12.246168095987866,11.992385980059694,11.077572666187772,13.017876692753074,12.530882696465051,12.527658047208757,12.483966404897112,13.089594566375773,11.844594346035763,10.758443651664443,11.792779784610333,10.344376411951252,10.93794295262311,Health
13.619075780810308,10.8994156572367,10.826050558690275,12.669622227187416,12.863211728057475,10.333689230508313,12.24878385582229,11.451606997039523,12.330577130038767,11.697326806010512,10.634397301779167,11.518642605956003,12.62578764133481,13.943704824687018,12.389849483388168,11.609074094699144,10.820352484972295,11.841548200421519,11.621556740770808,12.305779072213538,11.940374915580044,12.479579708787956,11.640294632526189,13.709117097561347,12.583821882701479,11.293305558679503,13.001110683864376,10.843989466147738,11.145319476879898,11.199013354695374,13.328379327538553,11.82124818122692,11.37131389394231,12.164103861031503,12.54206809668366,13.589181392175156,10.50300822672374,13.263312786123533,9.932655009803819,12.906286226373593,13.163281932005404,13.215069645268217,12.568838017464465,10.934897172248313,12.747079477654987,10.932493904694569,11.061302221295426,11.54373473075332,11.633848962042494,12.24070322503222,Health
11.304599490877555,12.32969554531641,10.627681274315995,12.03881352263601,11.727542741761019,13.013829125549991,13.114471665890823,11.83004115550869,10.040513211109186,10.525728019002567,13.123744180433103,11.856643306357759,13.749154662717867,12.896692950608479,12.255171227090559,12.12854976200786,10.851109534180202,11.368686046911758,12.416276789130983,11.654914240608239,12.468280426024567,13.029238374613469,11.820343588457932,11.568456126635475,11.103692354101774,12.834885976673862,12.753500286521925,14.187079083092536,12.17685959127521,11.903361750659052,12.467325716112704,11.712044972321216,11.114684338271477,12.088780392215767,12.457811640591723,12.524092321396136,12.444066526774419,13.063888941791078,12.520519796658684,12.270600573264486,10.734413959335207,12.245878675890731,11.829149362260173,10.87838568401435,12.500869993297965,12.518197176688503,12.425403646731485,12.555594952759431,12.123913648799817,11.753272231651327,Health
13.770042776606843,12.14823535628982,9.457418219580418,9.572289417787472,13.204943728413964,10.16600433495895,11.45566379386379,10.784195653239081,11.697427393213085,12.386109958172312,11.335343365818993,11.184391949195803,12.729281016118819,14.631879947978774,12.540425153855002,11.08597670468131,12.87113818506178,13.74413839333054,13.06334298530104,10.45628786104887,12.528448253135679,11.540961453689118,12.05251602034959,11.625851386351345,12.74274903086076,11.647051106079747,13.41783209273545,11.997029550285463,11.776521677198295,12.571774243133483,12.357209901754645,12.600417716201502,11.866763291576442,13.334496114218618,12.990264036928018,11.987725099721137,12.822677157229013,11.736994944235922,12.570267265895655,12.825317577190003,12.249716495673972,11.179869542432114,10.80656341234068,12.293493960688576,11.276133041426808,13.054324807673762,10.491235677707076,13.317239728611113,12.050966004178557,11.145722638791701,Health
11.548656379308477,11.796423992410874,12.483026080536154,10.774749786504044,11.040907093622307,11.67573986158617,11.969272244157917,12.716494487892575,12.269233064995012,11.610516539023633,12.236450313497636,12.165483961858362,11.74826947050915,12.116262365763367,9.848465316505806,12.933484880151532,12.547950191096593,13.497982175869968,11.189050318765663,12.571499967500953,10.095016752923057,10.234369040289218,11.7630520990709,11.42133331637333,13.047339776565206,13.178343993752792,13.283631793503313,12.59789109911875,12.641009477028284,10.718301649683958,13.399701897868741,13.251892136120379,10.620059481151642,12.468047084708488,11.453286091174448,13.849615239128894,11.024987688603037,12.092591486527127,12.18596912447274,11.946645006780482,14.148355755732958,13.691053133238038,10.362397365407908,12.48712408506626,11.988649986703908,12.834291982193688,12.212896027581845,11.187392623180845,10.96250559301853,11.598093403795241,Health
11.87946167853963,12.193907721447003,11.42944375623442,13.705973794045676,12.535254518275629,12.87395727926674,11.861269576938886,10.96247334252935,12.88334080695755,11.006535587903254,9.977186041699408,12.565623021409491,11.244386843298132,11.665738498353278,12.693989062218003,11.06962098352872,10.397793095163761,13.219423642181905,11.941691440535134,13.257344542773284,12.626132901246116,12.655646960284,12.16343501148549,12.162606669788014,13.13451076721051,12.814471978487392,11.410977060654442,12.49300083076727,11.380656577306262,11.687393951132815,12.568382877640783,11.365562031847022,12.147612920525857,12.380102511223802,11.660665679379441,12.719683817395888,11.560534285365119,12.942630548986708,12.130695943912368,12.172845869904673,11.101245121512013,11.765376194273228,12.194856415251108,13.024420807164978,11.678315662870153,13.020708948324092,11.244378414893124,12.334162967401705,11.493224021675132,13.544169191146988,Health
13.363675109773258,12.285706755843727,11.464927896182774,10.483025863119295,12.378290914649329,12.207537491535264,12.85815981215132,10.533637551082021,12.14151927206914,12.428985770492437,11.098029447936176,12.116525543031983,11.27305101309248,11.174646363922106,11.469394815775887,11.733901650164615,13.238734877250563,11.678228644958988,11.15414868590532,12.812890329449264,13.027688738057785,12.819447891599845,13.369267305475438,12.192259641290402,12.155606147591921,11.296125158578828,13.399018661555834,11.907836017078555,11.696427077758685,11.606991954819975,12.636573575340101,12.08354496653538,12.189501742893055,11.675465071924975,11.801699598590451,11.851934383730118,13.421570512007987,10.198768370654701,12.448191312231849,13.088162345175558,10.161471843360557,11.928521419741754,12.982110785982618,11.247031267567316,12.268540990737188,11.068022169682482,12.033085216113344,13.277588977393538,13.69561121663191,12.255236684736786,Health
10.721034652211946,11.68952871299665,10.186830712114611,11.70601367861754,12.96469837253932,10.637117376724879,11.79292615718754,11.183812168383248,13.793689186926937,12.398686489854477,12.850373846145681,12.29259562594412,12.76098383859603,13.080640868866158,12.038302457559658,11.468813764395241,11.064756885378205,13.758731780863931,12.820678652021645,9.776798045443442,11.755376239546457,12.416083604834217,13.672256155014477,10.897324349504025,12.426350739756792,11.6002699141502,10.803068696819661,13.345429855199683,11.035829709424565,12.970783884468602,10.405415439398269,11.509986615365777,12.572033894079476,12.716777293980279,12.436881954215606,12.985418779795255,11.711398653456033,13.392387477731942,12.356617122801953,12.734806686956011,12.363592183004938,12.491436043509161,10.998854270102628,11.058346733530808,11.458817302534468,12.514316680683587,11.411386626245077,11.703924132110966,11.927358844024901,13.41787128896357,Health
12.60278545071481,10.538694324639593,12.159689522202347,11.696577759159585,11.771673311638116,12.000644486542065,13.125841517757893,11.186494647339448,12.203883366414429,12.290635618960042,11.778624767039341,11.361677406014133,11.24466315049027,11.579360840280561,12.737624917533594,11.641662327715538,11.900861077360105,10.843029018223724,11.525651241518046,12.229355968358815,10.332777147188178,13.044892934419988,11.407138711528104,13.762987560323396,12.419984608514866,10.165152035905948,12.277527852697842,11.681975986252924,12.289983758383535,13.61673577565959,12.704972193995118,11.774274215829362,10.60312406097373,12.872777970828121,12.509733324045026,13.157902118091929,11.857136771858455,12.29510906685342,11.753736296965842,12.086848084774758,10.485477691702144,12.318269089904968,12.382395011334218,11.49614792703291,12.606656218603097,12.872561816684449,13.400164687536535,10.979948144641629,12.669384809259185,13.337899674905037,Health
11.649204841982332,13.394919135371024,11.274092972990994,12.069708742104524,10.272967112513866,10.132740354171043,10.446625049835246,13.418733579567741,11.22441098856298,11.226949049358042,12.408249544747703,11.25644585834564,13.204990258214302,13.86364484970699,9.778337095347506,12.52026165190462,9.939517796746113,10.639871174044023,12.477647981890492,11.056302330687924,12.260920256710943,12.031060472359137,10.351936447189006,12.65741287316733,12.298997658227872,12.038826687768953,11.351950478115915,12.389669936845351,10.706105178195802,10.991972596450607,12.320927739005368,13.0301521642169,11.52286961803422,12.457010904361104,12.204958182167267,12.414304578454406,11.308216629483463,11.850752844827655,11.961765354082287,13.49838753235116,10.895503871336391,10.596209814997156,14.999389572375037,12.30896974668738,12.548506637665676,12.642167453307035,12.77188522232306,12.898998987236833,12.776457227037776,13.12702023858672,Health
12.167391271641257,13.072224731298158,13.89198647230296,12.195915772720408,12.480785509508543,11.420189584017903,11.835172974423825,12.352852939579561,11.610766059127442,12.092478708441055,12.341327982846318,13.520622748539655,11.136207500750066,12.420163052433024,11.395835432765512,12.76603631415084,12.845499435975642,13.67746127214368,11.574311930772591,12.145559384639029,12.804060070989182,12.658636970264524,9.512200924710987,11.312553327510901,12.57011642248887,11.790204145762559,12.811451151348697,13.042074086051997,11.786509534621594,12.600823210325952,13.456141904284468,13.01850343018471,11.229352874197888,11.814866546789116,12.027480653052097,11.064774019830276,13.069994414669946,11.355044452750144,11.898575716602378,13.071840508535816,11.549006813519268,11.66339182166593,12.33805021477834,11.591086166882038,13.532610949592536,11.084555121836132,9.705187133679747,12.842996542031461,11.642431328166577,11.192369325232075,Health
12.383914015656867,12.419391140648786,11.23811667142669,13.186889319151419,12.861877013097432,13.974573285995824,11.541365942737135,12.15626867769242,12.233331765220592,11.673052698790697,12.403218917241043,12.478424375397196,12.478879742843644,11.673506914236885,11.790677999655369,11.43290495427113,11.249177828047076,11.936050934323617,13.51653210116419,14.039049225933212,13.313858228763245,11.536121693715701,12.407671755521196,9.953086537558812,11.844996251684032,11.611446256468815,13.874337155238003,12.260409289060153,12.050721605646137,11.931565919035327,11.709137430947909,12.531557198667628,11.337597730733298,12.549868129488615,13.431756693573792,12.112640616868184,11.685668782338293,11.924679700927824,13.200685460627737,12.139217476105493,11.39066594183608,12.808653563879403,11.289308428109042,11.766572420606625,12.229162889118218,11.192969706549503,10.213588853805096,12.4494432858954,9.808160539130087,11.073438124529034,Health
12.778186039278166,12.41919927442617,11.842069527010244,11.104505411392012,11.568984243763023,12.576486576737882,11.867633581862838,10.76484135372071,11.120073239704073,11.565377725348958,12.366981453497953,12.104561452109458,10.753546238675533,13.347056325080313,11.257099071603346,12.441046507579932,11.052636516026547,14.48193164317774,13.325017062389952,11.225586484477622,12.088460595026932,10.970772651842992,11.64401375749744,12.42294625526718,12.845047321404646,10.761613414674642,11.251442444946514,12.941765368086791,13.323912933637674,11.226872915103735,12.9568552020486,10.764407513165258,11.702498944822551,10.855591978042822,11.59426408734845,13.909272287351875,11.945099056309592,11.718068532950026,11.435225596401905,11.700181921392824,11.191492206392699,12.136803674229354,11.967406017958632,11.542592305365535,11.454731123682834,12.182836159045436,11.270674766784722,11.759864740159253,11.548781401906455,9.793903850696807,Health
12.86009169856263,10.167348263913674,10.231716926103303,12.895336922421528,10.891535350368413,9.923516821488942,13.337375547247444,11.361980741318122,13.214732517324338,11.084728993810586,10.356518512453274,11.678356034051896,10.791995068251635,12.40425369119398,12.676156179691999,12.92970718335958,11.68838123753977,13.380337055588797,11.072320967632516,12.134101690609656,11.861641520851219,13.9726261021945,13.207796582145901,12.032156317210736,12.198445411272257,13.535577506736377,11.248412927108918,9.966935303226531,11.032348167088681,11.585502146112638,13.360761009191927,13.035774012142253,11.956139689494195,12.46658028772407,11.291096246026804,14.088529918330076,13.213083502235294,12.053550559183376,11.926394678153327,12.701507183505038,11.94282544391236,10.178619635931138,13.533263412401897,13.16863876669573,12.372004133296066,11.58039442051895,12.009817142374235,9.356118594392367,10.892609837180146,13.76709832118064,Health
12.517269601289854,10.051300791991325,11.17227895138658,10.074710743933444,11.219541316781616,11.834836478111297,13.60160484660318,12.785110058761603,11.697854024016003,11.74697784789315,11.199466813396949,13.090319726840725,13.20954240751042,10.661730574415301,10.27934563361667,11.681483533511104,11.804087869771836,12.258665391360434,10.325300339887715,11.284382520921374,11.91759719658009,11.221198903012773,12.857860940193788,13.868532745287792,11.461359605244429,12.88919899892483,11.642826511891904,11.0698284694825,11.287759091259485,12.76862877729142,11.358376084359477,11.553943013055017,10.856167846229438,12.633929109402459,12.458160021271864,13.455027607651571,12.59630109819291,12.412908669762961,12.583280463609702,11.744064112221679,12.110115702055294,12.931191674499798,11.17978377047351,13.701681514453734,12.637983872831104,14.02116287808268,10.824544683206302,10.824420798136092,12.372012215100595,12.123561473237167,Health
11.542941315475282,10.730637431560986,11.73224946472656,12.217125440003954,10.69150411296369,11.589620879795845,12.382435287634225,12.787697091284127,11.713764817490086,11.198948433119863,12.115216867203012,11.793234747418653,10.534949779691251,11.549490495837325,11.410218311648814,12.02278296253398,11.266283509780813,11.451557573497714,11.817823123085635,12.638389300501682,12.092810656815985,14.66489548617377,10.73510874211881,12.911686140445195,11.921920432302727,10.605776981684073,11.621604339428522,10.486526701866458,12.08264677524606,11.695011436112129,11.314846357300327,10.939875350993757,13.016702951266586,11.840297995340627,12.20949975954306,12.17686750196667,12.108069877766651,11.673452847126367,13.517613268850555,14.236321394046596,13.44789947497925,12.021446100165413,11.952509018010973,13.092757526901659,11.242368680584589,13.710314578413097,12.791422537524122,11.72026840996737,12.28190466022219,12.62688410349661,Health
11.572477925963792,13.034365918666374,13.272829124158157,11.737360995279936,11.524349318623353,11.894589042684185,10.84317129511118,10.332424211984886,11.566736492810826,11.040045904264604,13.770718252531447,11.543791388375148,12.455707101957717,11.371792100255416,13.782235393657734,11.80609432209034,10.756342417029899,12.67025408483433,12.259442875251539,13.203067412398894,11.845883771185008,12.107876749888367,10.492607940594446,12.835486948833799,12.062713292798028,11.875801891359185,11.770709053118107,11.717720946292754,12.849019950873984,11.07441095977854,12.743493616978384,10.394655426514081,10.083442155951149,13.410728135793244,10.977118983730142,12.10579429004194,11.731995146833611,12.344173728590382,12.051399174900729,13.043009891231602,10.570802077377142,12.670931121410389,11.948696526267566,10.467740780997481,11.470098870119681,10.39611022967093,10.326771792683985,11.563364302622745,13.18633730338274,12.312622353900803,Health
13.299378255220036,12.075951105332214,13.549767453028705,13.446594777339858,11.050002121899455,12.071000655703497,11.277571947556318,11.85518199137862,13.658212243212148,11.358386931083508,10.81384143153559,10.879997425672812,11.604532431364337,15.745379227975828,13.4728223057095,9.127048861565104,11.964195322500354,11.37104105639496,12.986322688475235,10.820996739439131,10.963562113256131,11.428513761702726,11.308293639631671,12.651544661779553,11.665448864693458,13.00324725332427,11.18965639062685,12.865758753055154,10.842950870224795,12.614753648222186,11.500114893365497,12.891635412244744,9.559079720074548,11.216743867276138,13.168325001439232,11.798156649967138,10.298742556685486,11.293012109997594,12.383584555501614,11.18908799327283,13.161052529126609,13.085100782913658,12.667714414592954,13.03084039925491,11.484819471247611,13.487123271855202,13.075630626851137,11.871122669667107,10.37354780996781,9.633259304592507,Health
12.989670435813025,10.38893583912786,11.078697974877414,12.477081665887908,10.70023829471318,14.434334985043971,12.237448638758277,13.47809299242074,13.042587068434996,9.462033461295604,12.744455103546258,11.983863911434439,11.937531263204091,11.974600435923644,13.054714287389837,13.645369378270871,10.807878457146524,12.077302676466426,13.401924164057506,11.792588663609166,12.202980960841105,12.217285355242018,14.114770443312786,12.748359572557519,14.0706202712419,13.743597925993225,11.772958363596592,12.300781339094751,14.052155416509727,10.858271160992805,12.761112369941522,12.771174981368892,11.723598879455361,11.619572906930417,11.756790521504632,12.702446873875708,13.472964391323316,12.739014140955408,10.7422301689798,13.50585417807309,13.192927359560084,11.754398461730817,11.345523344644425,11.09181930165728,13.074337165526629,10.120618570818946,13.098870237495952,11.548670294010138,12.28490556491086,8.57862037878328,Health
10.226661939596543,11.32062975707465,11.08760728672703,12.758424255479557,12.303201404963058,13.934063440426797,12.51333085133494,11.349918736715248,13.223346548470081,11.536936531876465,11.479511801070878,12.002122947458435,13.6191921645547,13.051050679949533,13.019879838962975,13.960512635691916,12.996178666531106,10.771546188099672,12.538322808530502,13.62315816340481,10.481774924366537,11.984629820093268,10.932148628633293,12.12846988542526,13.13523557468886,13.34273633194653,11.815813199050266,12.661387842812724,10.495936745897543,10.251548176130063,13.119595336572244,8.973532473225937,11.312674098607847,12.67690691764474,12.220621452513857,9.16377094854098,12.525658116623616,11.138711316460045,12.120815470717138,11.376000462731982,11.307812487734166,10.200369738561491,11.640971498643248,13.236188766884432,11.577363937437411,11.622809470353971,11.29549120137408,10.713882683407085,11.002217534572852,12.22157847480173,Health
14.459247123087438,12.975538968093572,12.620038336021516,13.991496006737131,12.467928342139153,13.074627914999136,12.213924970049002,12.4520223170345,10.591493872863783,11.690029724694346,11.438076312648434,11.38503532392262,11.326340276990763,13.431010494922456,11.631458472593568,11.855541107993105,14.264740194933959,12.77545798147713,12.007960682617144,13.058389439580873,11.330888295407318,11.57534122528597,11.63833766904361,12.249555056206454,12.466713585890224,11.050785661019871,12.4069886349575,12.604453919890819,11.53230005959669,11.834472586602546,10.86304906070486,10.491085640325428,10.852878345536723,12.720636971405568,12.52301902908545,13.927544264929958,12.03827650927018,12.05170993402227,12.337144202681099,10.933040607473416,12.903404875093937,12.382084611267945,11.052639771034157,12.371673017550435,12.758462466750649,10.668542247391159,13.057304412590915,11.549757690124945,8.929674073257278,12.971963578043207,Health
13.342734625574652,10.876454180678751,10.328989167567705,13.327858493099868,11.382638604830772,13.344882487502737,10.208038144861858,13.405156120266492,13.073352295377184,12.54056357655096,9.995742101184574,11.637593403165017,13.00751269295768,10.313001294369966,11.477652623575324,12.39644893822381,10.84102701296587,13.300502276545005,13.102607418785672,12.242190993726863,12.434025758089192,11.459526045370577,12.589707997782794,11.402280489995961,11.803218751127218,11.507591128896717,13.435525570316482,13.207058680288627,10.996554607425882,13.337624603779737,11.201982053766166,13.852869992053925,13.570950587736654,14.192772324310873,12.292945091505407,11.71951158275397,11.69723672286359,12.375181812679385,10.985982477768246,9.590366896894478,11.600335659428108,12.04092791367632,12.555526535978068,12.397224410175951,12.140827351764138,13.169470868965693,11.127377817852798,11.327975495393645,14.109174567680531,8.81623068199663,Health
13.11903182195111,12.56340984384275,11.998616455772693,12.896170665004378,12.718492679587117,10.54070059971679,11.02607889811478,11.519318103150562,9.8787429364089,11.99135929362014,12.637512973933676,13.165732278332287,12.077969694827958,11.250429849650645,12.22400476673545,11.92127177966125,12.785081313067506,11.954618649231195,12.889455402301403,11.738578975170674,13.290226486178458,12.177544491523877,11.402112537688122,11.666864812981913,12.72704276894683,10.72927526239663,11.870455610020562,13.069206294137164,12.516885116288927,10.849188155644278,12.311240517236278,10.657995289064058,12.186541693170213,13.37984771835503,12.073400132473756,10.868088202260486,11.809010579623905,12.194467287269807,13.092105399084367,13.083128313540104,10.910763328981393,11.675911805125889,12.393668610866447,11.395230957304783,12.498383214704658,10.651968928592018,12.261404235732224,13.027320961205401,12.053950422382924,12.175739765296,Health
12.844308536362803,11.5558959374736,12.62203473330073,11.969439397218057,11.091908973144397,12.902312356067783,13.400925026983263,13.158521947451183,12.90225554886607,12.510647191329042,12.362946678194648,11.906180004617138,11.337378057610806,9.934105309749238,10.432642275339173,12.014577521940799,10.72360700440528,12.414092489212397,13.747388537546078,8.774693811006163,11.027504651017633,14.185878608855743,12.834224951203542,11.888334299473367,11.468110305446945,12.585814382688813,12.97920489600222,10.730612541543225,13.491794692325373,12.398462597535497,12.93814260574239,13.023997674548784,12.312270878209741,12.445430886072641,12.517748821710883,11.642899201224397,12.648464457175129,11.740440615895885,12.000657856722171,13.563910660348077,11.963962177914267,12.413508050214034,11.825225180123393,11.634173423666256,13.92871204814844,10.535581753693954,12.05210372123203,10.79818131632288,13.254392980499674,11.938420235445296,Health
11.531187029540657,10.164988351879652,13.576278858599338,10.672194787085527,12.486758397156061,12.931778617485588,14.173897279628209,11.448740758624929,11.144516419398926,11.572724630559183,11.411658929261593,10.116381961466168,13.635451734964988,11.581949700016933,11.840325507822644,12.627457214234365,13.386095817929748,10.839433327433747,12.357619137698983,10.78421550137926,12.333648345547148,12.292214126432125,11.526987970905141,12.233455524486194,12.251787358672182,11.918321140579536,11.79540094685686,10.635626958314289,10.909284842038252,11.385775054926967,10.991322039667233,11.426711868703237,11.923843289483496,12.088249982403317,12.561677708723302,12.156883463798684,12.119007925487292,12.536406320230448,11.083112129844125,11.166755552357932,11.62678906554612,11.302796022135265,10.246930432029384,12.575986795494318,11.00168173406387,13.811606304935065,12.165367647722544,10.4982742267091,12.666933319485493,12.033277763324765,Health
12.290981258194725,11.502433568611552,11.068754216737123,10.538729347254334,10.717998886028438,10.631900164591002,11.642598973759098,11.948392674126946,10.452919704977607,12.902677877149925,12.14164474550769,14.427116970862814,11.594901213080423,14.232971379198432,12.745985135312395,10.040656862318032,10.809328944646872,12.317950761195775,10.252408749828529,11.103743305903306,10.407662400115509,14.138711795891986,13.098627956790487,11.66101714034884,13.512402294945554,13.257908170311175,13.310339857876604,11.440669021947372,11.691114106641146,10.903407742131431,11.886285654051704,11.187442448190332,10.925870520524708,13.131597367455637,12.671611216514957,11.117586127092459,12.945453689705102,12.308818048149417,11.684635947800412,13.590760816042762,12.305382698493279,13.777521008908538,12.565904608820105,12.65187227801339,10.92414777110428,11.442896425723735,13.457464072478595,13.16193658807588,11.641666943827117,10.647062581086992,Health
13.659773949887619,13.066642739039137,10.855574888706613,10.855451802819825,13.833552154932473,11.492383130621366,11.510165225315475,11.319475404063166,12.35546995797797,10.599724613123453,12.237595992746035,10.593262740296138,10.600296594273395,10.634365103446605,10.672825362975729,12.722364177037173,12.72269113221646,11.83729736743256,11.36843820779502,13.381797534671682,12.694839617446265,10.821314253885369,12.350560080589576,12.298986365847842,12.7184507987763,14.749007734762666,11.18156792465512,12.554423189987924,13.496019554393287,13.718243503804437,12.18054957690987,10.692357065839944,10.205103351243498,12.82646786341971,12.342528944328894,12.128128570013622,12.282645664599675,12.978515912237697,12.546343405891744,12.38665536076533,11.406417278750169,13.039479085040552,11.422699560502291,12.967746404678484,11.607345217577782,12.58942915714914,13.763612143522066,12.660572889123552,13.416349789012603,11.628566109281321,Health
12.096160736305057,11.645385956741235,10.340299829095311,13.068710226796446,12.568877835609122,12.49792203113933,13.231765874000786,10.864588427847142,10.624634651041662,13.241367212997764,11.929658580432276,12.214850508074052,10.532898289374847,13.472124929615756,12.671255450687774,11.424399637933899,14.085702086516463,10.636532792421093,11.67058315930246,12.986961358553616,13.153277246781535,10.506865551783445,11.716631391030512,12.745798250659972,13.473059996356971,13.388923932583282,12.700434663159292,12.089686392292592,11.820624344652309,12.498119760856289,13.434019320064357,11.785979008354893,11.726829327475164,13.145253442636804,13.061609183462672,11.500104515792009,10.681242404466794,10.286556354103695,12.130165892259546,10.895402577286296,12.896260712945715,10.28326459213122,13.613630092588345,11.663203842223398,11.201268647918514,11.45884287958364,11.135232419752533,13.5147042755083,12.671629838346659,12.096851250933382,Health
10.797120510838678,11.944957034437632,11.229377347420344,9.369049815738801,11.30639415204364,12.60523974073131,11.573860612714695,11.85501045977914,13.04099406220169,12.861951408043767,13.960917212427917,9.806450900422979,11.157712260201496,12.908141701543489,12.431395387701151,12.099466278368272,11.395208586308623,12.226451471179722,12.168886840709353,10.148008345621168,12.213633787075697,11.482969588806617,12.841064255117503,12.344656400173534,13.955905285245898,11.99992658585529,10.90868888020302,9.511342948373049,11.061724273623854,12.377351361228973,12.632870781266366,11.394797141784588,11.569870496560206,12.069936329275983,12.380053209320609,13.020081688850517,11.412422828925346,11.25736883519484,14.024792435676716,13.78322847915437,11.470573825306143,13.142539111342845,14.204708758989549,13.316958338789899,11.237090299383334,12.104812505150528,10.248188201689873,11.035053137673767,11.984698704610857,12.219755807229216,Health
11.307009218356031,9.248326876498359,12.193562857323606,12.728171626348956,12.76612311888185,11.794148166049867,11.864838443789875,12.246505642247673,12.408899154184647,11.906550675225962,9.677017800974783,13.397047572453216,11.535661981998432,10.776100429678422,11.60741549324033,12.111686208155225,11.390918274354826,11.4599610876104,11.6753645221371,12.361811868422688,11.201011138091204,12.337442490809883,10.61972084046197,14.005885451598916,13.072315978745864,11.725330606314834,12.334750000675072,10.831830916171617,12.561821678871443,12.845408557919198,12.26632730340403,12.902284319497419,11.992968340062722,11.898616429485187,11.340131679042472,12.555903656682947,11.163441477673866,12.414358928441848,12.303222557037577,13.343983310861173,12.583502861391102,10.24319752059473,11.336481100224448,11.310513780000765,11.268115981306185,12.966601181496465,9.796640935692512,13.42445332609971,12.998534872222612,12.185754537937694,Health
12.349199060671282,12.075010584298907,12.15858265324722,13.126343440160245,11.77629615789623,12.600339277271923,11.128748067812671,12.53253746019357,11.7272624668519,12.42798537716394,11.135429284431327,12.449245971258021,11.953229323070973,13.564853816884021,12.258950411198663,12.493232394771695,11.558479249562463,12.31209107228004,12.474009233384573,11.645759297689331,11.56776509945085,11.19337757451555,11.923948359070002,11.346840997920133,12.292256864588182,11.209594848049505,11.877508131891169,11.054248296985826,13.144392407775445,12.024850052061035,12.015923547035728,12.595479947410936,13.775244939330255,12.08109562039102,10.509109217514768,13.181935190845508,10.642685878062057,11.503560377881305,13.192519600555608,11.664777137449278,11.427729750368904,12.281301561562188,12.009685952754445,11.306617380270785,12.87759699195726,13.227975635255818,13.3879220491939,12.551760864043967,11.298933194201378,10.744720075349651,Health
9.683113868892999,13.033114801548377,12.194568989505951,11.581084252140803,10.066698400970605,10.816898673073844,10.234502133126163,13.44190527119936,12.635697061738655,10.694057035804413,13.63506958294758,11.277857411031944,12.34927975947945,12.35161933214525,11.906092648194685,11.696908100307752,12.033994605977337,11.720020762506334,12.249099485194906,12.288785739480781,11.475774723738397,13.10124518004931,11.162963162306799,12.390201130025005,11.660622259336513,11.131006869436144,11.722581794835017,11.339171909654853,12.658730932526913,11.905447905522243,13.369218906765479,11.048588845424078,9.803130095918293,12.394758815762463,13.722639519831539,12.488795737662674,11.057590902956692,10.977079753762679,14.02583322422296,11.620619554497365,10.985094218237126,13.190419720359781,11.852766851777083,9.972646657224043,14.08289713813674,12.584406490322028,10.488327357616624,13.395791905263941,10.95216683983375,10.891971698075096,Health
11.108253977085003,13.939507429157318,14.04541645402205,11.452058389106814,13.705619037784466,9.712995150640026,12.914056753502017,13.364172270398626,13.506441294691678,12.076897424481867,12.566077780811286,11.28288565575353,12.02514783657666,11.835784173722992,11.778281228760255,13.134656609125006,12.214949435498486,13.693172293792696,12.247975905777148,14.191312582769177,13.227210026456767,11.913199403367532,12.174597317767443,11.160013375534716,12.160206777436423,11.017480937737327,13.33036963694016,11.656391798884949,12.355648213367626,9.718705814478987,11.732870349236679,11.628338618894345,12.92092340132694,12.522488853272808,13.018307791991813,12.442648856557252,13.230556364867844,12.419129684456891,10.62377051584589,11.909686821335253,11.961193565299904,8.734811321350215,10.983463083600327,14.04173588318049,11.725450109821931,11.894654457599847,9.82165468472461,10.652765818266609,12.484334397879287,11.535251564487828,Health
10.891103816355482,13.297381950738203,11.298857807779397,10.699065632664892,12.040459915043359,11.185040420625846,11.183766483171853,11.938893676059177,11.356432095057313,10.33308025301481,12.558566342663704,12.865922879965916,11.749406612451416,12.620164749077652,11.631094890973175,10.090045566583587,12.896423561144143,11.900814049762195,12.150997504044007,11.893672881240395,11.818424378643309,12.142049166111565,12.1612206657822,13.263531291399522,12.438149345142307,13.176540438429862,13.507041974993184,10.388617056326677,13.27667536887275,12.65309760460448,12.488408900094452,12.989567134789494,11.73520105765362,12.602585720841365,10.942224654642553,10.587947560484954,12.53168734790013,11.930532993362336,11.997088945473791,11.202353073186742,12.391177016114995,11.573660197240761,11.953438597829214,11.513315822729943,11.197939840953712,11.792986521415507,13.185586011903093,11.527036040014472,11.873376610039662,11.734894533802569,Health
11.362890987531982,13.229241157356105,10.63833863056551,11.914623835343132,11.156489634183444,12.567228126061888,12.13391335486402,13.182285791038685,12.734554989727693,12.081598369332065,12.744344244840239,12.835757573163416,11.087499178478671,12.773132626563847,12.297262589848428,12.48946973259224,11.59243493760793,11.145649118665526,10.96578518630619,8.591725410672975,11.290661475127072,14.439255003568363,12.822412668865782,12.318460773921649,12.961039674876535,11.739969527429315,11.60808667317939,11.709764730777607,11.263999410720993,11.346298575866436,11.984192944872422,12.064463320994838,13.326206964880122,13.02464772188633,10.514452090622802,11.705546696206712,10.894379881480821,9.391677079398672,12.087247587972755,12.57722146954623,12.071330396029825,12.43690577041328,11.665267256616703,10.972259703247238,11.632988364236672,13.368786631089256,12.374619569411216,10.479265471635575,12.130068274341085,13.273781866444226,Health
12.761339541547851,13.286810461471768,10.511467476774857,12.125783373037269,11.651737603030483,12.594972603459137,11.150882090330228,11.133431189687322,11.996931494305686,11.078247245199037,12.259425201940093,9.960850033824315,13.175739822415816,9.21480121804349,12.904721966275693,11.419088171876343,10.550462315924868,12.169992924683125,12.88561423948846,13.158502372378406,13.12578919056266,11.141561773409405,12.204849144507305,10.221956598950998,12.07929500331001,12.338101726849848,11.624865389058515,10.164316594300718,11.406149855417532,13.907315388122377,12.391019218703345,11.515324014431767,11.840828340284954,12.384615396179182,10.450782632773095,10.502764333775968,11.263813075012962,11.488696276344594,13.793958944591129,12.07065463170159,11.483092774097324,12.056520263423023,9.975151926230875,11.095910156748072,11.251513976691177,10.979453877002264,13.234483104097295,12.660079820352433,10.789463765951904,10.733161267065261,Health
10.740571648350157,11.813265910260917,12.20013041728467,12.416134473957754,10.985589413765343,11.821634179188989,11.94411829946194,13.196940792258667,12.77420916902991,10.56473620230692,10.116243200572779,11.88898772589879,11.362771993722351,11.039046460119584,11.243598508281131,12.579545192137724,10.49633217584061,13.848341748966877,11.282473998797043,12.632534354942413,11.330959413573623,10.481732726107559,11.854052621583996,10.745982989951417,12.147099273229928,11.974802633431118,11.305387562120366,12.151435886570292,13.038839232773281,11.89005542968912,11.271437708282308,12.399940865325908,12.4415714170936,11.715098278227073,13.37347210837383,11.700459419997568,13.48794108172723,11.345271388564482,12.850380169774409,11.780205696562463,12.268546131653714,9.973807645410442,14.168729979139652,12.316935933217199,13.016766181912878,10.622317686783715,12.17158942446948,11.820578973589084,10.942396421672122,13.285284884404417,Health
12.146272079773905,11.94583850234281,12.62475056198869,11.145317282676617,12.161289746214345,12.090182246080852,12.134131681949833,13.0273030703231,11.575528290802222,11.47002711695232,11.385630171182838,11.344237770770471,13.102334358422977,11.929309517285919,13.022804963357563,12.271021641411224,11.125876390765894,10.493037420524617,10.547971250921137,11.109140578968345,13.019721548173873,13.30079193451347,12.092953341659703,12.92691202805392,11.445010928596773,11.372171896678466,12.770772529022668,12.166265416510464,12.733484009589528,12.051226782462717,11.624635858864966,11.784256925778555,12.307130577422381,12.239862365788397,11.068089392989933,11.878297260809328,10.479442143792744,11.650885292732234,11.07924196217503,8.954129398193224,14.210017742651303,11.227704456727963,11.05870224102712,13.622920795410234,10.827986741862809,10.548610499900194,11.794592237465192,11.505026501829619,11.360642112134693,11.082695665756543,Health
11.811410691434993,13.6364902099369,10.389357948121727,12.840603226927087,13.533691172507005,11.373802971346459,12.376396399468966,11.878037988510302,10.280711704992786,13.218986701285733,12.035221102973992,11.479014823588727,10.478330627029537,12.520902237894074,12.152118167854855,12.605804752327973,12.55526470102038,11.18680059946777,8.58009402084629,11.890060126109505,11.822820698003072,12.163817193573678,13.517877958282655,11.951271966750078,12.692579392107705,12.377092493874194,10.615191273360002,10.70981790580668,13.153583891194549,11.120533274677625,12.36916116165191,10.976054539758607,12.74643588943907,12.247423292441235,11.70215907031953,12.666584386671609,12.259699007941853,11.277734069106836,12.011951632283488,12.669109878736238,13.107695222737622,11.871280335397628,13.786453260453897,11.255482931724366,10.443155106036789,10.588938311504876,11.99004771197448,12.01202468118858,12.125602544566018,11.331943312161371,Health
14.225714806370688,13.5109301184898,10.85571283626099,11.89807072748456,12.049284389408651,12.68563003422602,10.475798699737629,10.285874244178606,10.781089524483736,13.504108010679811,11.345295102741943,12.808529373328856,12.588830671636353,11.820316165264671,12.827436603955658,10.77247912253897,11.528565360208303,9.783288886007998,12.097682073485428,11.20767834275412,14.189927821967487,12.058684126090316,12.819360834786625,12.6528153417029,11.922350230294693,12.992087442001752,12.033071544234641,12.475588111733646,14.357996652429337,12.192264117104058,11.472211626900245,11.2921835712573,11.916930216819178,12.117182851739498,12.059150447775252,10.41800505839674,9.736444877455849,11.031278490683102,12.058709479481818,12.063189498202709,12.454533471886064,12.363003094066542,11.500476031896522,10.979321343275315,12.52106258743894,12.226115904716305,10.906790455763003,12.624775112266647,12.957036489607699,12.789466865099577,Health
12.964471227253501,11.249391715974813,12.851798910433775,11.842159271078216,14.044821259458818,12.894127592191222,12.429399799751097,13.716258552372123,11.493704362753313,12.550685895440294,14.235582512793222,12.813188827008545,12.1514432109401,11.730185299392033,11.031726870398428,11.710444905119765,11.181170400494413,11.76979109417707,11.889809119169824,12.988749048130384,11.591384508396267,11.403369251431547,12.887234873657073,12.696696129764405,11.756551221173975,12.600902610478158,11.737969682421609,11.78681503816066,13.553868905357161,11.862170980115398,11.594157781483231,12.01788026500965,10.034646356803947,11.832048726570878,12.254733441090275,13.98138620437453,12.092379714463627,12.437916604712004,12.3464315563658,14.268602710517014,13.00270077439794,10.549001821460092,13.229158443809766,11.055073258720897,11.346368050328051,10.700261790123514,13.822334303012056,13.18634286895561,13.23066156987828,13.035887712429448,Health
12.690742093779193,11.680308263609316,12.206048489674906,11.483657466555773,11.148664724787354,11.359517983950202,14.354172286574148,11.617698341670128,13.000776275428093,14.077169764552274,12.780705745904408,11.21198096082406,11.263389710895678,12.118852877127788,14.256778525987524,13.423542664568354,12.536650008986467,11.795825242241252,12.37944464230647,12.18924468923041,12.182908139813769,11.124592737582105,11.105806002214294,12.328807074341825,10.840349325164539,11.374889103182506,12.02964438811842,12.330794118799101,13.115749239610336,10.74695020654177,10.749999587118083,13.30631481302912,13.676490366752757,10.95591457758537,11.154776486923526,12.545561165086939,12.04872344536192,12.056512518492543,11.219364979684979,12.719695549846243,11.762837170698335,11.72994989643129,10.86876136528735,12.791341698896003,11.638634696214941,11.954848385116447,13.189796766771314,10.953159047065332,11.913322874626484,10.441848013636683,Health
11.476358781992959,13.288218243816837,10.458599567195671,12.23568114676978,13.603541733444711,12.548753115663445,11.41619665945628,10.888267470475974,10.070388472792523,13.562326942945585,11.579117509504979,10.198018918761692,10.978835026607271,10.921903695630988,11.504885957365085,14.388355616518679,12.922939793161568,12.484307080815006,13.197471549010475,13.833861588416104,12.528130427747008,13.441197455628865,11.359237719623746,11.137268662334943,10.968401878378465,12.293948434209433,9.370122615801623,13.324703095310687,11.506332194755903,12.826288687997693,10.608191675182287,13.111247412546822,13.38285207014582,12.102910854571094,12.527777012648194,10.973765650558725,12.045548855117994,12.972286975091988,11.696993596661988,13.526378479028953,10.216800278321152,11.671348411880192,10.07882017335237,12.316162612757044,11.786976731363946,11.824128175120627,12.740002224839005,11.716245089691146,14.806699958160355,12.808527515251534,Health
12.030045681548087,11.325290126217592,11.089280210922299,12.437028287661356,11.473460929293728,12.99088434994393,11.917720999895606,11.921083883818458,12.11465050736922,11.847980193336905,12.277144037830032,14.069512967117578,12.54081933800736,12.423342235076449,12.78700731833103,11.89149060477824,11.036347426201988,8.980916941527958,9.9491719490035,12.747943253244566,12.368799264559337,11.852013551295617,14.362287842289344,11.96574089560215,9.638239888981545,12.750494401586177,13.160948394733175,12.720084733835357,13.175725870747126,10.239119981524517,12.094687299651898,11.169974047006447,12.523098088756678,13.520313478044256,11.6318717282771,12.651603520743443,11.123536766976569,11.982484483675519,11.485791574378249,13.801000891996486,10.920181889056133,12.088236594156331,13.369312398249836,10.055039549599895,12.43125069923009,12.111112463998415,11.318819690773418,13.216105688295954,13.715962342506012,12.657986134782389,Health
11.70323054969709,10.553072763159554,12.179983186489517,11.846348432167888,11.907051544371527,11.503113568567793,11.415172311486694,12.029062170422353,10.768709186494297,13.03641184569908,11.236692702866826,12.112037793834869,11.675714306699502,12.65019988468499,12.595436393809246,12.5070378896355,10.831107786418402,11.807543169401747,13.602259678217287,11.65811394480155,13.049281225776312,11.989858525140171,11.690236359233987,12.186560591114585,11.16779532818929,12.899873777611795,11.14607771657607,12.553661971405388,13.078608866315221,12.425730431295053,11.430983274324266,12.185706624887207,11.26578355085222,11.788669089930343,11.47671671593873,11.238752947417728,12.63057512411858,12.983941300331889,13.053273382299945,12.242117968482395,13.46914474637769,11.32310156297898,13.285149189926313,12.909561218519293,12.039831596804094,12.223065653476448,13.036305811010694,12.661869326750042,12.26148212687219,11.549761951505088,Health
11.075705898708692,12.108314724157278,10.85565580262265,12.732223303321726,10.225687431526286,12.306988230404963,11.723176473306674,11.56058611291071,11.723463349375264,9.117730468667498,11.558102986765299,11.13230902579404,11.144985451240414,15.120976620705855,10.611081755764086,12.39614057014084,11.204411755772124,11.087788326647713,10.653196523723683,13.128300329542203,13.204414975765456,11.379735920960298,12.912137777746004,10.964171684106734,11.598900205855648,12.67896375481648,10.998788492596894,11.260688413554137,12.024502503695667,12.037292963969607,10.921683454694046,14.232972736191925,11.156170474364206,12.952771733168793,12.595855200771293,11.194630408057321,12.463259139154344,11.159415834219285,12.070850169134504,12.824060439930108,11.44178199361168,12.411480736486714,11.4239879701811,12.175641601361649,12.106137505703254,11.63336149921831,10.168675230801037,12.780890471049007,13.990476082320603,12.139611906565884,Health
11.386961380032355,12.208092183436559,13.146026610369397,13.279543296955547,12.911686123660466,12.445179993365265,12.675300925634579,12.118285599665626,11.04396373879059,11.621449235196893,11.677078501011362,12.292556657135142,10.236012665275053,12.511037686244613,9.987037942756036,12.411334621892927,13.169845916699762,12.894839550633094,11.104293318649933,12.623603491003836,12.704355808019308,13.705775977545962,12.365713639543078,13.026119154150201,11.5628739011965,11.147936251025977,12.864258504445145,12.87814605069228,11.364522213114999,10.788167172020508,12.123243575668347,12.043777682764809,12.233875336822964,12.885829079369103,13.02886099279377,12.007852476392628,11.004701430638153,11.274320389101733,11.403325350392377,11.879839169890294,11.485432663695141,11.7552389735537,12.073804004266576,11.356923791428217,12.321994393061818,13.827645758839921,11.833274589744454,11.318335518168606,12.306680411669223,11.204913528603894,Health
11.852691011845417,11.32155451289896,10.930152280152463,11.121419464364491,11.339189212385179,10.958281774984053,13.278813807342539,12.431373774517317,12.941812310717639,10.64167039993904,11.706059059622495,12.419181486666748,13.652709388629257,11.24728811594023,10.713696086452622,12.19062542956189,11.326250258482,13.70581260149378,12.542013882364122,11.714319024620666,11.71722201007726,11.87338222123287,10.175319664666716,12.041972083540811,11.513016115362884,12.632756327206593,11.102372221635596,12.68253020086618,12.542979186581475,12.159725641789386,13.253700308153896,10.115261875316605,12.443881389136866,11.955253234778748,11.925928931034717,11.018191084962162,10.5803434556095,12.892320144203884,12.788114358673054,13.798618631398869,13.962904071753323,10.451863335177727,11.845397405803757,12.25072967196913,12.962036261677861,13.42683864550299,10.970909059109058,11.459004324367505,13.37083913311955,10.326908991860035,Health
10.923486475283406,12.437779305600847,14.054329069330137,10.322954520536223,12.059570679487527,12.554400177516799,13.469827190782004,12.446727976562347,10.158345319259613,10.714084056633693,13.372026726039655,12.440262707038293,10.874172710088413,12.493496728451735,12.307159053529206,9.505534014687441,9.900548955515722,12.31077719775351,14.035426984019917,12.263756405543909,9.550572525205396,10.387579334556282,12.625761276335814,12.734777690784924,11.805782636270974,11.516110350189827,12.793878517255315,13.10487314570044,12.693961709410587,11.046088760643686,12.899243901473884,11.64698647317555,11.39842850444798,11.3593289866439,12.021074942676687,12.570314065644888,9.979363560859014,11.269248022849107,11.539118437608865,13.03637180045394,11.133293513851369,11.6690178130659,12.809636093376907,12.039600776965784,13.533121242672044,11.84984027255903,13.88297478088115,14.062681917697947,12.458044276215498,12.418275112584785,Health
