0,1,2,3,4,5,6,7,8,9,10,11,12,13,14,15,16,17,18,19,20,21,22,23,24,25,26,27,28,29,30,31,32,33,34,35,36,37,38,39,40,41,42,43,44,45,46,47,48,49,50,51,52,53,54,55,56,57,58,59,60,61,62,63,64,65,66,67,68,69,70,71,72,73,74,75,76,77,78,79,80,81,82,83,84,85,86,87,88,89,90,91,92,93,94,95,96,97,98,99,100,101,102,103,104,105,106,107,108,109,110,111,112,113,114,115,116,117,118,119,120,121,122,123,124,125,126,127,label
0.4967141530112327,-0.13826430117118466,0.6476885381006925,1.5230298564080254,-0.23415337472333597,-0.23413695694918055,1.5792128155073915,0.7674347291529088,-0.4694743859349521,0.5425600435859647,-0.46341769281246226,-0.46572975357025687,0.24196227156603412,-1.913280244657798,-1.7249178325130328,-0.5622875292409727,-1.0128311203344238,0.3142473325952739,-0.9080240755212109,-1.4123037013352915,1.465648768921554,-0.22577630048653566,0.06752820468792384,-1.4247481862134568,-0.5443827245251827,0.11092258970986608,-1.1509935774223028,0.37569801834567196,-0.600638689918805,-0.2916937497932768,-0.6017066122293969,1.8522781845089378,-0.013497224737933921,-1.0577109289559004,0.822544912103189,-1.2208436499710222,0.2088635950047554,-1.9596701238797756,-1.3281860488984305,0.19686123586912352,0.7384665799954104,0.1713682811899705,-0.11564828238824053,-0.3011036955892888,-1.4785219903674274,-0.7198442083947086,-0.4606387709597875,1.0571222262189157,0.3436182895684614,-1.763040155362734,0.324083969394795,-0.38508228041631654,-0.6769220003059587,0.6116762888408679,1.030999522495951,0.9312801191161986,-0.8392175232226385,-0.3092123758512146,0.33126343140356396,0.9755451271223592,-0.47917423784528995,-0.18565897666381712,-1.1063349740060282,-1.1962066240806708,0.812525822394198,1.356240028570823,-0.07201012158033385,1.0035328978920242,0.36163602504763415,-0.6451197546051243,0.36139560550841393,1.5380365664659692,-0.03582603910995154,1.5646436558140062,-2.6197451040897444,0.8219025043752238,0.08704706823817122,-0.29900735046586746,0.0917607765355023,-1.9875689146008928,-0.21967188783751193,0.3571125715117464,1.477894044741516,-0.5182702182736474,-0.8084936028931876,-0.5017570435845365,0.9154021177020741,0.32875110965968446,-0.5297602037670388,0.5132674331133561,0.09707754934804039,0.9686449905328892,-0.7020530938773524,-0.3276621465977682,-0.39210815313215763,-1.4635149481321186,0.29612027706457605,0.26105527217988933,0.00511345664246089,-0.23458713337514692,-1.4153707420504142,-0.42064532276535904,-0.3427145165267695,-0.8022772692216189,-0.16128571166600914,0.4040508568145384,1.8861859012105302,0.17457781283183896,0.25755039072276437,-0.07444591576616721,-1.9187712152990415,-0.026513875449216878,0.06023020994102644,2.463242112485286,-0.19236096478112252,0.30154734233361247,-0.03471176970524331,-1.168678037619532,1.1428228145150205,0.7519330326867741,0.7910319470430469,-0.9093874547947389,1.4027943109360992,-1.4018510627922809,0.5868570938002703,2.1904556258099785,-0.9905363251306883,-0.5662977296027719,Cat
0.09965136508764122,-0.5034756541161992,-1.5506634310661327,0.06856297480602733,-1.0623037137261049,0.4735924306351816,-0.9194242342338032,1.5499344050175394,-0.7832532923362371,-0.3220615162056756,0.8135172173696698,-1.2308643164339552,0.22745993460412942,1.307142754282428,-1.6074832345612275,0.1846338585323042,0.25988279424842353,0.7818228717773104,-1.236950710878082,-1.3204566130842763,0.5219415656168976,0.29698467323318606,0.25049285034587654,0.3464482094969757,-0.6800247215784908,0.23225369716100355,0.29307247329868125,-0.7143514180263678,1.8657745111447566,0.4738329209117875,-1.1913034972026486,0.6565536086338297,-0.9746816702273214,0.787084603742452,1.158595579007404,-0.8206823183517105,0.9633761292443218,0.4127809269364983,0.82206015999449,1.8967929826539474,-0.2453881160028705,-0.7537361643574896,-0.8895144296255233,-0.8158102849654383,-0.0771017094141042,0.3411519748166439,0.27669079933001905,0.8271832490360238,0.01300189187790702,1.4535340771573169,-0.2646568332379561,2.720169166589619,0.6256673477650062,-0.8571575564162826,-1.0708924980611123,0.4824724152431853,-0.2234627853258509,0.714000494092092,0.47323762457354485,-0.07282891265687277,-0.846793718068405,-1.5148472246858646,-0.4465149520670211,0.8563987943234723,0.21409374413020396,-1.245738778711988,0.173180925851182,0.3853173797288368,-0.883857436201133,0.1537251059455279,0.058208718445999896,-1.142970297830623,0.3577873603482833,0.5607845263682344,1.083051243175277,1.053802052034903,-1.377669367957091,-0.9378250399151228,0.5150352672086598,0.5137859509122088,0.5150476863060479,3.852731490654721,0.570890510693167,1.135565640180599,0.9540017634932023,0.651391251305798,-0.3152692446403456,0.7589692204932674,-0.7728252145375718,-0.23681860674000887,-0.48536354782910346,0.08187413938632256,2.3146585666735087,-1.867265192591748,0.6862601903745135,-1.6127158711896517,-0.47193186578943347,1.088950596967366,0.06428001909546277,-1.0777447779293061,-0.7153037092599682,0.6795977489346758,-0.7303666317171367,0.21645858958197486,0.045571839903813784,-0.6516003476058171,2.1439440893253257,0.6339190223180112,-2.025142586657607,0.18645431476942764,-0.661786464768388,0.852433334796224,-0.7925207384327007,-0.11473644146689901,0.5049872789804571,0.8657551941701215,-1.2002964070557762,-0.3345012358409484,-0.4749453111609562,-0.6533292325737119,1.7654542402810969,0.40498171096095553,-1.2608839543350452,0.9178619470547761,2.1221561970126332,1.0324652605511468,-1.5193699659540134,-0.48423407286625136,Cat
1.2669111491866227,-0.7076694656187807,0.44381942814622843,0.7746340534293368,-0.926930471578083,-0.05952535606180008,-3.2412673400690726,-1.0243876413342898,-0.2525681513931603,-1.2477831819648495,1.6324113039316352,-1.4301413779606327,-0.44004448669698376,0.13074057728609134,1.4412732890661155,-1.4358621511794394,1.1631637521549596,0.010233061019587049,-0.9815086510479509,0.46210347426327075,0.19905969557347003,-0.6002168771587947,0.06980208499001891,-0.3853135968617602,0.11351734525124804,0.6621306745210467,1.586016816145352,-1.237815498826849,2.1330333746562666,-1.9520877995225019,-0.15178509503558332,0.5883172064845765,0.28099186773503265,-0.6226995198205938,-0.20812225035727522,-0.4930009346588328,-0.5893647569442115,0.8496020970210246,0.35701548596504734,-0.6929095952606542,0.8995998754332507,0.30729952087660933,0.8128621188389601,0.6296288419236122,-0.8289950109220723,-0.5601810401969696,0.7472936051232618,0.6103702654334648,-0.020901593964148132,0.117327383308782,1.277664895788425,-0.5915713888358299,0.5470973811700379,-0.20219265243389406,-0.2176812032272203,1.09877685198719,0.8254163489880298,0.8135096360006385,1.305478807154329,0.02100384163275905,0.6819529712949639,-0.31026675659345604,0.3241663524884421,-0.13014305436768459,0.09699596499271819,0.5951570254369136,-0.8182206832334725,2.0923872756854602,-1.006017381499702,-1.2141886127877322,1.1581108735000678,0.7916626939629359,0.6241198170521551,0.6283455092642799,-0.012246772846914623,-0.8972543714858315,0.07580455819372633,-0.6771617115121117,0.9751197334177512,-0.14705738150213865,-0.8254971967925115,-0.32138584165299344,0.41293145427562433,-0.5637245528039747,-0.8222203955664315,0.2436872114919123,0.24496657110872277,-0.5069431753711298,-0.4710383056183228,0.2320499373576363,-1.4480843414973241,-1.4074637743765552,-0.718444221252436,-0.21344715171184725,0.3109075655980046,1.475356216949552,0.8576596232020194,-0.1599385299634271,-0.01901620790268883,-1.0025293646378088,-0.01851313599238993,-0.2886586389201383,0.3227185603380895,-0.827230943552323,0.5193465142411723,1.5327389130025777,-0.1087601484568576,0.40171172209894146,0.6901439917111125,-0.40122047188583626,0.22409248181041677,0.01259240078179486,0.09767609854883172,-0.7730097838554665,0.024510174258942714,0.49799829124544975,1.4511436077950417,0.9592708260852069,2.1531824575115563,-0.7673475628880495,0.8723206367206782,0.18334200573835174,2.1898029332176723,-0.8082982853551515,-0.8397218421807761,-0.5993926454440222,-2.123895724309807,-0.525755021680761,Cat
-0.759132661553698,0.15039378647620763,0.34175597577715944,1.8761708392158862,0.9504238381860503,-0.5769036556624031,-0.898414671348358,0.4919191715065057,-1.3202332070206422,1.8314587658543537,1.179440120721287,-0.4691756521047048,-1.7131345290908775,1.3538723741654128,-0.11453984525261789,1.2378163119734618,-1.594427658794367,-0.5993750229537729,0.005243699718183166,0.046980593764742055,-0.45006547147924364,0.6228499323474987,-1.0676204293825944,-0.1423794850212935,0.12029563171189886,0.514438834058749,0.7116148780888898,-1.1246420918378692,-1.5341141707356223,1.277676821898509,0.33231401197959165,-0.7484865365565536,1.551151975522523,0.11567463429285867,1.1792971840638264,0.06751848141010895,2.060747924881987,1.7553408424432044,-0.2489641484790735,0.9715709509543554,0.6453759495851475,1.3686315575323487,-0.9649234605801045,0.6860514599984393,1.0584244868495878,-1.7587394864231143,-1.183258512665775,-2.0392321777601006,-0.26940683444455776,0.7175422557959623,1.502357052096028,0.07409478041977519,1.6286155455712918,-1.3801014582148914,-1.7033824393551547,-0.05554769889661878,0.3840654489393073,-0.03269474809409311,-2.0674421000398766,-0.08912003951278841,-1.3044695005048532,0.6696725488300385,0.36659824609684827,-0.9398797863273552,-0.5138669173366935,-1.0592135218889516,-0.06267909727317188,0.9551423205012383,-0.9857260463355437,0.5040465155178444,-0.5302576183724408,-0.7928728322623442,-0.10703035995455783,-1.035242322419374,-0.553649305347182,-1.1978778925888485,1.9647251329163893,0.03526355197172861,-0.6997255079925856,0.213979910734222,-0.11232804969082982,-0.22096959953322298,0.6141667000434252,0.7575077100473051,-0.5305011476105275,-0.57581824064468,-0.275051697151644,-2.301921164735585,-1.5151910621985523,1.3668742674445247,1.6449677135012837,-0.24903603955637832,0.5765569630557664,0.3112501545435361,3.0788808084552377,1.1195749114345768,-0.12791759148076653,-0.9555404406004258,-1.6064463202575725,0.2034636358672231,-0.7563507452843033,-1.4222537095976742,-0.6465728842425266,-1.081548003614395,1.6871416350725648,0.8816397569494505,-0.007972641316617372,1.4799441388900259,0.0773683076476183,-0.8612842013282637,1.5231240772696573,0.5389100436846587,-1.0372461543264564,-0.1903386780836082,-0.8756182533847572,-1.382799730964336,0.9261775475316414,1.9094166404701305,-1.3985675738191412,0.5629692366905709,-0.6506425691218269,-0.48712538376469605,-0.5923939242388692,-0.863990769679816,0.04852162794482699,-0.8309501164110378,0.2704568257798388,-0.05023810944913695,Cat
-0.23894804686640975,-0.9075636620415979,-0.5767713305683327,0.755391225825756,0.5009171876243808,-0.977555244798551,0.09933230542922587,0.751387123371789,-1.6694052811213718,0.543360192379935,-0.6626237589458467,0.5705986685931593,-0.7632591565425169,-1.804882100664519,-1.6275424378831627,0.048084946661381994,0.25972250172148187,-0.9043166251044086,0.6385924587773739,-1.6615200622689599,-0.06607979864731657,-1.2110161997624567,-0.6518361078021592,0.047398671316414016,-0.8604133652839524,-0.38455554422982535,1.0062928092144405,-0.5768918695231487,0.8356921120651418,-1.129706854657618,0.5298041779152828,1.4415686206579004,-2.4716445001272893,-0.7968952554704768,0.57707212718054,-0.2030453860429927,0.37114587337130883,-0.6039851867158206,0.08658978747289992,-0.15567723539207948,1.1677820616598074,0.2544208433012131,0.3376026620752022,-0.4118769661224674,-0.48760622407249354,-0.4325581878196209,0.39445214237829684,-0.42098448082026296,0.2897748568964129,2.075400798645439,0.8711247034316923,-0.32602353216784113,1.2012139221639448,-0.4080753730215514,-2.038124535177854,-1.008086310917404,-1.8707919210258557,-0.35151348404130867,0.0184183791895517,1.6764373122752827,0.32692737376416264,-0.21910052880886424,0.8294055811834892,-2.211135309007885,0.23561455810856594,0.7708651938869668,-1.4785862457798415,1.143754043206929,0.3384964074944141,-0.4152879139008013,0.6327818661062848,2.270692857804396,0.18186625505849516,0.24822058630033608,-0.4593608995402441,-0.8498443694647918,0.8303358165442456,-0.8560838259088672,0.07156623721939247,-0.4776574467651167,0.47897982574639186,0.3336621052869483,1.0375399442578992,-0.510016398854747,-0.26987493529337125,-0.9787637157823074,-0.4442932600761116,0.3773004930448522,0.7569886166453519,-0.9221653241776254,0.8696059201056602,1.355637858804951,0.41343490322370086,1.876795812558066,-0.773789199103573,-1.244654703311417,-1.7787202489042786,1.496044311489183,0.6543656563540577,-0.05558467091045507,0.2799686263198203,-1.1254890472983765,2.4457519796168263,0.1292211819752275,0.10939479460489289,0.725766623898692,0.4810092317367132,0.22388402427913137,-0.7904744554453119,0.4714683571359957,1.8820244964750337,1.3454200461549777,1.593186626639397,-0.5112156764311852,-0.9896048202585809,-0.12578692009964815,0.055724912288694604,1.0941915184709485,-1.6924646297148194,1.5295503194606137,-0.15800789857898942,-0.42688106994742003,-1.0121043752601675,-1.6548566718657693,0.8231705839619146,0.07331796718840389,-1.2899608997410539,-1.295078772063616,Cat
-0.3357846992901282,1.669021525289393,-0.2595913513636048,-1.5031429531181062,-0.24574306408594432,-0.2727235697476705,-2.6968866429415717,-0.05429486651781221,-0.23093453020867796,0.6962063648134184,1.8489560949453452,1.1265650295477574,-0.26888869055483056,-1.1065259087416703,2.5733598032498604,0.05921843401448826,0.013929291912946203,-0.024125087110003277,0.19808476076785494,-0.14436041192394247,-0.5736620068802363,-0.5468589412403921,-0.03275327021599839,-0.543424771133765,-0.7128457826771644,0.10643022769189683,-0.2549772174208553,1.5039929885826886,-2.650969808393012,1.0915068519224618,1.246085192497629,-2.0733902324081495,-0.34268759408034877,-0.37144086599579146,-1.4075116947178212,-0.7778166875908753,-1.1105758454658288,1.7522704434236227,0.9356783931474612,1.2715550949941588,0.7216720640432351,-1.1290517712172292,-0.5245202662797737,0.48937456122791806,-1.2221278088919454,0.7129984301723881,-0.24032539815813503,-0.3748208075495975,0.7109599682034915,0.44426331148603976,-0.3609661658190799,1.159329803364248,-1.0810633275998973,0.6159356069442637,0.5931012579683838,-0.3095464393139903,0.326133022242118,-1.251113576385303,0.924027019206901,-0.18490213644298903,-0.5227230205190395,1.0490092258368893,-0.7043436905427592,-1.4084612963635597,-1.5566291735239037,0.6060099513456396,-1.280429352496283,1.7547941819843647,-2.081929407883722,1.6964563682900382,0.2110174672026184,-0.09671311187039239,-0.5449190868089497,0.39913611435207086,-0.037634702424848364,1.1033018820165215,0.11422764866203965,0.1503017614618776,-0.36361221221385587,-0.056945623721067457,0.3078017688920592,-1.7101683926566256,-1.348185422105713,0.743264094022715,0.17086543812794186,-0.18398333635267913,0.01843393306539316,0.34758170536167105,-0.5397596803093615,-0.7783047254023127,0.19584525509768155,-0.978372777615032,0.40825275571447184,-1.7025836042378404,1.0291556373256436,0.472597482413043,0.25602973431387566,0.9826909839455139,1.6654744444625766,1.0143700650181304,-1.8408742313316453,-1.2795769667357015,-0.6248185776956788,0.026091050210833786,0.517659020469123,-0.7257438131534656,0.18676676447707832,-0.7553829323533225,-0.6115178029919482,-1.4066610968482223,-0.9232332461109043,-1.3516846056163336,-0.9758732529773327,1.0536417966078395,-0.949398888831943,2.632382064837391,0.4933179008808892,0.1848361236948739,-0.8583577801812136,0.7003098794089914,-0.5756378262377739,0.12200981464536144,2.5600845382687947,-0.09605989972464987,1.1492733262856758,-0.7031764251258874,-0.0349884904969617,1.77080063563551,Cat
-0.6269670577877674,1.8124485579969287,0.7077519354554754,-0.5624667758942676,0.632407739055521,0.9725544496267299,0.6218099622171964,-1.5702247198904564,-0.7271371758248686,-0.24751863555150475,-0.07443342910004629,0.620672097550678,0.17770100093325383,-1.3353443587101013,0.3801978510059632,0.6105857452838231,0.5597904479310398,1.0807807255546218,0.8339221545489041,0.4591800792284367,-0.07016571145864703,-1.6609609335159914,0.42961821913258585,0.20768768716311115,0.27157883719537346,-1.2767485758203094,-1.0810565404082624,1.0531528533329035,-0.03955515385665504,0.6815006973726244,0.028318376130461172,0.02975613949574519,0.9382838059759977,-0.5160447282173739,0.09612077694098337,-0.4622752887050425,-0.4344962274323156,-0.30917212346863937,0.22213377163371284,-0.4787486216634773,1.2557561255735208,-0.8946073022195039,-0.18687164416135904,-0.4397310582741749,1.4469778843537329,0.19655477651157463,1.0318445394686349,-1.485560373036972,0.26705026586925884,0.889630795623437,0.08228398927542419,1.0654803750653512,-0.5172884501003722,1.40934744018558,2.2988981236192503,-0.36283856043965906,-0.4455025214007718,1.453384477117701,1.5795721457307124,-0.5228600271532683,-0.42018681709585726,-0.2817846088605072,-1.344450511034277,-0.9186519464841982,-1.0041407667520679,-0.7677975651041284,-0.03468488738678118,0.23421473253652075,1.5505004928140769,-0.998354040738791,0.9843223984765838,-0.21398884422550896,-0.04946370965243295,0.6748194921666038,-1.1227220215622986,0.3824097461840506,0.1664522082130561,0.4924512640081491,0.2891686439078181,2.4553001399108942,-0.637739984251316,-0.5309969550018176,-0.6231405264247644,-0.5554771191602547,-0.6373871273065177,1.1890165311075518,1.4205042479898549,-0.5707462937494763,-0.8323555731042287,0.4714155563864041,-0.5522230442809712,0.6329318177555108,0.2029230208512997,-1.515744114997232,1.5475052013300616,1.7958776730955217,-0.6127886904843862,-0.38770155993598415,0.28586539072490497,0.334456789987025,0.6585442726728304,2.0102045387663496,-0.1769472274940494,-0.7982972445384537,-1.3793192280145272,-0.7309300399419191,-0.033126972873797095,1.7945578635177877,-0.5176112990361714,0.2237879516388985,-0.016422896072752075,1.188393273448084,2.5269324258736217,-0.5308687729203206,-0.48943944251822213,1.044160877069072,0.6818914896263114,1.8467073257360336,0.5839281853259639,-0.35929209078705954,0.5906548306923093,1.1087035805829077,0.820482181197364,0.5072740311072977,1.066674689589154,1.1692955904456728,1.3821589910375272,0.6487098875896427,Cat
-0.16711808031685435,0.14671368643332283,1.2065089665083568,-0.8169356709872361,0.3686733088729012,-0.3933388123273607,0.028744822934817487,1.2784518626072987,0.19109906801990334,0.04643654815614881,-1.3598561409799192,0.7462535660272207,0.6454841811410754,2.16325472330546,-0.30777823495300083,0.21915032766393897,0.24938368371075526,1.5774532797634744,-0.0952955323869521,0.27902152577033923,0.6078965097165392,0.1866091231563581,-0.44643361455052827,0.19408999289830758,1.073631749859772,-1.0265152994110602,0.132969674146876,-0.7001208149391732,1.1950466289248425,-1.5231869047837747,-0.5589218472715883,0.37721187506452086,1.5655240292343404,-0.0657502610729878,-0.5551995266931984,1.8811570694405901,-1.448013900416244,-2.198805956620082,0.4400144500533324,-0.5020542243526112,-1.0212328171307132,0.7083564472993533,0.24380071377119883,-0.5640786307367284,-1.2803043986708944,0.8724573282801447,0.650201177958661,-0.09917586377938291,1.8466369960476658,-1.0700847663261526,-1.5255251709247388,-0.6919080698812444,-0.045586016355497805,0.24333944932269183,-0.24123605785632987,0.3520553965142968,-1.251539424190444,1.4437646040732595,-0.0821511783925688,1.1172958315881276,0.34272534637770413,0.4567532191537839,0.5697672802322039,0.44770856001731496,0.6427227598675439,1.3291525301324314,0.19652116970147013,0.7090037575885123,-0.08973569428722672,1.4401172154494728,-0.6763923020592697,1.8009404329108156,-0.04015795064434341,-1.4307751021180481,0.12810441491078928,-0.6810516574748808,0.8406435489887241,-0.6526239793023909,-0.4461834332147797,-1.889540730945531,-0.4523063192490767,-2.4238793266289567,-1.5839028234857233,0.7604146561442974,0.7858001586508322,0.42545756178496474,-0.966976143129213,-0.047711356141979855,-0.0036025390905684044,-1.1583646891925428,1.5033983017671506,0.8773622905756714,-0.22096417382966393,0.02688583899453078,0.20838280794755248,-2.0417348684242906,-0.24717738252059693,-0.6819842479977986,-1.0016200098949155,-0.2811002928859549,1.7976865268495226,0.6408428612670098,-0.5711789897827968,0.5725827813561586,1.3993554365860021,0.9246336829127688,0.05963036992017413,-0.6469367777055739,0.6982233136135899,0.3934853854217496,0.8951932200277323,0.6351718016819695,1.0495527153193351,-0.535235211560568,1.3173940656343257,0.19759960469239965,2.0752608726252655,-0.6891878180895679,1.7359638031652493,0.1979107834626478,-0.6514180036144483,-0.48388583405432156,-0.32034730819432017,0.4241659464019164,0.5228354880354996,-0.573700003938579,-0.02435459226098284,2.1422703586118637,Cat
1.7275431701007113,0.4363236696740321,0.03800347816820029,0.1200313267182613,0.6135179727304166,-1.0227925651984056,-0.2573765374233451,-1.6685840738775894,0.39922312260527926,0.647195939702741,-0.483186462299374,1.5739867632900328,-1.2257656630023412,-1.4643748802098202,0.22445181855997204,1.0470983026121545,1.6839276914578687,-0.45888426286894,1.0786808334312956,-0.03850846950070721,-0.17262729994081963,0.8836599374866724,0.6523228784134196,-1.5763921569842494,1.4765403497258958,1.3800913541474515,-0.6255627015095294,0.39580353343740904,0.4940301862827388,0.2606737658239071,-0.5503051538454201,-0.6716233679380516,-0.025554070991445278,1.1727290192593647,0.5436001545944323,-0.37061433208610595,0.7716987106483447,-2.8485426206300755,1.1487657003721035,-1.7397137787780996,-0.36244094140313216,-1.1196698946261439,-1.2946814757209058,1.1608267873785194,-0.46770120131189136,0.3465038817307158,-0.04692057887918407,0.47704082722312147,0.07682189106025536,-1.2829922241885696,0.99626681944714,-0.4937565831613125,-1.556581898659751,-0.4281151609659125,1.5007597906343109,0.8502217421134929,-0.3486521344078592,-0.3492577043184288,-0.3216350512173826,2.076747983560841,0.38193545223155334,0.43004164719106963,1.0302834540318422,0.23878915902651351,-0.2590421458207031,-0.19634984908497827,-0.07160125941406395,-0.03722223650984159,0.7276295436369798,0.05194588580729943,0.7326400772155792,-0.08071658010858232,0.07863519031609059,-1.9982006845321076,0.9163276747024814,0.3464884758979927,0.9980101098596522,-2.8962553781936893,2.0883747047807275,-0.13958962815517376,1.1081828167375165,-1.0399059271255309,0.6127739050625697,-1.0534155631736561,-0.6237689606958051,1.9140313538667861,-0.19068240076334658,0.21743287317972287,0.8700677306887542,0.49568188797260465,0.15041890514357642,0.3649610024662254,2.403415585238275,-0.05761879703358539,0.2010990467149675,1.050654396007612,1.1055259329579838,1.1870303055603801,0.6387302220291846,-1.1430049127304835,1.633431532301096,-1.146345393018688,0.30263546523903323,-0.7542758500193579,-0.06413834659299254,0.3287624103034804,0.32135721545027307,0.42192075423528475,1.613711269058647,0.45353430151397983,-0.24415663529064868,0.9640871682883573,1.1894704889246406,-1.2276078151369925,0.597400069849858,0.7011727423108983,-0.29756350335999193,1.3757068133116195,-0.15005558703252672,0.12557645347154225,-0.1730718242838696,0.015579047581467534,-1.0962750868952018,-1.4400508825942944,1.5945050632249722,-0.8469613483183278,-0.9913923494563072,-2.153390113603715,Cat
-0.6389617476895022,-1.3230897934074983,1.642015160136369,1.0098170893426341,-0.6881503451777238,2.2524358053443088,0.9817654869915943,-0.32483138350862245,-2.499405714873573,2.2909425725907417,-1.389572466763596,-1.6453987469568918,1.0225704320096403,2.439752406339273,1.3842728185105182,0.5639091200523596,0.594754341665286,0.8534155587803077,0.7589285897867651,0.2811914239693758,0.10420110395187607,-0.06259312789952241,-0.7539645888666763,-0.28067507686677406,-1.6929568141953855,-0.09833962679474989,-0.9885911071509175,-1.103589317215771,0.17989415115347845,1.3920022863445993,0.918316606002313,-1.570500603623177,-0.9896281365703375,0.9407711879882159,-0.9824873935383096,-0.2246331499970246,0.5500520990245519,-0.9683444548636353,0.1053755061459599,-1.3340254949182044,-0.6013676439512137,0.31978193414253697,-1.5929937335316693,0.440474737960399,-0.019637798926681216,0.5524899544171478,0.22391413406466143,1.3641404299738442,0.12522450264790727,-0.429405541125253,0.12229750303228377,0.5432980290363879,0.04886007032570433,0.04059169120388238,-0.7019916878067554,-0.6629009175509482,-1.4026052717996935,1.7495767431869393,-1.243863235391285,-0.6929051977959073,-0.7184072655691974,0.8949243769444413,-0.2949496782920278,1.2477420726737338,-0.6734906242438685,0.27899416222380197,-0.8353470532597573,2.1451491277733883,-1.1875984190295128,0.3098207102270275,0.6337768809320985,0.41379909745149823,-0.1852876588777083,-0.12982069973342616,0.0438114719791096,-0.14700200162848862,0.9638791167949097,2.2105230015913513,-0.5574917850078336,-1.3698029795790778,-0.08828204835125482,2.5797093376543185,-0.8036745679697308,1.6391168054440675,1.6777008140764407,-0.5535882417079946,0.5689830791852754,1.628396623128538,-0.3791277409874871,-0.20358036010236177,-0.5816809139486437,-1.0147567306928669,-0.6492775450660071,-1.2239402667622565,0.03408346825922607,-0.7699732310586418,0.2337859117907477,-1.5558956462036273,0.33088023221445706,0.8335289616089246,-1.9937356425714554,0.37405656984757213,1.2276689924732922,-1.2096410186912054,1.6725723868377034,0.4190190093660452,-0.7050118557584089,-0.05576907765770601,0.5583269125217224,0.0760053914124115,0.5387559924463692,-0.9206735930793662,0.169360824036078,-1.4137144969049802,-0.11122606134870032,-0.9039076414647897,-0.7355299425897666,1.2360931752104374,1.091310120594269,0.609138120907177,-1.092312764672579,-0.3164084496948019,1.2130976999791834,0.14171691363990474,2.319329539981694,0.39331783939437187,0.1920491164900316,-0.3091164642025014,Cat
0.1335409047822823,-0.1524698363805439,0.7081086766885905,0.9567023167945841,-0.7859894605079495,-1.331232953557778,-1.8362053731032966,0.5079913269125437,-1.1033666061738736,-2.152890592952483,0.3885786045309641,2.4929995174327906,-0.006070911539893324,0.8384907744516419,0.08182935854756501,-0.09888965319114267,0.9190764829877686,-0.29027454418865134,0.26739231407190295,0.3216978061960136,-0.6680904536430488,0.9920423495365228,-0.17495975669540864,-0.7557451594928447,0.5365098435704035,-0.8984679817910373,0.028181157369128247,-0.009118996644203544,1.085895565831578,0.4746982328799528,-0.025026958745143917,0.8177662992002871,1.3902075490173134,0.5578103063518622,0.010352619843380607,-1.3118362323501596,-1.0651136630753726,-0.30522470435466764,-0.6095122021592831,-0.186971302985446,0.056649924897107164,0.5296927543567308,-0.07049877805909122,0.4865016438262019,0.06447441481012024,-1.9754665663538713,-0.9393353938187543,-0.14408755572161547,-1.2096947428411076,0.5999287299962045,1.5307508323436974,1.2187618516973167,-0.213442870930208,1.490726136849952,0.14866745720211155,-0.33708597111803934,-0.6134026635409398,-0.30246968648812833,-0.38817681854122876,0.1704162223754877,0.1605739810498646,0.0030460201534144695,0.43693816974634986,1.1906462747863413,0.9495541354413237,-1.4848979684499035,-2.553921134901955,0.9343199112392737,-1.366878698415421,-0.22476540189268354,-1.1701130260593595,-1.8019804375800197,0.541462728204788,0.7591551603026468,-0.5765104007267194,-2.59104229214491,-0.5462444482524828,0.3918040054025465,-1.4789115687741288,0.18335991977915564,-0.015309849172995557,0.5792914996010884,0.11958036841415326,-0.9730689408815555,1.1965715016644913,-0.15852957302697002,-0.02730453950993186,-0.933267959073196,-0.4432822511915103,-0.8848027140269009,-0.172946059923423,1.7117084801423434,-1.3719011429313563,-1.6135613978767411,1.4711703274936085,-0.20932367715186612,-0.6690727386599166,1.0399046873960764,-0.6056155397368641,1.8260097135469362,0.6779258713392691,-0.48791140814570266,2.1573082132655035,-0.6057149230033384,0.742095372009307,0.2992925804064919,1.301741289398798,1.5615111967268527,0.032004149065766624,-0.7534178703461835,0.4599721429391164,-0.6777153697521061,2.013387247526623,0.13653533108273744,-0.3653215513121087,0.1846803058649084,-1.3471262895296965,-0.9716140385106515,1.2004139079444254,-0.6568942789713957,-1.0469109826819396,0.5366527525272862,1.185704154662997,0.7189533106650667,0.9960476858058164,-0.7567950885694608,-1.4218106667418438,1.5013336519554867,Cat
-0.32267983884213575,-0.25083301645504735,1.328194141849058,0.5562300094006599,0.45588777208160763,2.165002344901084,-0.643518230380143,0.9278401280812372,0.0570131248970845,0.26859227886325693,1.5284684264125317,0.5078357562896237,0.538296079049633,1.0725073373098022,-0.3649527295428853,-0.8392096673390064,-1.0448091940210336,-1.9663565893760018,2.056207129940322,-1.1032083657216831,-0.221253623585772,-0.27681329988892067,0.30740669780910074,0.8157372125392968,0.8604734883597454,-0.5830774385689385,-0.1671217137864115,0.28257995048829965,-0.24869112618354708,1.6073455760199926,0.49097495163825133,0.7348777860498175,0.6628812686674127,1.173473857485325,0.18102155870370695,-1.2968319479558466,0.3996879517526416,-0.651356893791829,-0.5286166817497568,0.5863640187550933,1.2382830714336357,0.02127157673606165,0.3088330125989638,1.702214944635238,0.24075317948856828,2.601683114180395,0.5655096456315442,-1.7607627591558177,0.7533416211045325,0.38115838488277776,1.2897527540827456,0.6731813512699584,-0.13845598398377382,-1.2242982362893657,-0.20902325728602528,-0.8505204542093001,-0.5805234498047227,0.5885784044206096,1.6699045043514062,0.3946715298229811,-1.1958830620351844,0.4446026682201407,1.196631486645651,-0.6097829043193822,-0.1340171666729177,0.014688194729197093,-0.78489831308224,0.648280433843859,-0.12094814860778157,0.41953244390702776,-0.8874921778021001,-0.43745830032341043,0.7223813578277714,-0.372833152091767,1.7269638512334051,-0.39963618561460235,0.22468472575188592,0.9325908318730899,-1.4183657329330317,-1.7608088119807759,-1.5256563145700948,1.262584103427182,-0.5518581458924467,2.5581992856682523,-0.5642475986573886,0.18455130319703697,1.5421099525678756,2.006092888159123,2.061503576636398,1.2083662305931424,1.0240625258114624,0.5925269492011831,0.7783610761666377,-0.5511857163285334,-0.8181988834223072,-0.0033744574109520514,-0.17018462252492844,-0.4532280493272752,0.6963874474567153,0.9553052085705107,0.08840688629184736,1.4775300810552618,-1.141689114133505,-0.19365945927971812,-0.7168223206028049,-1.86653661707306,-0.08268068584269925,-0.12174750838328353,1.513449743242131,0.6308116845547775,-1.024186824329205,1.8540925663341883,1.221033695525353,0.5820977034686158,-0.22648409884983192,-0.9594392367234797,-0.372206776071053,1.088748619704186,1.884586305934609,1.543243528272189,-0.4888494217862741,-1.1196174332890112,0.14088624691120394,-1.7684393655628516,0.32316771418478146,-0.14760258629866868,-0.46603650186824225,-1.5947030672667954,Cat
0.5136001065697166,-0.5327008396619114,-1.169916835710288,-2.8722622132816493,-0.027514905050636255,1.772251596669744,1.66125921454787,-0.45709625658627184,-0.6022120603617805,0.46877425607502377,-0.9983854391882915,0.30179189981946597,0.7660802783846903,1.2269332238843076,-0.10015407647995278,-0.20367375017696587,-0.877982586756561,-0.82688035403986,-0.22647889190152676,0.3673655068161781,0.9135846262332494,-0.8031789506803448,1.4926885689595217,-0.2711236010425688,-0.021367294348436157,-0.7472116791478234,-2.4242402602729416,0.8840453963610497,0.7368438970924334,-0.2813275571182134,0.06699071722487192,0.5159392177040995,-1.5625458568865427,-0.5290526773462948,0.7942646796218271,-1.2542894231692494,0.2935579321666293,-1.356581804623405,0.46642998243352635,-0.03564148229748357,-1.6151318159055095,1.1647393544571714,-0.7345915767980492,-0.810252437014381,0.20056919723094285,1.1486373494287152,-1.015821818978397,0.06167984984797165,0.42881650033057295,0.6931056072631441,0.1764415552772252,-0.3670278390833223,-0.8275902206487197,0.08614388304637476,-1.072139011985607,-2.9213504834946074,0.4365598041576678,0.9039348410861953,-2.3629324355418384,-1.0097307047099375,0.6191542610051978,2.0574954697116987,0.020793707675407894,-0.7280029412291344,-0.18289644110484016,1.3748764191481848,-0.6459641791245353,-0.7991920066502536,-0.4827435221820324,-0.9533286082587124,0.12267031599479553,1.6246784584695606,0.3230792731160291,-0.2523535021262876,-0.2918112689155441,-1.563190808696657,0.883109777147159,-0.07783719701280203,-0.18047991359062565,3.193107567844861,0.29875290836568624,-0.7517910500951843,-0.4263575962055433,1.1484457091967548,0.11327041053776446,-1.4382779783173667,0.9192289345752035,-0.668144085538994,1.8732977762175456,1.0800480657146485,-0.4473218956587512,1.281016361735113,0.0678555105274033,0.8527736751222195,0.48473281729447476,-0.8463566549908735,-0.643549832317462,1.0299608175811612,-0.33477533210654087,-0.4036484632419967,-0.955122579349353,0.42359906559346105,2.062524919243145,-1.0675329142542729,0.02421945667275807,1.4122205554154292,-0.07964139124571515,0.4523717962497339,-1.0623935281468797,0.4283070972076486,-0.18714426500454878,0.985729995679863,1.1873860515647512,2.589563642018614,0.5796331732135757,0.32579631658216646,0.19438430157733602,-0.35316629281068834,0.33848384346169114,-0.29540141013902943,0.1684609762696143,1.3175975356079597,-1.0065425652796411,1.1398785611290454,1.3171150673398653,-0.11806852699107874,-2.1218548990085946,-0.6078219870944325,Cat
1.2969945465611092,-0.022868062298882122,-0.9993022322949108,-0.5047749212282174,0.840620026504553,0.5467335682013793,-0.23893209916969432,-0.36682441181468756,-0.3917581490438219,-0.9224101844985025,1.6153756894694418,-0.3223204692113399,1.2171585208254965,1.5213160519224513,0.9983108981479604,-0.4316203127180484,0.40373009033660945,-0.024195606390916165,-0.9037018607301281,0.324359281721603,-1.1790397911598025,1.1876793884615637,-0.4646172972983931,0.2011596558728393,0.28328787154614216,-0.25890497370407733,0.5866938014752747,-0.47490365662252443,0.8712972974572442,-1.3459796802467485,0.12637957954641182,1.9389289990582848,-1.0003313246055747,-0.6777449705248515,0.513907849658915,0.17958178193959795,0.3506300992735592,0.4891871301476635,0.6347214685617699,1.1096998419562232,0.40981865692851255,-0.24125765461854246,0.6725737012027313,1.8998819348952156,-0.13263374638257355,-0.9745293046706415,1.1070806692869728,-0.12038116395359824,-2.172669546014036,0.8474216771504216,-0.5353281859539227,-0.09053328230416077,0.33198033056901455,0.1904996797790664,0.7094518171390395,-0.43548637056984335,0.5131057981760827,-0.2595466775839172,0.738810480887503,0.6153674840130534,-0.9354387020445953,1.0859821161750323,-0.535963445114048,0.8080577982811451,0.36728731340134063,1.8381836767951225,-0.22346598237185214,-0.3493167961181975,-0.01941960588773261,-0.30317978283427544,0.7999419019420501,-1.616310608436588,-1.053682419146354,-1.067802921579193,0.9503075919735757,1.7106133725819253,-0.1044492185374715,-0.16882172319001063,0.07005216311318138,1.1618783026081905,-0.9273531341905741,0.23836898273478513,0.9751976297824297,0.5010941699398452,0.1895816165987434,1.0010460925671412,-2.703232292999237,0.6778753195309076,-0.6540756831274238,-1.830632896856457,0.5112025995249807,1.3736585451629577,-0.13744851462769186,0.9528745472029388,1.6122782579886454,1.3149144535840473,1.639964529371393,0.7421274910718922,0.0754336389015928,-1.6019658118971685,-0.24606248812994858,-0.8432465953161917,2.1709427174978138,-0.1758858124323366,0.12320480678448567,0.5514853760404675,0.043602446372453724,1.695051040430753,-0.622649361734452,0.1946074552372427,-0.7424705856980482,-1.3200225112207058,-0.6117690909052854,-0.03703679704841202,-0.42930222451725997,-0.692420979873856,-1.4063174636718339,-0.08310557262869477,-1.5047203740310022,0.7600559636896026,0.08243975293450329,-1.4575514994649306,-0.30920907704986345,-0.7521564055905832,0.31917451041918043,1.3404504460231446,-1.8751724696457446,0.11502607914741717,Cat
-0.1601327955666404,0.6713400764504657,0.21319662823768915,-0.7519693317388191,-0.31905393566661816,-0.796025856803489,1.0760071385985983,0.02131164867194222,1.9011906857530074,-0.060660813814620775,-0.7084067669104628,-1.5137143926128271,-1.803139676255945,-1.5841359430054898,0.2671266510114834,0.5087250232299338,-1.5811907020321334,0.8950383140761154,-0.4830610516834395,0.14679301198554937,1.6122206282554243,0.8968393158655319,-0.2685306479058323,-0.8911922254152874,-2.151815401329305,-0.7191533192424201,-0.21113023882769444,-0.987179527151184,-0.13125696709230472,0.07685188295876821,-0.22485598180807856,-0.6500025808234597,0.16865467196672768,0.44194064956940904,-1.090399077442846,1.41093237974627,-0.09858813228426173,0.018849622944847662,0.7082144232565571,0.23321613126350166,0.9531366339132451,0.2871241652018242,-0.6124373746404379,0.36150352520610163,-1.1437262073206618,0.10855970577652314,-0.0332299906444608,-0.2081168572725397,-0.12853751143893075,-1.881849045497639,-0.5487249077409615,0.09284490114111471,0.15985639199740037,-1.0276751409259581,1.2657078408647007,-0.8661748482145009,0.9694572005267368,0.42719436187168486,-0.646227309843803,1.775310892609512,-1.19363683175648,0.9191541736100015,1.0005823180429783,-0.6706202090766449,1.3924653000643288,-0.2500465145989528,0.28869362927985703,0.2603218387712207,-0.1343087414705478,0.8108082731597821,0.793488720552213,-1.7485319732381808,1.3043402428781525,-1.6624919880356743,1.0325462043416573,1.1267051368275833,-1.0909664302151982,-0.4108142879545848,-1.1057046684859357,-0.21492103028873533,-0.30803428418574125,0.7796605322693398,1.3103087461196083,1.395683810789956,-0.5621680265783021,-0.20922187374452778,-1.6834381922209503,-0.8058700664961888,0.9648516330974576,1.6155828235482317,-1.234348871879922,-0.5924642591528942,-0.02640575695892703,0.2801611588196068,-0.8096035199216461,0.4240610444640897,-0.47383934707091613,-0.014452270878279104,0.5462842480036996,0.0064222698109378164,-0.4363858905265686,-0.10960980392583083,-0.08836295920533532,-0.3700110298821277,-0.25879606266710237,1.598647170504717,0.5609194479412387,-0.29548031802916036,0.6969544045107356,-0.33381948975600995,1.1731246375866413,0.3696421921980939,-0.10730214400422888,0.4477169258102776,-1.5708761520684993,-1.1267674689098053,-1.1939250063990554,0.14294309476370676,1.732514999485092,2.2313001461926323,0.6380511014407572,0.5008444749444569,-1.801057734152739,-0.5426737997340217,-0.7877837519082389,-0.620847598251116,-0.1681438185847896,-0.47209057769712737,Cat
-1.9792998103757877,0.7479102561175338,-1.0727430257398065,0.23924686411114954,2.0740826697499735,-0.9193845915864234,-2.5302875227463297,-0.2860042218801108,1.100959634998571,1.9583474542205939,-1.2295495944524168,0.4966992232365217,-0.46531045678005334,-0.10594835430413566,2.6443433470170348,-1.5029703283951532,0.25373966149457344,0.4676931717654332,1.0857863249393471,0.09798315347089544,0.3080505395041023,-0.3916485674217911,0.26912694124510733,-0.3431922754974105,0.6215718898560508,-0.36961033604363397,0.37710039390218647,-0.029262813684978354,1.1260502507721681,-0.05139372358848624,-1.7730324682068814,1.2619215007139917,-0.9057323008626189,-0.6537663386488198,-0.5956612940434921,1.3744380931708173,-2.1356742139786955,3.1377485336599937,1.0560568090660518,0.22323891412915967,-0.05489400061628639,0.28555407485765694,0.5211224283793383,0.645215585950057,0.5556044660034485,0.08958068125524882,-0.1973384203073261,-0.1512732836535117,-0.194908280352681,1.1337700968670645,0.5935567222808619,-2.9403886346642802,0.655900776529761,0.19473619471877485,-0.018708756445897416,-0.38851845308888583,1.1241127199860135,0.9475264621228578,-0.7728776678236091,0.4070522871245351,-0.971656734541286,-1.3796181647889305,-0.6267172245899651,0.8623934723827588,0.9531250453760867,0.513085420097293,0.7250957868479971,0.5161782871149584,-0.6414815952229522,0.43192254467394064,0.8004095252276823,0.7542913298135743,1.188913371474643,0.7083038472010638,0.3514482075415829,1.0701502383164274,-0.026521259249060063,-0.8818746512277178,-0.16306696394376388,-0.7449026448064491,-0.6751782749743815,-0.14451867071551783,-0.7924199209999613,-0.3079615296390403,-1.8936146669537857,0.21329370737293857,0.0012054753622242368,-0.8170886310681906,0.6592456684324051,0.9375701376265584,-1.6075598643689741,-0.7627247785662142,-0.7691423497872982,-0.9399031011088647,0.8294748419317485,-0.19382613877280352,-0.26451484131061076,-2.0038623644067535,0.6354180302092264,-1.2392583948534726,0.05993263026632825,0.2773769379581917,1.360658595838651,-1.308820399119112,-3.0195121558208253,0.18384954475369486,1.8005111815108537,1.2389463529394373,0.20965941527462578,-0.49163618563204736,0.8071225966373103,-0.9735461997044687,0.47635776935621926,0.5054701591666269,1.0602099074988798,2.7596600389110777,0.39241596717876703,-0.5089636257074988,-0.025574312191994436,-1.7690759048891183,-0.6947131310890582,-0.409282438113104,-0.5240883979345925,0.152354872033722,-0.8224199323822006,1.1210306673244714,0.00020706491819709385,-0.009300321138614417,Cat
-0.32789471651291785,0.15519068385897913,0.8250982646676347,-0.8671302157109003,-0.6581164890752567,-0.30372602877666466,-1.345870923473215,-0.8192578597214978,-0.47622087354465903,0.8743891807127275,0.26256132900192497,0.19358991136754436,0.8508979621679722,-0.13737178839939665,0.3904648499288896,-0.10322175293249623,0.26536234939962844,-0.5827586576115821,-2.438817158276429,-0.13427916218630415,1.42274813609994,0.9262154022415924,0.9653974845911707,1.2361307218062179,0.08865759096143744,0.1973157074055956,-0.6176518954343502,-0.31607285602704976,0.6157711497711416,1.2038844371688162,-0.13944627568099954,-0.4501892648514116,0.0005279588565972928,0.6012067489291149,-1.4438548161335418,-2.296180953137238,-0.5505368494915835,-1.2207124259141586,-0.5081401976473109,-0.14778031881747153,-0.4532484090230134,1.4524675344707454,0.32674476460232005,0.30047435961082836,0.6222071440434019,-1.1388331177807691,1.0391117874202687,-0.07576428653545988,0.6704806172412126,-1.0718572330401555,-1.5537587660160643,0.8178896580250287,0.3764095260975166,-0.9020515543575104,-0.8696630812746944,1.1254347844147694,-1.1894118928673278,1.6426729532559634,-0.9006207346478687,0.638391925608383,-0.3286184757489846,0.6031874310823431,-0.5441140021141926,-0.1627929060722942,0.04091917539572113,-1.0021874557814727,0.7408243454201259,-0.5132135664715852,-0.22859991534001858,-0.9943493746085122,-2.5623336587953105,-0.19102776260016902,2.412615421612916,0.7846042878980238,-0.01926037973439464,-0.2628908292082677,0.02246589281204638,0.54711911517521,-1.1808128153088449,1.114321694668872,0.7153813154412441,0.7181857257079345,0.4384757388097273,0.019616657693989903,0.6728612359668199,0.591814133741378,-0.3540407109410238,-0.573601772896901,0.1018562952619867,1.5490201514951873,-1.2391070756539009,-1.46752526575244,0.16476084123651674,0.05088770185601806,0.1733416643704082,0.24395319790850026,-0.22320225463480511,1.4898634386020821,-1.6009039784765156,-0.828497024780246,-0.10325476014904739,-1.6431888111541673,-0.17585440443207118,1.6614701657280182,0.020886488295961788,0.23070090571868349,-1.2601647651725802,-0.6163614080394775,-0.375196380323937,-0.31771509675623405,1.2816437950037687,0.5576910607251245,-1.111457956937032,0.24650477843200488,0.49822174849678513,1.1401490385212665,1.5805406865683735,-1.0150941918278686,-0.8108575112103382,-1.2575778589146163,-0.23401985910698136,0.4663583744463345,0.9873345165891019,-0.07595102364252276,-0.31984752325484395,0.15175799224874037,-0.835142901630023,2.0895387216947734,Cat
-1.6076610271180587,0.18474057889572446,2.0236062192296393,0.006799844559997769,-0.19003903500149447,-0.3574454228104272,-0.18039168176240783,1.3728484746765302,-2.211861911329507,1.5334337012963255,-1.423957152450145,-0.2666523292344148,-0.42924442029866183,0.5885532697707198,-1.5981243518837476,0.46217266608194285,2.0243096232868525,-1.3631740045928105,0.18970616761039566,-0.6619821777966091,0.42588720619303577,0.01914777741575206,-0.6414869090443096,0.487872284871074,1.804348109786743,-0.19090379172729868,0.7197579421481819,-1.2932729578711637,-0.9564363768180087,0.47240627788037737,1.484116028535965,0.35561334878566,-0.31305803052315434,-0.0007085945766459172,-1.2504077339697175,0.6045153263553668,0.8823330623234091,-0.45209033283308037,-0.4700421477595015,0.2658782296520485,-0.4367197360405955,-0.06613261462582246,2.0997217891665154,-0.24702570074599667,-0.3583401520212222,-0.6475418056351592,0.7441919714999368,-0.181224173218103,-0.649373038321426,1.321304032273012,1.4196030045136372,-0.6004235657387051,-1.8665399513606162,1.0075136898369221,-0.684629825760004,0.7906255991627686,-1.9701038177118355,0.8925973382993092,-1.2111719292807812,0.7307641190665245,0.014273067836434106,-0.9539394193966448,-0.4070363129267805,0.6863184569567008,0.10589445311523424,0.5844129804724842,1.9764405845154855,-1.5642416117110514,1.617212574968624,0.10435593752321293,-0.8987840483231282,-1.3303136257389898,-0.1891203907770335,0.9216501119244593,-0.12754912037753421,1.5111549302473475,-1.4511756900515589,-0.01208894784605456,-1.252393444413119,0.3636318826249679,0.8868873900973003,-0.42076179368105326,-2.6042138566271342,0.19894814679649453,0.4367385517335095,0.40429475496169764,1.235782191822154,-1.0710536796490489,0.6802161054504494,1.192507512477975,-1.7785875840065168,0.31965182591897723,-0.5041798310076715,-0.08152267310164589,0.34767648353833636,-0.4872285641135523,-0.6757080791616118,0.0341524174880246,-1.0872459388628026,-1.0858251288851855,0.6793732829565033,-1.148794035158656,0.6663125009092119,0.4625912928539512,-1.7258067287905967,-0.6775646523356551,1.1941094030473725,-0.9811655311396816,-0.46440426230938764,0.4620608932518965,0.7833905092825955,-0.2515388860444957,-0.5975101946916416,1.4223698616985077,1.7388996637975789,0.9788580507817954,0.08531814256502405,-0.8082657216409264,-0.8304444065565653,0.5225141052657575,0.4183982208886837,1.4015985929464294,0.6504500925361392,-1.503080301759818,1.0519476177229186,-0.9980606273144129,-0.3839712719523516,0.2502002062516945,Cat
1.9956674897839644,3.109918556005361,0.6067230591361827,-0.18319661872038787,0.5345056484805503,0.8876554258738361,-0.3206676255571917,1.7952113559123222,0.23007075919140207,0.49774308909139425,0.6659242520544614,0.4215866106144557,0.8389405004696122,-0.6172531865469232,-0.5583017539460305,-1.100154232971695,0.4395012306202264,0.7789365035121141,0.4577728661518858,1.6744924333475373,-0.005596018829046555,0.6687416555925126,-1.0917008761393143,-0.387099702474401,0.6955377575657775,0.849102110743144,-0.29396694766418224,-0.07159925185806683,-1.5178737466808094,-0.3570292008066094,0.8903831635197862,0.5752050161065663,0.5006657213812097,0.04977368718096008,0.007063158628176452,-0.6603211394734471,0.6988284202025348,0.4209729443893898,0.49201884799279927,-0.5260348426675804,-2.1533429198712444,1.0971527117536957,-0.47883745600840416,-0.8627757640431206,0.6934789119139937,-0.3920126399191296,1.0599363840466218,0.6170059495766975,0.6835693232004776,-1.3659557112005343,1.2119439853864005,0.26125053123385605,-0.36927713924620315,0.14338846734225108,-1.77623523289832,0.40865281148067084,-1.0293715081820716,-1.3526702858435344,-1.5223591862178911,1.1126883749899252,-0.6292633936927887,1.5337277099164992,-0.5358014630522978,-1.7073579575929467,-1.1165244399486591,1.2358116200069387,-0.15589817793666752,-0.5482872964906009,0.1600182258527877,0.501782736167545,1.1173988159024608,1.4484992298929262,-0.35976864578908574,-1.3260476860820383,-0.413465161123276,0.26028050658288615,-0.9637589262106109,-0.9571509148950429,0.34378788154988543,-0.04865235157045115,0.03279699541158651,-0.7584953347000695,-0.23040071420576733,-0.9242331442683044,0.8901984111247868,1.0352493347237526,-1.8461878622380938,-0.92951086019241,-1.496529255090079,-0.6500239344068982,-0.08343796979036086,-1.44964521969853,-0.9218598131253132,-1.0039573720814985,0.20726732939894396,0.06934433703625043,-0.7217375533372533,0.17682087213939798,-0.5466800845872654,-0.2716551103260533,1.673452090298537,1.340461051790348,-1.2995812369275976,0.8297324178791745,0.8113965544915921,-1.1482632887526183,0.8187776437548606,1.5379319184125528,-1.1225448062444139,-0.9175028210142636,1.0176614668435024,0.271495310825648,0.5514762752395233,0.3405892164004968,0.39069592092814415,-1.326472128311083,1.0473177066214483,1.1695899924277735,-0.22939074406802776,-0.04347694981386243,-1.5311075025557221,0.5142547560178349,0.5720574417141441,-0.062191016999311004,1.1243533598705027,-0.3340772309799405,0.5646059258936003,-1.0196643386921156,Cat
-0.02355215087423812,-0.17435425790283585,0.22530792204094158,-0.3695269288333586,-0.1314725956716678,0.8260471714415063,-0.43676423723821745,-1.6065771007386793,1.7495839042054206,1.3814540786904865,-1.2922626951056186,0.6897078052451944,-0.5029747705513431,0.26348721533105957,0.2942241290134937,-0.234407800316322,-0.7837656655863965,-0.6905410523162594,-0.9161919154812425,-0.8318222082304447,-0.06717829004935526,-0.7157599891107518,0.6820520657126199,1.4872461553359273,-0.580053241370043,0.23940450053537707,0.49968511030293383,0.4720022709192744,0.07595526791608741,0.7426824183597224,0.4822489526806572,-1.2376624223272978,0.8691560643892732,0.8872908372667421,-0.7632861041785816,0.03793783544760203,0.6833289928110694,-0.20931381957936157,1.0729780477660118,2.3638724946193608,-0.7859860326349823,-1.3810446031537749,0.30381859560487573,0.7215625051261435,-0.23086637384476896,1.4532606633210343,-1.3386057997232488,0.6929186230316111,-0.6058608207588934,1.7193779062072967,1.9925153531681183,-0.7666565877833479,-0.5495571359085801,0.8595878869798019,-0.3871306497895146,-0.04541121793223822,0.02538842054241018,-1.9196731561976563,-0.01383774609423725,-0.6897277740641738,-0.493122822399772,1.4436320034688142,-1.2565068942792563,0.8132051867479773,-0.2789629303318085,-0.2797601684958344,0.7903718960517113,0.34005129456889044,0.570612997219531,0.9681846605328611,-0.33130838318332273,-0.6122367345077503,-1.085150526557798,-0.8254105299789551,2.9490944253087252,1.2446795807367868,-1.3510743662080213,-1.3224579567435701,0.4818660617184915,0.547264797377967,0.5488838353173644,-0.25495579355369785,-0.12545426000290022,0.3278795241593574,0.08589300629333041,-2.219300372747535,-0.22979963057519381,-0.8514064342603136,0.17521141890851205,2.98525900260341,0.3674816654743044,-0.3135296861723979,0.9218015019772522,0.4826878872092127,0.4200944904518413,0.606850593215671,2.0565435648295414,-1.1308884353259157,0.47363207681145447,-0.9263811299815384,0.5555126463422483,-0.9186865114860944,-0.4173668136050844,-0.2950899142379063,0.975816719344709,0.9184544439424138,-1.2457173764463845,0.054934110999848726,-0.7095798547491726,-1.2585049106753345,-0.21701705042437042,-0.3084827884558197,2.4267164863455224,0.43295982536069616,-1.3776175007542373,-0.5647740041709423,1.0213832954293984,2.088442772869925,-1.5859833122379583,-1.879924385139045,1.8709651753717822,0.38961417737090387,-0.8682927318763665,0.5346290861224353,-2.6357477390168778,0.003375506597160999,0.32782117284308526,0.9242701395378298,Cat
-1.0138959522925377,0.08568716140335904,-0.9254246260595873,0.2553837556743171,-0.8953463223630241,-0.4081008391602206,-0.9958153947902291,0.651136241823657,0.8584511166566653,-0.2346205699574138,0.03823799496002834,-1.4485914146335441,-0.29967664800678706,-0.05020461704174478,2.620793091029975,-1.1119670257741636,1.4641772387524374,0.996858773465808,0.2806364044901364,1.7586204841951334,0.3721054726068629,0.3891591956679287,-0.053120653017545344,1.2235688824186275,1.0964692338108837,-0.6256772874962124,-1.3192471945987674,-0.20298063739565708,-0.8000385643976464,-0.0635245746153551,1.2374381346841392,-0.45730165508679,-0.04282338131157488,0.058022734808395225,0.8484308822052846,-2.246889333984605,-0.6067002947652967,0.21128369227947272,1.2000789564268612,-0.49190244750620515,-1.876552706041874,0.6197114459661363,-0.6353623888256293,-1.1896666590903613,-0.6243453897132241,-0.18452535765584954,-0.6047446645382127,-2.205566057099069,0.8970661968871322,1.2748750412787222,0.6515219913395057,-1.1376856704248166,-0.20149153394751798,-0.006521315229458062,0.5987943895619102,0.6683404887180808,-0.7341737987784958,0.08199555641356042,0.4572804046152411,1.4558223221467665,0.7045065398247231,0.7890566873755189,0.08382662792936094,1.4104591452035038,0.4097627959594974,-0.8610879101735704,1.4033699701251907,0.6979032725390276,-0.4430440211284823,-0.47949296739924335,0.2965755451407618,0.4631847952675847,0.19729226563120644,0.3113086734428849,1.6999573745763805,1.0715431522348857,0.19063559126502433,0.9413105807674833,-1.0325239035275395,0.39792704994680894,1.80930634973311,-0.21804589539237385,-0.8476339286190848,-0.6520888885930607,-1.0896330373423884,-0.7847619081277034,-0.370508098590029,-1.405567019178642,0.015618333949603047,0.9022771737866472,-0.9077561801469204,1.5192839236417688,0.5107920885275947,1.0305805856240573,-0.6578345538521371,0.8545252270666157,-1.091933900395313,0.8902475008365087,0.17183933979353122,0.5532512199847837,-1.1755946056248516,-0.8950698422766047,0.5972282182533848,-0.9483480042242007,0.46320629209912306,-1.3671378064602457,0.8481742126666681,-1.232523314768509,0.5522999376795232,0.6256309336460009,-0.6967718184295749,0.5820265670847269,0.26044226333355597,-0.5388418561927383,-1.008554684076208,-1.962625691672579,0.3496500472996937,-1.5648027713620551,0.0953441994413082,-0.2634482160822491,0.6791427754381955,-0.3020454994898642,-0.3294477863470914,0.7318707042882956,0.3350580290841175,0.3161559571827783,0.46926758980852623,-1.5355721232071058,Cat
0.756788679986982,0.6124687940136023,-1.0166831285764972,-0.2440804736742013,-0.039307287627631186,-0.1344967844017327,0.33385996656853467,1.4313667818311835,1.0817667276728287,-1.3122191934314063,0.6220699903060487,1.3289333195354096,0.38680852068920263,1.090980425185967,2.012270445700765,1.0237095461069814,0.24930859564172886,1.0450884740847535,0.14488783309689118,0.02390304328495547,-0.35141423571373254,1.5634133588321082,-0.8184286659420014,1.532367724678116,0.49986412374037137,-1.3993061748019415,0.3676492929914216,-2.100026507651624,0.6255080168310357,0.885231482988991,-0.5923559556520536,0.12354769595558233,1.9541574337502863,-0.5057467042619367,-1.0589075870566005,1.4816634024625988,1.9625871905307948,0.0036956718478473255,1.0114630354083562,1.341475915530881,-0.742484232538384,-0.4853058353678683,1.230874513154735,1.6850142787085094,0.5628808601743548,-0.8798143535020543,1.9870611116994412,-0.5309708978119645,-0.33513778117145177,0.34233783448962146,1.5541604207147741,0.8539759765522237,0.41486550036191044,0.4632885301181062,0.04351466864346608,0.5581395145185063,-2.529560077694303,-0.29660745906979835,0.241321934916781,-1.151014083619507,0.38632331781156,-0.20447122098612153,1.75547569831549,1.5730197252148563,-0.46580556911816284,-0.15083771156669531,-0.0739475656083926,-0.4516594761596227,0.19502498402812674,-0.7582820688875902,-1.1306153349375263,0.6227112239002686,0.6295295842218108,-0.8043157596599924,0.8953554307625996,-0.6315777291653314,0.2531652380379812,0.820344012612456,-0.03361256470371301,0.4547409121411344,-0.5164296438875717,-0.19646658342809717,-0.20585943088034037,-0.7465783465402389,-0.1767741631157821,-1.5486182988637467,-0.4911537471421047,-0.28487549336967083,-0.2561797524953801,-0.24149744587077882,-0.061764199860128925,0.4794415180860639,0.8745170741325226,-0.6497652268482671,-1.2032008553891445,-1.042044412243103,-0.48720292119492714,-0.3519213178165091,-0.7699960661974573,-1.2961166642498945,-0.4561208274741882,0.18142662011397137,0.5950294658355647,-0.5574230531083212,-0.41299782214343406,-0.9266983088473107,-0.03143917037477642,-0.8484286341908146,0.5731278132412001,-1.7858664919341112,-0.3596296724524624,0.3011073391917421,0.18383451632250436,2.6930336639804966,0.34980002456790754,-1.0040545968420103,-0.09546424708907303,-1.7762463334664518,-0.08059974929676088,-0.8330560570007587,0.9153902755601617,-0.5495402745955349,-0.11676591579524663,-0.6355578414044034,1.7388513518533313,-0.3212427661179117,1.8325570434792018,0.8141517621182666,Cat
0.48206672733538614,0.3687331473175197,0.39379729821625153,-1.92767257934561,-0.2788833941507565,0.8451579711843216,-0.04889718347410554,-1.405189846803575,-0.05240445057746945,1.7041055162554912,1.2468917155347194,-0.062004009366031745,0.9514492770580866,-0.36650702036805183,-1.703871586826719,-0.9244659881295544,1.5628887685081978,-0.2739930818293042,-0.24338397937501807,-0.29983819627488056,1.904136589573007,1.6259589153620633,2.218780233448134,-0.1590452104000513,0.29562448874709507,-1.5166425494207911,1.4769344261182744,-1.167779551267935,0.2167755637626291,-1.097302527632844,-0.5888668267386961,-0.8372624310497003,-0.6078752606758179,-0.5391227031489786,-0.5482687949250771,0.8333339117803071,-1.10486279306252,0.22054142701386686,1.2179591523055584,-0.513196364513396,-0.7179188907476018,-0.23052462518025083,1.1797252083607102,0.1941076309533577,-0.5312142946075985,0.48387665118803974,-1.1022921498364233,0.681359510442948,0.4086073077017676,-0.3078084711388841,-0.838585798447231,-0.8866809222834573,0.5348173363459102,1.2289805024890619,-0.6373077470287948,0.45838670355148425,-2.0870270186020687,-0.5846177306571996,-0.031058932870901952,-0.9096834169818336,-0.936506374789596,-0.6677795564688862,0.29219272832637316,-0.1873290184063747,-2.238231233324972,-2.120700152635066,-0.6068651778571754,0.45768658605355206,-2.7475048427252347,-0.4997301761516306,-0.5262478565174211,1.3883377782084478,-0.38502181171286365,0.38298898474092846,0.14125714008746323,-2.1305664798072006,0.7682072166317373,0.21539650545628794,0.5082686396745896,3.9262377064363267,-2.0841129394985884,1.7246966497611085,-0.28744751940035557,0.2873289044030093,-0.04551224530124217,-0.4242363333980435,-0.5698329282387588,0.32950873557300914,-1.5171736966716791,0.7505791675217656,-0.41619440488525394,-1.1300693390403578,-0.4500128579958137,1.2571492168625729,-0.5353350870162231,0.35845361820962024,-0.7309562757154733,0.7579218499236196,0.6855077387902041,1.8486088332964115,-0.1755639454992155,0.6686548047579066,0.09806753953894455,1.2958717818630143,-0.7188323876087304,0.7450053128772811,-0.19469729611668168,-0.06418817710849775,0.09175248444837286,0.2522403964266774,-0.11622904312195817,0.21471318317052634,1.5781180575621845,0.9854496856152184,0.8691545924968965,-0.4555395260238707,-0.8892408282283243,0.9553005582377528,0.8760467925297942,1.472670675750982,-0.6039806259692295,-0.22954865536034708,-1.6394841625254342,-0.39247110606087293,0.9965705105794472,-0.46649537922819795,0.6404797952008238,-0.19050310599781134,Cat
0.32405702822156063,-1.1476913898156673,0.08520944963390106,-2.9911359709007233,-0.18689615816198485,-1.6304732437151401,1.205994516546816,0.7774073527645112,0.46667098196608103,1.52100622715938,-0.9489165208248372,1.7473631979155582,0.9321915642603847,-0.23655528721894603,1.1356201471829441,-1.1062935124116342,-0.8245141615276735,-0.6085897232397004,-0.5289777080640152,-1.0565576427602528,1.223083067095325,-0.25885440036983165,0.35250496835687956,-0.5703513664136806,-1.8206033005485172,0.2700573583914221,-1.9122549754197768,-0.06863404608546861,-1.3683150388328105,1.987275999230808,0.9113627221747217,0.10575379127148042,1.2637066776546686,-0.8463159774657358,0.543479378670093,0.1998104337187135,0.26402008133367,1.2723535001067678,0.7324921027798023,0.28872366282502326,-1.6548874362282961,-0.9600462952794637,-0.12270893359572414,0.09337237427665124,-1.1302037246739238,2.411676675578421,1.5163940552535728,0.6021183203924835,0.07203686128374476,-0.21220896990115168,-0.9519184600222356,0.07748051851886253,0.2577525401427507,-1.2417605754816243,0.33417641724489744,-0.15525904882474875,-1.907807557877391,-0.8603850107795019,-0.41360553342164424,1.8876876573401904,0.5565531245337582,-1.3354815690998914,0.486036289417637,-1.5473039889383655,1.0826910538870733,-0.4711246518178786,-0.09363618873917084,1.32579664754219,-1.28716356858425,-1.3971181851129912,-0.5835993263460049,1.0383788510193166,-1.5193460754768424,-2.832155598110569,-0.4511588584089988,0.5517407999109204,1.2002617497388293,-0.463161362085399,-0.41142660711600243,1.1539007342557472,-1.8697416996954206,-0.38852077518300926,0.19042388992505774,0.44921872128503426,-0.5098066931908826,0.03444101170584135,-2.4883273534129895,-0.6582484123338483,0.4535087125544674,-0.9822940342546795,0.058984221589597374,0.446872500802698,-0.34254920085776497,0.1704637709965709,-0.9627325652846123,-0.20661127969604665,0.6102161695892225,0.15697296096843422,-0.5865312695639355,0.224216404290793,0.714609790636618,-2.049941278577478,1.1590740649558977,-0.336254738681072,0.42548993324023027,1.197246923645228,-1.371673697230466,-0.7094410024275466,-0.2885486958757048,-0.7837535211244283,1.7349365758368085,-0.8567720938267928,-0.5555467794868666,0.20438903160297678,-1.2021495260760888,-0.39568071175626385,0.31745326125017514,-0.33286040438251124,-0.09338685889994829,-0.5293321124483709,-1.514470309180767,0.32159321133923857,1.7549330716472415,0.01840163078343813,0.22526411724754952,0.6927227551168594,-1.2693304965466992,1.7025146581296056,Cat
0.20232879642280202,1.631856899089109,-0.7330329955239894,1.8180619225578247,0.7751554940347831,0.5530400858523584,0.23402445435314795,-0.24852861807444937,1.2005316584738726,0.14035986984804696,-1.9670697035871523,-1.1171864617070024,-0.1858457521927473,0.3099989831655551,-0.05658848889989584,1.2189707897936632,-1.9511018640386248,0.1435879365051602,-1.8179792253871547,0.7597122954841684,-0.09445871444200275,0.41960997202411815,-0.8638829605897661,1.279464931657751,1.0417246640588513,0.5835443030118876,-0.12951724686344077,0.5798572852951321,-0.7068925679873489,0.8555556590207121,1.649480894323921,1.0706105599791862,-0.7296024698074095,0.3614173172731029,-1.2931415437586478,0.5723903111756757,0.45060341286253885,-1.869816339532164,-1.1617838439123638,-0.28313889674376713,-0.30085974714082625,-1.2094769354188053,0.38897872935218375,0.2514736089405121,-0.1942691319785193,-0.7557915001583629,1.0487071264165635,1.6554071130882952,-0.4835614838465371,-0.6121669171548207,0.4912076654119963,-0.35802937974698623,-0.13939720066323416,0.7396531517246714,-1.9093560875072928,1.3183023248526693,0.07268052432934134,-0.4114931445621802,-0.08923415422144892,-0.03757064497948127,-1.7312013034449254,1.494938227453236,0.041325632270618466,0.4430021304473752,0.9515497705740428,-1.0211624575603002,0.47347189903522846,-0.26764109089879357,0.8467707752164937,-2.1272274203514954,-0.099094300241269,-0.6028206557839616,0.4322629506341555,0.47004418736820214,-0.7076258948220261,-0.7121738641760436,-0.11066536855732945,-0.8966422273152082,0.8419836954521269,-0.36920720044744615,-2.9069882193216414,-0.3748220566218061,-1.0385438208439723,-1.6312758154609455,-1.2374266382225725,0.10940847183297006,1.3286408282482312,0.31318447386498,-0.6065033882157397,0.4559041951707027,-0.45909031021899177,-0.6946003691631446,-1.1543626682329844,-1.7518288067517191,-0.3899237065594453,0.15805348992013185,-0.09662367001488972,-0.4159669279473586,-0.9457460606967811,0.6082461916849685,-1.317131919946585,0.7760279138434754,-1.0022170189267248,-0.752435237353035,-1.466785190615677,-0.5014021468856367,0.9753124584779789,0.5156280884439565,0.9784221120280351,0.5221425459339358,-1.1036698285303692,-0.33078922432755736,-0.7801991291174627,1.3305749040390402,-1.1967886464263116,0.8936976893891109,0.8929538701087693,1.8296202017160872,-0.40968659262949736,0.7123221595801621,2.2816518365388427,-0.6176416769336966,-1.5350402475323597,-1.8800100339077637,0.7127120288613313,-1.8831502080585838,-0.37231905293792283,0.4373131870389607,Cat
0.18517553682991406,0.42544486418417227,0.22228985580085406,1.2788658133133932,-0.952316380738797,-0.6769951384585313,-0.772659445270824,0.8301918118626102,0.9003985883950636,0.4512253193185082,1.1834936668899279,-1.1780408673763807,1.667224111551137,1.5232386217122582,0.7356219972457467,1.78179890877106,-1.6566232076777738,-0.5244481362626519,-0.7353034606819523,0.7214793237573432,-1.0501407396021456,0.7574951493374855,1.3705361439967134,0.6952029000839993,0.2837510236615011,-0.9878733409007492,-0.8468509661253646,1.2496189052966666,0.7793490039053323,-0.03901951937754412,-0.41790954576589057,-2.025807873111377,-1.0708524186844388,1.9114190871397234,-1.2804555710024668,0.18947982122108065,1.0074439731951985,-1.2549226680022925,0.1847104747810833,0.937915537510655,0.012499321907250335,2.8684030556667683,-1.6685992588781953,1.0587285298838789,-0.17280173739646437,0.7719201548366751,0.44130715169924584,-0.7331561971099966,0.22899639245934025,-1.8579014513982872,0.6032475005713938,0.29815846599052565,0.6386601686431024,1.0581183250871502,0.3676198402097109,0.1480894197982762,-0.8810683366612923,-0.712220763649051,1.186734620177331,1.4363354057059785,-0.23811043631205406,0.04600274725327412,-0.9046143749937661,1.1727568452674448,0.6654168236917787,1.9412174364637491,-0.8783230771797389,-0.3780078990182172,0.2314459225255723,0.6464895377257707,-0.21566763754763232,-0.8729610904537004,0.8814075289235711,0.7211353625455816,-0.9162741005637249,1.3554428011054958,1.1701987091966037,0.13429649724779288,0.07959786237603639,0.5540577711159071,-0.8617030702562581,0.03003147916408217,-2.1523835446091804,0.8764556455029355,-1.5614932224418594,1.503419828428999,-0.3301200939664503,-0.2116669819311769,-0.6277339060845056,-0.2880388739220764,1.4185313451480366,-2.4878086565350794,1.2769653860881878,0.33802348110170816,-1.2070216478572156,-1.0753123930492379,1.676393027208203,-0.9455068799427312,-1.1533505105959594,1.1373145423647293,0.33855287628591424,-0.9379255765363989,0.216624975404619,-1.0257526836402773,1.1008213984226052,1.0613709648731335,0.5320061988219431,0.3616610612470166,1.7611881248673737,-0.0003136726117747121,-1.1818741254208012,0.44947391283230687,2.0860470495371137,-1.0147594931858521,-0.36146276669398575,0.41644603810145264,-0.05390484900573916,-0.9823035803773146,1.1218578562304709,2.3200407220172594,0.19613145902390733,-0.9040682897360003,-1.548960525053475,0.2579759812211809,1.1038773433162576,0.4751677464953816,-0.002403840918853844,-0.5892716517893062,Cat
-1.0921636327180897,0.8347513263248821,0.9137716213855857,-1.5457297866907331,1.5898389781806839,0.5740712208940013,1.3995946451457935,-1.342127748485115,-1.365824155415439,-0.14896930976729691,0.5027844268951942,1.7963608229269636,0.7060789138151315,-0.24268127681203333,-1.0263692076658921,1.23000057271915,-0.9647054257507148,1.6284685547723217,-0.28438464960650933,1.5905820726178503,0.6789312900592783,-0.13699548944245826,-0.5193963718261266,-0.3409078773460798,0.4283166923752375,0.07715649621771674,-0.5938114080687051,-0.16563141031763223,0.0785770297191498,-2.128734094414812,0.4581681147886987,-0.9797212247168068,-1.153332403205745,-1.6873443471107104,-1.7938924978678903,-1.3554475031122892,-0.7090209576304904,1.9532591375265682,-0.5258796758952039,0.17775010626803134,0.4004813865063287,0.13106518621584873,-0.07744346072599365,-1.1952937635992447,1.4509275482792119,1.8071966436378852,-1.6826586941226858,-1.0240285908863795,-0.2798103423770061,-0.9645377949101913,0.5059655534558652,-0.7282722024066131,2.1650560678066024,1.190548594343596,0.2125740306322149,1.0269862633197322,1.105900424357309,-0.5639474880582432,-0.8162172445419648,0.07814306296964744,0.861636124497944,0.13906039865341766,-1.5769964821909972,-0.8028244439508423,-0.07397286359437803,-0.07566560432583026,1.9725421767898081,-1.385987942398998,0.5055892418358746,1.4891131083282896,2.271449745422796,-0.40439742318396127,0.4914294527201998,0.5697603571986469,0.19548173155329082,-0.09884520123930605,0.4359753895000459,-2.5322460852196853,0.6820694900626313,0.12617790366196718,-0.22247489677826537,2.046862195719558,-0.6749340187905523,-0.4030759890650308,1.991553302204734,-0.8320613048498566,-0.5501152829365389,-0.14702542343084998,0.8407344821295493,0.2078025073533134,-1.2926253471522626,-0.5321685631271895,-0.6073544332122114,-0.07722104522304557,0.4258436586298291,0.4182057558879721,-1.7760117540484022,1.063940987560856,0.2525688459966235,1.3845320475939062,0.4441983272906719,1.1013229577357622,0.46654531145012695,1.3462257562027482,0.5222506360177785,-0.09791524644290406,2.2724347204468818,0.8890371222798921,0.5737444210044131,-1.276304416538336,-1.2883076174635377,0.2927154821418534,0.1455211977682408,-0.6141225650083162,0.14098269961206,1.5886269280435958,0.6954024745502987,-1.1410085097527383,-0.1115088271429437,-0.8049664808525608,-0.38769991640856116,-0.41361566562964275,-0.4776455826040052,-1.2551353719733949,-0.12765468151819012,-0.56060763684731,-2.929448690002268,2.052972024501663,Cat
1.088769654216672,-0.37630072492499606,0.018819049740598424,-1.1716543473175618,1.6957228778108653,1.8972886947731116,0.1566937282465246,1.0235306441853447,0.17528677893392386,-1.3367254388759306,-0.4118233689636573,0.13192796677195706,-0.4545477187434442,-0.218653277435036,-0.09139955750911445,-0.08087849786546131,0.05225849049748321,-1.060605066396601,-0.7170161491279362,-1.2845842656999693,0.9778155496862003,-2.1056469418403245,1.1535903433169254,1.3863493972628433,-0.3021805869826214,-2.6031370878272986,-0.3613105619672905,-0.06418416128881928,-1.0105982199289134,-0.5152183938082427,1.5301951988633513,0.664927162301741,-0.9245641143780999,-1.5975991695954321,-0.3270173176097711,-0.21345677935043825,0.4961991873633163,-0.535316712567659,0.5114995753618614,1.9351540400602292,0.8155010224442626,-0.048088507330772585,-0.18315047105329468,-0.35667313417987123,1.1806409124521446,-0.6273134459513029,0.04522270899998256,0.05119790188108534,-0.501784192811532,-1.3724655478841008,0.32297450361766816,-0.06100397185538355,0.5002404694365699,-0.5336003064391669,1.2208212988130478,-0.8767737812118448,1.7120402840178925,-1.7476365098282616,0.43477006455689116,0.47543068252662346,-0.7955570679408823,0.4243939378610126,1.2795186697601588,-2.2168188393540644,0.5027448074908146,-2.4932708203300775,-0.965664803523208,1.6291663649009451,-0.581782033392054,-1.1738799644089726,-0.19793772898468187,2.067906338163552,-1.8316822472060261,-1.0513099116393445,1.4974316831796264,1.8577023435377324,-0.10343122429028392,-1.2390527025266425,2.095843501809159,1.5944423917491968,0.678946987762233,-0.81240234893742,-0.049029340838036735,-0.16036008104483077,0.33085130461557777,1.451001438131336,0.8794170411374032,-1.0773760769847582,1.3764964500195378,0.3131321400131553,0.6870657958589163,1.466540859278603,-1.1115802495135512,-0.035825578706462934,-0.531454551359215,-1.5678594253654559,0.3467099776049199,2.5115565515844236,-1.8400777445057528,-0.032280611049470324,0.6405429350747734,0.12307820165618115,-0.1131280525157404,-1.2992163634458243,0.23278674294016363,-0.7567639770159263,-2.1899217049785533,1.1945922205137307,0.9583858198420424,0.0516609768510798,0.22907468820570256,1.0743180127155614,0.2243396567780826,0.9040175547613144,-0.29748220087385013,1.3119837385739466,0.3207857259326839,0.19405194360587402,-1.270061088712032,0.2869558543017087,-0.8319549174944512,-0.6382827265284942,-0.8153756283161211,-1.066234931899225,2.1247714030169615,1.3313390619884031,1.9203675021442612,-1.222895019555564,Cat
0.07125374991089249,-1.2935076252040958,-0.695694877197064,-0.9181269834165748,1.2395840064415615,-0.39622967810175985,1.0683793336940164,0.604120889588518,2.303638752104789,-1.479444223139724,1.259233239786799,1.1464408704007276,-0.9733788380270346,1.0071333364731596,0.3361449630262288,-0.22747625995340778,-0.8239354869719996,-0.7191094514491859,2.049812095785926,0.000682818957482628,0.7821300015314592,-0.7908993816675531,-0.7798529462216388,1.0819848092499422,-1.3495762115515322,-0.41521376790527154,0.03402741107223205,0.11137260184005242,-0.17909328501615626,0.3958197810959231,0.6928557558178116,0.73463754545933,-0.9858038086678267,-0.2841550979287972,1.1947628618769377,0.8946471875738723,-1.372859451481064,0.35147990035220167,-1.9782252493748103,0.04693490206036963,1.897767016745977,-0.9478927172689863,-0.8343230454915821,0.7640297815728595,-1.542801515209646,-0.6327550298850391,0.5964411375817527,-0.6342858476894031,-0.23596998721097162,0.7441857103150346,0.42154608353656126,0.2668183962954019,-0.33912227927003874,0.37006111526895535,-0.12373268009975662,0.45780560992578473,-0.49693202511797824,-0.18256897437954112,-0.9899577925520139,-0.0350076100062359,-0.8110008636288448,-1.1140464501619933,0.25866114785538813,0.21273977585766032,0.7828737349485725,-0.43112556957509907,0.4080528468367557,0.5507975722736632,0.44477380783159476,-0.8256536828021421,0.1493634822711889,0.36414029605466136,0.007178466907941942,-2.0864776583710847,0.16048962397348007,2.212531039397242,-0.3600392687569827,-0.7280770978553212,0.3733485597113982,0.3123782104665717,1.1927351654164144,-1.2578681559088878,0.7313802525749924,0.5904220612514635,-0.1421465369405461,0.33868731792169,1.0294574815983573,0.8723153800284503,-1.1430193120737286,0.8201581867554845,-0.06468860503251848,0.07287409801551539,0.0731969910016945,-0.15024298879825998,1.191707497107065,-0.08371795984921201,-1.1195461283831687,-0.39352985596972884,0.1786947168104756,1.2292147842970504,0.6030946849488336,-0.8505352787470439,2.4851899166788916,0.2647753109779796,1.2753907379990148,-0.15171443357722914,0.5333592447054494,0.8394685045184047,1.218194711754256,1.057368305378225,0.8721970000729778,-0.3150867311941086,-0.5717460419560614,0.33260751032419755,0.9331280723410693,-0.22272070077660705,1.0651719657143865,1.4526167454861794,-0.9163209190734197,-0.8369207037962799,-0.14037505890533644,0.3076126681891964,-0.524567013767051,1.3522026788671444,0.4240668615184512,0.03944704824073949,-1.4359095238685275,-1.3158158164275071,Cat
0.2810092502818063,-2.132595626154836,1.0126374096440718,-0.1581538443723203,3.2430929695947333,2.3079162506161106,-0.18144906924751675,-0.10633700253131496,0.9955815140020298,1.7031726099180378,-1.6380290574360168,-1.7863754653546866,-0.6220348055543814,0.5827375831738644,0.4968735905075971,1.0697714549838502,-1.1996975283653082,-2.3161438629688766,0.8580141953021454,-0.8281962729652346,-2.018487864388638,0.14506374595938162,0.7931756882186773,-0.12205713212127726,-0.45784838618248924,-0.15936223214590656,-0.37058276240078286,-1.3480471119401671,-0.7146806769904318,0.5212799050138145,0.3216785413765001,0.16805980596682024,-0.9951484818533795,-0.18150316213566714,-2.1770650464428547,0.17847666388538974,1.4288577078135674,-1.4741321320421057,-0.5859276733177553,0.32910677871012955,1.2528426344274837,-0.4482246163001494,-0.6922503292658964,-1.9689231424160831,0.10343812930810638,2.042076040143744,0.2773584619646759,-0.022278979183713316,0.32208231076698546,-0.01109200394860206,-0.8130143722601298,0.8232799156777053,0.2257615231117544,0.017613251933657315,-0.97536602727825,1.3035079319347591,0.6647027453331099,-0.552920837367302,1.0018248536819372,-0.49757083838520716,-0.782003492511037,-0.7597031174802871,-1.7710685530880912,0.47154238041820573,-1.8311448783383502,-1.2284438312657626,-2.0755880090785332,-0.08606969279089306,-0.15032046027187207,-0.32669621318636405,-1.0425776946705763,-1.17223375343664,0.46436986354657417,-0.5505519317084877,0.31635832153614474,-0.8852486861242225,0.18106274277108234,1.3032780373160637,0.5861658003927833,-0.4124138182164804,0.25719897035592737,-0.24066517453021302,0.007880184694728152,-0.3256110521485036,-0.1643352058853912,0.21209335307417523,-0.9933586995819507,-1.0158788269899783,-1.388542553831211,-1.60027110450371,-1.2172826922204794,0.15946250680412918,-0.8927875154918841,0.5136144642310962,0.03471374875256186,-1.9685042134380537,0.6549755842216898,0.8107986455917099,-0.9938626748348534,0.4201915428949916,-0.856498237409199,0.0976703767483354,-1.2644984069549656,-1.7931064525345768,-0.3828171896129687,-0.12372894627483615,-0.39767969361460404,-1.1840305582225594,-0.3998990621311371,0.269294752580734,-0.04489303012253698,0.1825010305992134,-0.6701152004542329,1.1717179147161596,-1.1761733365547806,0.4875602970867186,1.1818910929599615,0.4809080927488954,-0.20252422706483003,-0.5282970466629792,1.036087651046256,-1.422974925261673,-0.9701242603796436,-0.3975577654917214,1.2376537575119981,0.37976763604089603,-0.9680457585102453,-0.31030770538490365,Cat
-0.6143231440962944,-0.7097889922335351,0.9788895585567792,-1.3717431292635056,1.6087808557343735,0.8282296901846228,1.090861670603698,-0.4629395120252583,-0.14994071907910936,-1.433151814524712,-0.524662407066803,0.4936548476431509,1.2960630617813962,-1.1071568168024517,-0.36550593698526584,-0.15129922023252232,-1.3957892021924851,0.5913492417584003,-0.7239903317426091,-0.19539035117702397,-0.4519493719118777,-0.7893385057196743,-0.0070449854805546995,-0.21560957856802238,-0.37185788227866556,-0.7284616216803428,0.31952467078295543,1.653617268492285,0.13988723283912738,0.996118214911129,-1.3902219251534627,0.15776143929376948,-1.0973683189710666,-1.4769249275319014,-0.7393714074590363,1.1918993344135729,0.9500158286696456,0.24300472205439969,-1.5327005598899308,-0.1962806513879368,0.30170000890173554,0.1755362295785979,-1.8437935834807457,-0.8903178480198718,-0.06407776414871663,0.5362909095171899,-2.1961278210999464,-0.16212397547985843,0.14304876987895235,0.8496119885162131,0.6928575842374367,0.5825713188088052,-0.7999405067019342,-1.9080021371233076,-0.39305275706140097,1.00163182520856,1.3934545275244314,0.7105491022977853,0.42934082280173436,0.3796396483859655,-0.5561187467607805,-0.13006029355362003,1.669069525826331,-0.9425580057918763,1.6147787907098514,-0.3220281544920584,1.3254321090950785,-1.4068150094975382,0.5859042011646491,-0.736770135947622,-1.4152671919241875,0.21853404241094568,1.0094717885959688,-0.8449414385934964,-1.4990159604584012,-0.09184476433495513,-0.08743532877718108,0.5483196275544987,0.9495945713644882,-0.059415181272494094,1.855503314794263,0.22423474453529177,-0.3464265060068996,-1.611567359102828,-0.26265952031616774,-0.33638694541113623,0.9603047962814704,0.46248362406685406,-1.1793691216326172,0.1722543864110375,0.6715311717290534,1.5280313593878327,0.8875039674140593,0.7608466543114778,0.06008599461516361,0.3883120054234496,1.2495049007061587,-1.3327773974796497,-0.3494393272169559,-0.7725687487562407,0.3791531187261241,1.2302221756507876,-0.5969742867210739,-2.390304367469438,-0.41222074502447015,0.9134737320174066,0.5376299029498797,0.4281862478105761,-0.27999330187447974,-1.2790307362197864,0.5152943216244674,-0.8342818100346248,2.184096733380456,0.570507208354516,-0.5806483025539511,-0.6113852473886282,-0.09294420661358828,-0.23950192202174977,1.1168337755299542,0.18641616974404632,-0.7316317389085281,1.8904406851557827,0.04930833152022263,0.7688396759688968,-0.6082265074447593,0.3631156277445234,0.3111099911431952,-1.889649292096153,Cat
2.01527511046064,1.2906444609225471,-0.39719531614598763,-1.1022697404558555,0.34756161380355205,0.08669769941439659,0.3556689485632294,0.19157739619408962,0.5062409893059261,1.4473056993918065,0.5681032051286461,-1.0496554989099411,1.362562852712452,1.6406145634882874,3.152056734512085,-1.123494033239598,0.242882013150275,-2.0820987031889873,0.5531491563792091,-0.5482002981667726,1.9234457948249533,-0.7746149700185819,-1.6891830379672617,-0.47126374070251964,-1.9754877712171375,0.7510994545073101,-2.0650830462563206,0.02845758118315888,-2.077811819856197,-0.3202978045366419,1.643378155804534,0.36064789143579495,-0.863493604964934,-0.031203488939083975,0.018016872044446585,0.47263034584340563,-1.3668583632808264,0.5925672738473307,-2.704391631602775,-0.6298845523638104,-0.48827384245154465,0.6333268260712385,0.02263085267686914,-1.4055630538562867,-0.9849931258170151,0.1986800095474069,-0.07906734186455629,-0.5791241096357465,-0.48083378951197936,0.696167997159289,-0.5176925728692147,-0.08809124402907328,2.169936588080543,-1.423682636883923,-1.8518427315746586,0.7835896647986067,-0.6786430612941032,-0.31823752774262026,-0.7811563781311142,-0.2598001407675125,1.5985381120963413,0.8021284586181193,0.8622235118869771,-1.4162270557926455,-1.1511537365528692,-2.839078659485427,-0.809380821082754,0.9567031863856584,0.5169465157483709,-0.2215132629521239,-0.02230028371805305,-0.6888855425754056,0.20475888240178416,0.7658782794806148,-1.6158867874104728,0.29964768783734813,0.9324348709546673,-0.4151002889633696,0.7007006121205837,2.814654444472553,-0.10434279298689192,0.3933070500053236,-0.7380570836613916,0.1812511626020504,0.46027162498230384,0.19484234027013805,-1.0196953197088567,0.2063617713254507,1.4621959387176369,0.4486357645145273,0.961987189071841,-0.23701197001262772,0.7499002394237105,0.27926783821652595,-0.950910729687232,0.31852100479887446,-0.9916966634403105,-0.6328802748847919,0.18932830729237413,0.29724427338012405,-1.189232465077129,1.0539857711828762,0.5720062783004729,-0.7047284356108838,-1.5375847964491753,-0.1449045790814313,-0.44594371386116016,0.11314045705302281,-0.3631166611555665,-2.00745686074501,-0.3883469383011584,-0.30561911106831297,0.6336610247740587,-0.6981996746110497,1.6786746733725662,-1.911640550651757,1.3111674978026244,-0.2243189708781048,0.8595848723435562,0.0798014840587331,1.1395555360254692,-0.38736196455281124,-1.0986204251778122,1.4205042872710631,-0.11348064588214118,0.2215584736242106,1.2347519140447951,-1.031955242094435,Cat
0.5954908976392573,-0.5898947564628909,-0.13216935564437185,0.07227896538428889,-1.500221861446936,-0.7788370428204348,1.3510728924131392,0.8861911885847956,-0.06263957732723487,0.24312345851289308,-0.29424250563645765,1.356583385827982,-0.20035257779416388,0.23184209213484805,1.146030144142065,-0.7773714848459066,1.558789184496894,-1.5304614097433769,1.6296421311127987,-0.3726755839519746,-0.24269874782528175,-1.890010171182943,-0.4547947173776929,-1.0398065310268843,-0.6076463453734726,-0.1373109657888796,0.9577916144729056,0.20760335140062577,0.30767665340111383,-1.0955193888455623,-0.8807540896027302,1.798725018351312,-0.7352010347632466,1.6562082520572956,-0.2430611988808665,0.0022879361435040493,1.0703651602299298,1.2718924219386565,-0.1108125602790875,-0.3882430535215389,-0.05592044852221312,0.3379575282321183,0.8913036868697555,0.004229858994151577,0.6188862980231536,1.638359732270941,0.38130961226478466,0.3116528560047783,-1.5189108250900678,-2.6307301368290634,0.38837572923016833,-0.09482423128087224,-0.514782674914742,0.24353020418634463,-0.06040372919690829,1.1277802506338985,0.0861108682589779,-0.7469232850701676,0.990166238959289,-0.21713107494620248,0.5265366836723071,-0.47741070619280046,-0.6498268854974364,0.08416823018569615,0.01282864354368512,0.479827035366833,-0.26864575330974255,-1.8363597837703973,-0.43277388358838864,0.7938184671438157,-0.29737607924310644,-0.24638340251454802,0.9863765059059371,-0.7119732272589228,-1.5428032182428997,-0.16063111952549436,-0.484173951248737,-0.966246319753254,-0.17537845589869072,0.49150564724678364,-0.009288561567815747,0.30698107268623775,1.813407698515423,-0.3428788615575641,0.2783486346446696,-0.5092133625991345,-0.8463597198869729,-0.5849076534177698,-0.47875857152168855,0.35947579754712555,2.3490757867007575,-0.7160434362758403,-0.4166253056154625,-0.06312301311124825,0.3957988487097471,0.26355081195478497,1.2840957939481172,-2.4263920705352082,-2.3869298701956727,-0.4958781720101493,1.0973001875437087,-1.5656480316055963,-3.007632339693757,0.5711794062192087,0.24365722370271442,-1.0902084067994298,-0.9855396007209299,-0.9697437196346744,0.11053531747394013,-0.626315276183007,0.49406391897551966,-2.854626662904391,-0.8568518651277993,-1.1260539609110503,-0.2563406783724922,-0.5380477584901385,0.7978437798957666,-1.8593367716600575,0.045491476330752,0.5583364232117055,1.8566474365619547,-0.4817659710934752,0.32445860435251705,-1.803862792562365,-2.391956204313024,0.8447743757816999,-0.005560293648070566,1.1785126897984228,Cat
-1.3734028889697492,0.5199021395287525,1.8688178405438531,0.4197056083572659,0.27658150559104877,0.008556080824349832,-1.5708814571259122,1.355572935710348,-0.6108576398050658,0.5044832563830169,-1.5630343065712535,-1.1794596645077804,1.4350873992222355,-0.34730228895784293,1.4532754760425446,-0.07823065905851781,-1.8418977729578574,0.8920675997317206,-0.5898923177556078,0.6986888135170435,0.025210867540082116,-1.5431182279428703,0.16429476537056906,2.196223142152799,0.4929864585144592,-0.05751775300546313,1.0753434019568977,0.2106684652031108,0.20953423026279433,-1.0916251721591026,0.23384802578959837,1.0354434164169448,-0.8360621521000247,1.4244958212469476,-0.09170602414512598,-0.8877695115385407,0.9976320769202445,-0.2867942357382693,0.7595148874861078,-0.29175863225853715,-0.059826143529903696,0.4935602043342916,0.2908970575900059,-1.9955317804517385,-1.1212437400943918,0.9294099847908155,-0.13213658890154725,-0.5237313027714218,-1.3585740152574743,-1.0797363212758484,-2.0217986399619474,-0.10128071870153288,-0.5984375805810469,-0.9665878909853152,-0.0681234251679531,0.3639706308527381,2.0931979322099448,-1.5118834195632136,1.159381043300522,0.973101561015072,-0.7790927393767005,0.20323595458603103,-0.45763324933761523,0.18568858041873892,1.5091310134045506,0.605606232631313,0.508608373233442,-0.4303093199546424,-1.4840566649243352,-0.2084682105404079,1.2066081548639151,-1.5271678565896476,-1.055089368176695,0.12626773623406817,-0.9846547848472624,-0.7925234471152126,-0.4235985817281771,-1.3656174041901494,-0.9741218462163683,0.7034279167873088,-1.307369782230964,-1.5978721344948377,-0.6300249795338944,0.7319555025098458,-0.19692180799688955,-0.46458107811561833,0.04435879751560705,-1.745707432859652,0.49470565377503245,0.38343503140364416,-0.40930847409572124,1.0059245117964166,-1.1274960989530387,1.127908993253569,0.15449366559525113,-0.3365525898781734,-0.01987363536831157,-0.10726476581094174,1.220282896417717,-1.0766791274710135,-0.7625192391465982,1.0363028920724797,-0.5955349351838592,0.9005330773315916,1.6994359830087096,-0.40179502694163366,0.6813623265753054,-1.1536922813398585,0.7547332980678092,0.1994239859867671,0.4730382821602152,-0.645572072035395,-1.6610834155671725,0.5032520647495048,-2.0634031524794545,-0.3173504922425348,0.9411818664199697,0.19189773587303607,1.9483426447898131,1.0251091525817735,-0.6538983883255765,0.02731337985143867,-0.04737070254443595,-1.5821767633461272,-0.9403989164843533,-0.5607609069798603,-2.0362205028559366,0.047493468251642953,Cat
-0.24907184465304072,-1.6728939013115742,0.4042128652773321,0.7158727446909595,0.2270344788648889,-0.3240681752089702,0.5914421517518549,0.6802203604766911,0.3074035697196884,-0.8246122504347609,0.2766007655111807,1.195480650825479,-0.5966290586117302,2.0979393391324312,-0.5256309339853844,0.032407013340136216,-0.6724855960063362,0.22327083592026087,-1.7422216926352752,-0.5460417988167212,-1.0921212003485672,0.1353383478922909,0.9944473755089074,0.6460061871145515,-2.3716593608588923,2.0420696529278803,0.2952799406208684,-0.7764991404930003,0.15712791899094083,0.17618982250269238,-0.6668487169515637,0.1979166673420755,-0.6074722876203072,-0.40436199269002276,-0.6862791357550845,-1.4326712897396527,0.1458364702153839,0.5852994365163381,0.5148835960763722,0.8199252526352343,0.3243402100148682,-0.5327254982169035,0.8396638644311888,-1.357517539841935,-0.9006713825124801,-0.9642000714232447,1.0800560591393102,0.9427885141400756,0.48730523704499484,1.0719298652117972,-0.8792827824119881,0.3485951198609804,-0.12517442838316423,0.8468821038849139,-0.11522423255219759,-0.3849428884100812,0.54090851856099,0.8761691671912328,-0.6683451948468017,-0.0610756713523761,-1.0584406336416528,-2.4980610174929394,0.200459631413729,0.6089053562546319,0.2620668090867255,-1.9495617177543672,-0.35084943007647457,-2.2183477600510813,1.3697011076541847,-1.086054582118086,1.2554036094598964,0.9458696436841456,-0.9005903525360617,-1.132784951267745,0.35037021638633825,-0.844324037183071,0.10248464215820753,-0.48282759080691834,-1.7811584144656334,-2.230468019124459,0.22668424849459717,-0.5615577463306254,-0.5530898169141323,0.6958638390937854,1.1734422766324448,-0.2725447213618092,-0.3405987069098615,0.5001430331138838,-1.3569355696995753,0.223153054747697,0.551885971822154,0.6802302084176292,-1.936752702502465,-0.7613552698089406,-0.8782632528234666,0.09988695440921298,0.48074457976798396,1.4967104074459814,-0.4949654803680731,-0.49757249830921385,1.149672018878747,0.2965769385303051,1.2676515111879738,0.2887280030098363,-1.1571166187132709,-1.3331283547778066,-1.551512249058929,0.6620518347584732,1.188596823087008,1.849362141386381,0.8431053323232401,1.1628385775349859,-0.5800163326536847,-1.1564158167438567,0.8500793324175533,0.41768075223940065,0.10744437434089255,0.3873714806329899,0.3231854824582059,1.2838168598535613,1.2949855848169558,0.544220352340347,0.8458028725629282,0.5140625524247758,-0.4611697320346189,0.7565646749131401,-1.3944950688592617,1.0538915522958832,Cat
-1.194522939766035,0.28580328679473294,-0.8451539584261589,0.5533889830744267,-0.03392522592790888,-1.5947559581633324,0.42069963101847885,-0.5779207768327106,0.8811467208133691,0.0013256887344072295,0.39542098538803816,-0.9575689550152119,-0.5893322314273619,-0.4586386361010845,0.8567024802425557,1.6773770878054892,-0.8051717517428763,1.0768481446576803,-2.169677417725702,-1.1941894010922893,-0.9587784561867748,-1.3525086894407223,-1.58358838978758,0.41299891213779755,-0.21406769772786138,0.3794053976051097,0.690472686121513,0.26561699317253346,0.6577631761503737,-0.06953228624226938,-1.1869933883057446,1.0578141808207961,-0.589112132781127,-0.9355962987624259,-0.17791787580439816,-0.912810919296513,-0.4174303819894322,0.3440539215634665,0.3483417392461269,-0.8978300664256293,-0.4877053729487446,1.0743330047702437,0.4964001177339411,2.0750650393485417,1.1801281737415277,1.144293068559939,-1.387868550455802,0.7638603516334226,-0.05310680169691065,-0.5509818035382495,0.1680153405325285,0.9452115346114836,0.5008315910042116,-0.87847380134206,0.7424589135926203,-0.6375875420759639,0.21668311896428621,-0.3033500674771342,-0.2188662517356257,0.7662429750405095,-1.040193719815898,1.945195074276933,-1.8210860692944963,-0.5976676832548571,0.370211889941741,0.5843141664353099,-0.10047572057170515,-0.057390703001542406,0.41055008532761655,-0.2310694774576803,1.3931812579349059,0.8393491142316022,0.8728243510056346,-0.966156723370417,-0.07938842440570287,-0.3004659487207037,-1.0056013756894657,0.36016418394576694,-0.5376457577798165,0.655403829850237,-1.0701915628943317,1.719040612841821,-0.8963326585920618,0.21930233720043607,0.7918593103880676,-0.5706404302001128,0.8524686434329506,-1.2291835978004162,1.4521176991825604,0.014149264965758293,-0.5964114079688796,-0.2991817724274345,0.8089192693927194,-0.5844552918504382,-0.7493576894227776,-0.22153659758373817,-1.176962112769968,1.8205439079418155,-0.5663945912147232,0.8316167861804036,0.2094700836477726,-0.9845340504819681,-0.0059547092127293835,0.784002779310748,-0.18826133508630655,1.193112945851028,1.0215153927818639,0.9189148546583293,-0.45965677227299695,-1.079842447781487,-0.6135876053627944,0.19624094066672046,0.5457867135323555,-2.1715714047604475,-0.00811320161175029,0.15808922532318442,-0.2775442563155516,1.2912738390158789,0.4217800742508709,1.310191908080897,-0.21596052035023222,0.9374774925069249,1.6350663945275195,1.311693449272661,-1.092141593428733,-0.253676077542381,-0.34516470544979644,0.4892545350763276,Cat
0.6863535550145331,-0.8388926740257363,0.06783851391693768,-2.0199273321561364,1.44194500580189,-0.5123742406766936,0.05586393984449697,-0.30964971398806124,1.146027575013415,-2.837506441397379,-0.016610342325908987,-0.10581875749769788,-0.4536363875916828,1.7262265456356325,-0.8873294588557712,0.7717961772356612,0.35625278870608357,1.261519252535516,-0.6671890847775054,-0.732968899123759,1.0960699074773985,0.4253213083301104,-1.5449373466767586,-0.5393050144632704,0.386382653848061,0.8377642215465891,-0.6792306531929551,-2.914255989816941,0.5232231857370332,-1.2203206899439758,-2.0173387981224113,-2.832325924984141,0.8139808601977412,0.12861745040496653,-0.22565638071225164,1.3890243629627617,0.6373246830230725,1.6163000427219165,-1.3927354721669964,-0.034550623953963515,-1.6167133749480143,-0.22938233185546722,-0.24861585376667736,0.6266136372630708,0.04556388114189831,0.6234071382799156,0.7034401331388942,2.154928677383142,-0.3152966552861244,-0.941022700666379,0.24608361531640882,-0.8022800271395435,1.481960768436536,-0.28321803894523256,-0.5655763678739903,-0.4713157211511179,0.718417423471641,-0.15774698323148525,-0.6416668201303823,1.665351917623531,-0.8561698406617501,0.03556607403299353,0.6523061516102304,-1.6313351104170732,0.4802605014059249,-1.0551076754804494,0.8227827808340025,-0.9626510119189763,0.6927690318488605,1.1058330662947127,0.8614365256328049,0.2513166482381024,-0.23130094292969944,-0.5764195763348439,1.471034690817104,-0.6994952201676432,-1.0370660735699961,0.66536893503283,-0.7961368031864954,-0.9500634974661272,-1.443604262169765,-0.4829098394605177,-0.0827150238964932,0.24309172766069878,0.9513062442994834,0.5268979236657937,-0.1908722195531798,-0.19819567637971988,0.5101574689151834,1.2725701629285695,0.1263141994832002,-0.46913085421040895,-0.9928660010855455,-1.4452052644122255,0.6662696720435232,0.5779785236395572,0.5773635251066616,-0.1286594463520559,1.4069347458917507,-0.4841184945848177,0.9552692372072055,-0.038742894989543024,-0.6083507646793376,0.5925303073177614,0.4096361186839937,0.3569727592669261,0.08127842205619876,-0.037893081716830875,2.3883719928704386,1.184256645196173,0.7228268949855121,0.11179915820338826,1.0071572005966691,0.5179947763914519,0.02620475277403566,-0.30356432526591504,-0.0809173376626882,-3.1704257358780557,0.21060083929764178,-0.4884760801103597,1.592669998282884,0.01934407081175429,-1.1889634195349619,-0.0498801541281177,-1.0461210850625042,0.4734074157124664,0.29094736433948537,0.9578396311082676,Cat
-0.7908817916945654,0.0340080962281468,-1.3650217954266353,0.7014947819247145,0.518871180440122,0.49580502102757085,0.00161903135694112,0.4147728907887909,1.6043391083085963,-0.28509425704201397,0.1386451837100845,-1.0861262991814098,-0.8682609615983323,0.09781329309330739,1.1039335467019071,-0.25628082425157245,-0.23591652931212392,-0.4068852445043747,-0.5347566708443231,0.29497145570882155,-1.4972576451786446,1.2809395766667275,-0.6654222981294605,0.7219034854381414,-1.2699985973938759,0.6688401305462182,0.6719446078144975,0.3842020720058965,-0.9944285217997922,0.249548189598077,-1.183056184734389,-0.25276325509618536,1.029413100955326,0.796701927070742,0.015182942540433121,-0.9748065759228419,0.6455877121741934,0.019381237698025213,-2.3203155982304233,0.7826298263165181,-0.024232833869692147,1.2024512479830722,-1.0952705188428047,-3.1767038131960006,0.2790838583451852,0.29156367668197275,-1.690671627606452,-0.9784995458666064,2.7552177437199017,-0.30561061415380336,0.7309589763762161,-0.6506598273683837,-2.0903028988531567,-0.1702582467959055,-0.2656045602861052,-0.39987823866837147,-0.11464083550639245,0.26426827164563654,-0.15011695125380659,-1.2640061679473638,0.4861847915619389,-1.9493717553224232,-2.0503574572842003,0.7391804947015679,0.5070202721353568,-0.05739536507403601,-1.395448504755072,-0.7079109406740753,-0.262746747686504,-1.5958939685741134,-0.7390286580232329,0.6523303381766798,1.4273053642892164,-0.4194347526585506,0.7564883543160984,-1.9140600705874673,0.6594512411136115,-0.803948414727481,0.30734561670797006,-0.24775241823970925,1.3204140097838342,-0.8744356483399182,0.6276062975618311,-0.2795074632965335,-0.15830547800966377,-0.18385389315920966,-0.8456731044941129,-0.014098965906671578,-0.0626482221218215,0.2412402484067293,0.08450514569286258,0.7979945496122363,0.9235086160473687,-1.0506233218278012,0.868772500590771,-1.1863364271098544,0.587855888137735,0.6197387847028687,-1.911316891662504,0.09297924652940966,-0.4684961133603157,-0.758765257935375,1.3508523306990055,-0.6536791406374189,-0.8063769291180498,0.07569494000509344,0.6855897462984164,-0.1416485860101269,1.1663705456692521,0.5309756619640905,-2.1782113197314303,-0.5294669635070083,-0.561842099351699,0.4793609534294223,-2.624817056374112,2.549009708717722,0.53102609489421,0.1488768039176911,1.1815677164191463,2.343654052812625,0.8707466445884032,0.94881309647162,0.13069002446438233,-0.14152575336694828,-0.47579544400490115,-0.8261119917145421,-0.6870140996994973,-1.3505559643429832,Cat
-0.07587145068502332,-1.6846675772263868,0.1909165241437107,-0.03633060804234174,0.14693529838668778,-0.5221315700199924,3.0768603701805035,1.360115900180313,-1.2445425000847228,0.23286808742689824,-0.6080061429373236,-1.014479726707414,-1.340072071123935,0.43221669075925395,-0.6813802350695739,0.9678260240252041,0.993782214530439,1.3739143852114495,-0.8523867660741036,0.4753656106920102,0.6324542166423008,-0.47417817510396487,-0.7717719573928751,1.6095206657759729,0.22749587573205374,0.635967750711738,-0.8220760118279274,-1.2192844665221938,-0.5694497744921104,-0.12402138738999703,-1.0642200068173489,-0.009844808650383004,-1.6885051880685,-1.1200474224698722,0.6709112482768751,0.6037905202778941,-0.3918767653868664,-1.017764309076953,-1.027403551526011,-0.3732682459413141,0.6445184916452914,0.9282456913443246,-0.49653173548196905,-1.1534924259847839,0.2678436378663333,-0.8235349706258495,-0.5182526388612024,1.3252760904370375,0.827115428565768,0.1579743122514517,-1.2719190011127228,0.2113965674706589,1.0626572907875265,-0.3756336657655356,1.3511140899867151,1.292745289518207,1.6637328321434735,0.30524312653135294,0.5873916998060122,1.41418728833109,0.4473939370689756,-0.5012341077902127,-0.44854283652786137,0.23855495377373917,-1.2905614219462187,-0.14325891536419263,1.0965471182302537,-2.191253851165281,1.534482101794515,1.1223742187031596,-0.4597646158304763,0.5433908278718096,0.003147726906326633,1.229990368438683,0.9826831427699412,-1.4000707231830092,0.5872624134641767,-0.20562785364324765,0.0828325705180999,-0.7281719009698155,1.7481370691208353,1.040061819902576,-0.7397711639729673,-1.3346106069102326,-0.3856726309778482,0.43450264609130573,0.240205843946223,1.2531328247682434,0.7899197221808523,0.9695690257529068,0.32685540061043733,-1.3892987302109903,-0.19569853114690144,1.0600897399086655,-0.05152292852464606,0.5030903686237468,-0.3187483152461331,-1.029811848541845,-0.12334406404611045,0.3090474430326539,-0.6556877194614437,-0.2357112448566685,-0.9394632419859826,1.119244917564096,-0.294455757588034,1.452755545126183,1.5287478505409084,-0.08104596472174376,-1.0084487325473497,-2.0858978777333372,-1.4720370730267915,-1.37383482489866,1.3784696274615047,0.1158245872269461,0.3896045240919878,-2.220421008935126,-1.1979664292172616,0.887079776446287,0.2867741123825862,-0.14720527868559727,0.5648423586001226,1.635797806135815,-0.22104246353705057,0.06936980265806943,0.19259691873130513,2.3921096352739926,-2.0993562644190256,0.683223014788808,Cat
-0.11480224875906367,0.5667717261841796,-0.6573725539947244,-0.048965030858450255,0.7114105794654951,3.112910201043841,0.8080361894020714,-0.8480655980305086,-0.42375968202270325,-0.45341410838385404,-1.795643172630015,-0.3300901917014373,0.732829081821745,-1.2742321190767951,1.0484826510505925,0.4877748210843382,-0.7342333219710379,-0.14152963733784743,1.598321807641033,0.7335478135058658,0.008783654898147817,-0.2376833169609843,0.07660907045165961,-0.5117635579423034,-2.1047495057190146,2.042177910534731,0.15532499919940146,0.3981472651225371,-0.05790774987690872,-0.735116800724588,-0.18592448094877073,-1.5993947621943112,2.2770864980533045,-1.234511998422396,-1.0319662838471795,-0.4402592043864004,1.2880757248523775,0.014508999262654136,-1.2361357960304624,1.2543383607573395,0.7310006267854814,0.5384349572164524,0.7157342411708404,2.394361900582451,2.185094895036112,-0.6867153430032953,1.6238849928111523,0.3831681897589003,0.4990958161377494,-1.6922708316433286,-0.17038576538819597,-0.8128235903365649,0.8280588148933092,1.071080500402805,-2.0744863510163114,-0.02203486400427045,1.1218615047942522,-0.18667896231344497,0.7290636450023644,0.35116546762708406,0.34166023195262635,-0.27131497806829746,-1.2165808041357096,-1.1215301474250274,0.7093525144553172,0.019458255518883118,-0.13851224460722475,-0.42389004232235256,-0.30518884548075176,1.0469117944881394,-0.33524408186802673,-1.3410647133015687,0.7436517755401733,-0.20487666386471723,0.03139586553277644,1.6075783063995104,-0.020560557350507186,0.28918367311872534,-1.1789234912983253,-0.21966945235096014,0.6095260452086012,-1.5553737338412423,0.20084509311570958,0.1007910726448063,0.04128745558743938,1.0371588986582432,0.3344385148485215,1.478071898356444,-0.9935895155940362,0.13592456721834797,0.08446678638994742,-1.06925449375508,0.9562950020913461,2.324673305852818,-0.017006074483830996,0.5050210882737669,0.08451847581532725,-0.7135846699071758,-1.8207602778020162,-0.7057734830953651,-1.3919583809517313,1.7041020780591178,-0.11510969392323915,-0.3459193290471707,0.8891538247878059,-1.121751102855888,-0.7668640380045524,0.06807226924862103,1.0287689914234805,0.5016850451687882,0.2483251425158822,0.07811773523601635,0.40023585552677515,0.20165290512925463,-1.0299722747769358,0.04607922163315134,-1.0736886589177526,0.08108254290082371,-0.4806479414882414,2.5393816227828614,-0.03989438375171192,-1.4042395662615887,-0.13418021067692457,0.5193587456378881,1.6733639461525236,-0.5894523999387185,-1.58242797402364,0.8168370114309812,Cat
-1.3805987058996512,-0.43615544150748503,-0.25762048551099404,-0.06963345330010817,0.6891644570743356,-0.6836342822863877,-0.2737292521667607,-0.014270352949388505,0.14959795751878804,0.09782717470792267,0.4360057752225798,0.8438395096417373,0.392634115650968,0.45358552350921844,-1.5822231667464777,0.05022769916568044,0.4795075480016086,0.7289411945704503,-0.6923507742337942,-0.659039274888645,-0.5741006752835983,0.5364138998913434,1.0338810549242086,-0.4074601072916016,0.9079623136270489,0.12347980916459421,-0.12428577716243629,-0.21138422981796898,0.7466113646021572,0.3255778167870701,2.2758254276476375,-0.8522246429973241,0.5181017020299757,-0.5292010098115129,-0.8692869869886438,-0.010867137034972144,0.13735247940703602,2.9181735550600925,-0.18414581568320207,-1.1301787294846835,0.2730107174943857,-2.0746400375463683,-0.09195678260426586,0.016025282295160426,0.7946003829452114,0.9736222494278469,-0.5035696189077175,-0.150614014629933,-0.7661208306106709,-1.128062554807694,0.30989477938063453,-1.2735855485965992,-0.41462690057186313,-0.9951739598992374,0.5496831862902597,1.801430099266488,-1.3015879828033312,-1.853018482897569,-0.1248868853500674,0.01569779595775838,0.21865930675729772,-0.4463205152343449,-0.20063929882543183,0.3675104105406022,1.040430892644839,-1.9550487703182828,-0.3689394390314622,0.2138087939410634,-0.917976104610736,1.7311696317672995,-0.635409880228737,-0.041292687007282836,0.5560220968422908,-0.5912847888018945,-1.8465730478044171,-0.4286545269165333,1.0294405559270405,-0.33689512678513855,-0.8464343014589786,0.9256722095027217,-0.3307748960230527,-0.5101608136502173,0.14945608966330953,0.7707502096187874,2.381713531732546,0.8272361076574231,1.1598399663883443,-0.5059661989878553,-1.0258681059694763,0.06233134961912296,0.10716991525959621,-1.0785127413645972,-0.17529452990401284,0.3993176017191309,0.36039339501808015,0.5042878533842724,0.29096473013744295,-0.5070086592700558,-0.5139006266488432,-1.198951397993876,1.784775039185095,0.013450364619293007,-0.22485305579485193,-0.9287920814524587,2.9356579023277782,-1.0733280322228955,-0.4288479256060734,0.4158368362860605,0.6002129657442777,0.957932055215684,1.8076085077692632,0.5061576554607123,-1.0560307999666676,-0.2569451251217815,0.30783237251388496,2.068226041505824,-1.397805478424297,1.2025765052252275,0.1799143695464168,0.8378305352294807,-0.10199471663593199,-0.8424326301263264,0.750872779401332,0.6544310271056212,0.9720569657397219,-0.01330463537863531,-0.5998220233198494,-1.5587869950238415,Cat
0.8193732681394064,0.42388948244398605,-0.9657826328639593,-0.5385736732966242,-0.46675881195144053,-1.4829844319824181,-0.8176823966051338,-1.1338303568063541,-0.4124790118879367,-0.7386974983295628,-1.6270049208667487,2.0225902305694814,1.2525407310292307,-0.7790194215199856,0.27242139665360987,0.417465089821295,1.1910858547734768,-0.8186050266600786,1.092106783982426,-0.5479053042069351,-1.3358624041686133,0.7241365593144973,1.2907584241224281,2.5879089735306846,-1.1997252650902135,0.6989196850807888,-0.40980124379353305,0.7833587105240313,-1.4704895512312506,-1.262769775698564,-0.7758748231664838,0.07896404566808451,-0.6410812665383554,0.6590543439134197,1.0268946182579144,0.5995775412453558,1.618787639660868,0.415826629455343,-1.216896710340167,1.3633765135383398,-0.6051562356059974,0.91041849968557,1.5737342165551063,0.45668801073039916,-1.4961588131646497,-0.9182121665097915,1.3227444668851356,-0.16912268564281638,0.07957353494216583,0.7588244161636093,0.6963228620803235,0.2787998123854607,-0.20866837122046583,-0.3126684457323573,0.857898825291343,0.5535695310677933,-0.2573000006177896,1.0821123129931407,-0.12903411512978377,-0.8516621743343933,-0.7589706989033448,-0.978740836309766,-0.2724100166036872,1.233724278336193,-0.8050951810305088,0.1884757610181029,-0.6566893456274132,-0.26030904127143756,-1.5100412119852522,-0.2205382291565374,-0.19370537980496205,0.5402879440356954,0.22328091325537056,-1.1983921249520453,1.0841982440435427,0.21030304022199536,0.19839351717748668,-0.009182353385138937,-0.5177574472222197,0.2178023397487261,0.4755884359285824,-1.746895691345555,-0.5387608373460957,-0.2549469704035893,0.25617060569427813,1.193311005927126,-0.7717408145967823,-0.497961846817842,-0.5125341106465501,-0.8015275901045416,-0.34718649511226246,0.7708022199879712,-1.0538354953643456,0.4278143951529032,-1.7019022300183355,-0.5613379964422059,-0.32948930021798606,1.6748596729140648,-0.274802304752688,-2.2012434734509183,-1.9988889068612499,0.03402958634668099,0.6137708557899086,0.3754558576272528,0.1675701058009903,1.1622595975056669,-0.5395912207371316,0.8949105560268252,-1.6320148850264173,-0.9049478329380662,-1.8070413949318163,-0.27484530066979224,-0.04626121726634254,0.11410149222651991,0.06188335288713521,-0.927553330811728,-0.19024084441321568,-1.4974466686057486,1.3632289751322504,-0.303626072898001,-0.4888861190436912,1.5889403284440828,-1.2422465335492292,-1.125587114031969,-1.0962203248685651,-0.0678713816994819,0.4316316296375973,0.7396754681178337,Cat
2.571995317494969,-2.2494324542007638,0.6087355891244169,-0.5571305725722312,-0.5864151488887734,-0.6197721282538776,-0.9087696708079733,1.6845248346034518,0.8422973270139027,0.023195978557374822,1.3510157524870003,-1.5125289652988756,-1.3307051313309262,-2.1779677321946878,-0.6994145401232875,0.1616985267047529,0.10285857793233408,0.14934191105988046,-1.4110568310660818,0.803154742614022,0.23962751823899794,0.7330542814659985,-1.8927621775900518,0.31149085879778987,-1.187765239917527,-0.39732325255136186,0.5343648986363834,0.09109360625591317,-0.8515399797793188,0.006273156184418285,-1.531535315243643,1.150267395898296,-0.20528401949625125,1.118549944255326,-0.526531687096043,-0.5235759884065829,-0.7641867866378464,0.8761739316930753,-0.7094311573284758,0.6445954324151765,-0.38245239766929023,-1.9759632998916197,-0.5703140677864661,-1.1791082143628482,0.03390272368233751,-1.1904077356744902,0.9259751007146168,-0.09107586035302723,-0.17759599475873897,0.6558921377875826,0.9639069340758625,-0.020098751769651646,-0.7712002995492906,-1.7739696161121294,-0.68604975703518,-0.6172122466479616,0.10705745299229676,-0.34514688113802716,0.6879329720514281,-0.6129832712706895,-0.05704116685294176,1.1839874431968893,0.3418252139549665,-0.06003754168856451,-0.601944441935177,-0.6332313967149771,-0.8506132529519478,-0.5410068657828994,0.7556658387443146,-0.2218882712922687,-1.349773069381231,1.7681692930597834,0.31996519114516303,-1.4069434005131694,-0.44184892724082386,0.11088638282841785,1.704592093297377,-1.1081124582588693,0.9760407193559466,1.399486426972343,-0.6286543050745702,-0.27751361886023346,-1.0363092473737703,-0.20346114108030489,-0.03658997434293117,0.6596499980823705,1.0901834710204468,-0.7480960646216471,-1.9673250642259945,-0.021244779276242128,0.2935375299686405,0.24941768768504166,-0.326673247509044,0.1247520996639345,1.5154448083522476,0.3817341689625093,-0.3733684250030844,-0.5001978170959958,-0.16985235767773066,1.6367399618306397,-0.1833007095261973,-0.01979434452070797,-0.48231357093630295,1.0989833574419647,1.959837254744675,0.4506130494313883,0.08277290378542575,0.03678283317423478,-2.3843067887857456,0.7451508642848174,0.13416641599584353,0.42834205066072495,-0.7114621940837048,-0.38445687897709163,-0.411024936503173,1.0216229840730389,-0.3787598366030933,2.0826603221097977,0.4308624190150374,-1.2756826599957316,-0.12854629325195685,-0.6516751221564157,-2.1943824698200243,1.5994709401137894,0.7031425422200039,0.5332073178993125,0.16540366029970424,-1.3820175686924376,Cat
-0.4836171395554367,0.8417807747840127,-1.0512200297825027,-2.5317693162508137,-0.22710600778092602,-0.1417575540275386,0.13556341641470915,0.7285186435145362,0.6376058122312086,0.2587698052439216,1.1955313880867093,-1.5189697808133147,0.5045818144773903,0.6265383633369425,-1.2395622860802396,-1.5028706086823893,-0.7459421264756013,-0.6615414425152919,0.7534194635024307,-0.6145387836910949,-0.856348518281204,-0.6116337366945591,1.1186323341542117,0.013043374376952133,-0.1792510253569118,-0.11000549870105147,1.2920603343265227,-0.7491717266032418,1.315508290940104,0.21049629892150362,-0.16041938197534772,2.5009004979342815,-1.0556394897985963,-0.35368575956700604,-1.2324312391640002,0.9524619705361694,1.689188933651679,1.669922781404639,1.2239487531460047,-0.19762046779596562,-0.3652409774898465,-1.671169772494065,2.0358735351817927,0.4689780781484677,-0.49195690486948307,1.3280568889869675,-0.9727645167600009,0.40662203422267407,-0.17262913429083468,0.638677139880301,-0.06357353918612146,-1.4509278911112242,0.07557637267003782,1.0488641418753621,-0.029216405853985244,0.775115121589086,-1.0455294856740531,-0.026260793269852138,-0.6245104550885774,0.7469808401047098,0.03149156226199577,0.6900736763366125,1.087710426157866,0.6916185751213884,0.2731184342936442,-0.9982122585114053,-0.002786110666901238,-0.5330904020158331,-0.34406395670422657,-0.37453415075025087,-0.9799255747822445,-1.9573385891339898,-0.6681430483277668,0.19337945192415906,-1.3481770454274902,0.015682236471624342,1.9002684243109647,1.0230565552522393,1.6435415091205292,0.3911278769327262,1.167509822986446,-0.7239647304677874,-0.6443402670219842,-2.7391402061374728,1.186145474042299,1.540323979819886,-0.55317724534727,-0.2539517063972351,-0.7538621136909615,0.3826535514774916,1.1249325453032408,-1.742771973881041,0.4094385306422523,-0.2766717717191454,0.11339439196668935,0.45899400167429094,-0.18820243877282114,-0.10358685340578061,-0.2138751675546389,0.9703162017882814,0.41875996012749656,0.22058353773736078,-1.2709517210922827,-0.3785797432131542,0.8986691603391742,0.037696573123922904,0.6595314695891383,1.7665118003276337,1.0386060692088166,0.09315833769974234,-0.5109891701957271,-2.5535495960558983,-0.16838492247285253,-0.32601249581684916,0.3903661943953757,-0.1539052269746876,-0.32038505943679435,-1.7793989305072206,-0.9399678291500665,0.4766510408005575,1.7159076311326944,-0.09752538374562343,0.3278110735741233,0.9524781569528054,-0.8108939362002497,0.36681404328544226,-0.7404901063321585,0.8648244384910113,Cat
0.15140304795173262,0.2984518139814398,-0.7825985974185891,0.7070323596107849,2.084712921231016,-1.0079116954282061,-0.3397590076475238,0.23160747416809183,0.7864062119958165,-0.5595462852894689,-2.83303029014274,1.359189494164025,0.7605061195841426,-1.742947530486665,-0.6075687917795559,1.5681824295273261,1.447796418457866,0.9386400226789446,-0.17611243395986265,0.08298741881250997,-0.1309258051261265,1.1282397832688376,-0.8758424064951101,-0.8057996548842047,1.0102745868360157,-0.044361455511561634,1.378467355453808,-0.6715122069805457,-0.0547783603388251,-0.9224129848439533,0.007362681423567135,-1.478546936998799,-0.4876334209549628,-1.4362538649281178,0.6939232331912581,0.7165893397596517,-1.730262730484345,1.3338857455005728,2.497415126419854,0.04600638673634095,-0.6411142602246448,2.8243305910030463,-1.3189684983025107,0.020106466869098387,0.17962227263192343,1.3451476204524146,0.35973897512678843,-0.4986338957884514,-0.9511843703879561,-0.34182182024613555,-1.0069273609451441,0.04782531978468294,-0.5641961798604865,-1.4940377932897506,1.2551457883749038,-0.4976725234290394,-1.2681368049753126,-0.16825913448754154,0.06837156596765875,-1.7464667255790336,0.33164766712576277,-1.0471575686902646,1.7110288091907877,0.5239605120767348,-0.39989999010931654,-0.7451677703173505,-0.10496770756362395,0.6127907415832897,-0.02549412858519966,-0.21715880713685662,0.058370290817895645,-0.6038589312369547,-0.3432059268430377,-2.085792438905004,0.9737262308523678,0.2987977803217619,-0.7734558440334302,1.8987349813552388,0.08701648039238655,-1.0361435719751968,0.8567374214704584,0.3980482165092625,0.39457998548421935,-0.4257556046515905,0.4504957237780347,-0.26175829022109454,0.5559414516458422,-1.9049444540106388,-0.4338734629791891,1.7221550978081948,-0.7670674554003005,-0.6038382974931866,-0.4479613384499751,-1.2148061358886433,-2.208280776228252,-0.23058639852361285,0.13585942408165688,-0.05250506853865217,-0.14487856194788684,0.043040870850387644,1.022841471550764,-0.19044618592921678,-0.5740825770872696,-0.2811254848880863,0.5793467597567757,1.4120268785432495,-0.6281437391691783,0.09893378702888371,0.3383574419359596,-0.9925780067288229,0.02041716721291813,-1.465673857342095,-1.7690503037393988,0.366746407892257,-0.3838747413307828,0.20228040762121913,-0.017894977008350053,-0.9764000486637974,-0.045254301964336476,-1.2331013050148552,1.3909723580014006,-1.3559703448599638,-0.19578527096858134,-1.0422715880472484,0.5704211733607956,-0.33143137128150285,-0.5186667196212101,0.8532015450515544,Cat
0.029430591677552183,0.5166444459359673,-0.9813259365174648,-1.404816943927507,0.10720796204013365,-0.3188463554947312,0.6264346724539442,-0.0799084526625497,0.2050753392346299,-1.6233825299412434,1.8884369396142566,-0.16424198503203188,0.697586970339199,-0.8360916702196265,0.3080099022173409,-1.3028447635247453,0.452067838259671,-0.3559740843858328,0.029190503935567446,0.6979740301300975,-1.2325403112202802,-0.684491730612797,0.4573242810867655,2.098221474546747,-0.13808233466148176,0.5911361179239325,-0.10697146985848006,1.9422455947562995,-1.7472216669652556,0.094621044669358,-1.625544033562061,-2.5065715705367166,0.29746205311781654,0.13949779614745886,-0.28483693774220137,-0.10619409003975315,3.0982994340712575,-0.2581751380314344,0.5101243612500749,-0.6493648196138809,0.29523257504060313,-0.23823367505561752,-0.41051848272973,1.8188985322003248,1.177184963184339,0.13674664739923068,-2.304211935943967,-0.3610092232525697,2.7030275644050836,-0.23066166663970813,1.1032175720536581,1.4419424019526008,0.21896391585597508,-0.8418216318681523,-2.4353123317828884,0.6841632086089545,-0.8147560028235481,0.17615045188769213,-1.2498203395893641,-0.2652375404702022,0.033719054901053244,0.26859358104429787,-1.1148221873524142,1.1969109487613523,-0.5968947847319713,-1.6744694604532453,-0.1090234199634638,0.03437530902646009,0.16058943317175978,1.3621324036850793,-0.23644883673585937,-0.11961962436877134,-1.1031843812330935,0.820553502887897,0.18430906407810346,-0.42002772729416255,-1.9046746934654637,1.4444121950550874,-1.2276799644560572,-0.5912780093697056,0.35834451107600324,-1.1965579286166865,-1.4935097782531435,-2.123947582700665,0.7209969529056358,-0.5451862447263219,2.92727009247333,-0.9943550656308734,-0.9214510234289213,-0.5653929702854015,0.2431346551384891,-0.47020333878531134,0.612332214002512,-0.9785883899886544,-1.381591718463581,-1.7982147394091075,-2.2235741679371968,-0.5180690194750568,-0.3009803123932219,-0.6314370274831833,1.243405797187162,1.228030209608135,-0.3348029874445019,-1.793921113191963,-0.5667051080550528,-0.5998213939170615,-0.657134962278058,-0.6977189038982449,-0.6534628957248072,-0.38654161589775976,-0.6355410988155566,0.20832250862559215,0.3603687159048611,-0.9106450871824898,1.2710653260070335,-0.9800623018406142,-1.6178006138153371,0.3807780713650517,-0.8174081344143398,0.321291470757388,-2.4036686011005304,1.3924559414830675,0.6722934080404022,-1.5004765491630017,-1.4787771238462857,1.6722659040975276,-0.7373799034979586,-0.8341848487326238,Cat
-2.2660520941492828,-0.35077820560155415,-0.22771961483575284,0.7154930967694852,-1.3990784281844755,-1.5202867922406096,0.45096263477647686,1.0067300712270648,-1.571152351117883,1.0815140862997412,0.03754184148682145,1.0918053390746456,-0.07022036151761657,-2.5222779174879504,-0.15196738231603887,1.06014381867127,-0.8937460190837143,-0.3879649689074522,-0.1761335035509783,-2.899513879868482,1.6713475754374763,-0.9013756798971745,0.505735432472799,-0.08670113614820872,1.25761905635936,0.4060561224280809,-0.23492427152097461,-0.8935150925192802,0.7978507013821389,-1.8734413039546167,0.6458904202758925,-1.0990447515548727,1.25228366195664,0.1612995426626951,0.6441237678501087,0.08198881382471937,-1.7523770951409967,-0.8607291633953384,0.6723893376113824,0.166655817359844,1.180989905305672,0.40327456303717174,-0.9667018907026598,-0.796064137720634,0.10291739052323721,-2.3140440660001054,1.6734418856229851,0.44174673637755724,1.2270345970488723,-1.580603940809169,1.2445651603552557,2.2314989110277486,-1.3208783553773176,0.7714017949037666,0.0011099446872931465,-1.5444338482482443,0.4928839718518698,0.8336032048373484,-0.6011265526688468,1.1659165202552229,-1.6667634067891977,-1.4947561464496442,0.13659739558875236,0.025385277972271716,-0.7165734884241052,0.8095944359718859,0.5308943142159493,0.858139070934016,-0.1231364353522676,0.6025802679783409,-0.44565030302999453,2.0538186900865956,-0.8125457701219858,2.105297429458312,0.034887947089408566,-1.3755108895687427,1.368079350488601,0.125901388394959,0.851124098380238,1.2238559185425932,0.33795555414502526,-0.5922408448128146,0.9757133776692501,0.000755507454595548,0.685857818608419,-2.1537305737914614,0.4469817170098519,-0.6385858251450302,1.6533096371785305,0.6230873478890951,0.23985774584929662,0.48630999335022157,-0.9984408528767182,1.6232566905280539,1.9913704184169045,0.3929135105482163,1.5904035685736386,-0.5691481986725339,-0.7971135662249808,0.04092474872892285,0.43494103836789866,-0.3939866812431204,0.5377681903684838,0.30638948207341404,-0.9983067752910549,0.5187930174517212,0.8635282425215212,0.17146931759039094,1.1526481032616924,-1.217403793496952,0.46795042213185173,-1.1702807063967748,-1.1140813582330875,-0.63093083373779,-0.9420601835742449,-0.5479958187411378,-0.21415031071118876,0.8371544863313845,-0.32115903870570245,-1.5856257067695927,1.1400678464951604,-0.8370901336150396,-0.05872042710462872,0.4465365069407115,0.1996104184027828,1.0941795475214755,0.4790031433927589,-0.861309579697108,Cat
2.178562173991662,0.19433346333823323,-0.14734022662150623,0.9639254230555709,0.24945094593007222,0.3992281929393271,2.492183998600687,-0.27512142825504665,-0.3177608940173958,0.1165785120124638,1.0715159355810386,-1.506534030190399,-1.9655558914765052,-0.5871152706201476,-1.6339229590592872,-0.42483134752563845,0.5024996961292902,-0.8907488635522636,-1.4268265767813424,0.06933716171534797,0.8625434846151703,-1.6949734385166126,0.8202323983059842,0.8173062037383262,0.954085102156628,1.2184802148716865,2.202013924659616,-0.3560920486190552,0.10957158007785811,-0.41643843324802554,0.0019768447558107757,1.5328733556363119,-1.3450144839306688,-0.8610496721655755,1.3771809365045613,1.0200365069020898,-0.363131646817078,0.8544020011207198,0.34121584249203324,1.500274609000988,0.07450959382677262,1.0256321138725824,2.64201191049262,0.5980991550474662,0.04932816579484362,0.7224469852209794,-0.3652808582038849,2.387967705524732,0.18007103769598148,-0.27293332022551287,-0.8356890050200362,1.0972201916064384,0.8671874128277388,-0.4973543714140932,0.5764513451224227,-1.5085559682128564,0.18497057507315626,0.4527563520766945,1.7073298095592229,-0.7708188027286894,-1.2783526288023244,-0.8954279609250417,-1.33656850031492,1.336657357758983,1.5486392950240366,0.3202165779488289,1.221294945685148,0.13395838058023532,-0.09511164770076601,-0.33303761905376167,-0.3103909913775655,-1.5478015563090313,0.26425476360733907,-0.040333910214043756,0.7453607240778758,0.0935234964386097,-0.16270370156909178,-0.8711930300076307,0.07215323682176132,0.738237230816162,-1.1433389910838607,0.08747375368073924,0.23304295152948393,-0.7180647836182643,-0.5878563049080002,0.23061084876621443,-1.133421018292623,0.34992371524939253,-0.8953543736592,1.0628536930332164,2.3378277453883,-0.8607568017018197,0.5342078623746747,-0.7267419048820193,1.0409541737977894,-1.265258409085215,0.48058675842771265,-0.8729889668893527,-0.20698458909836875,-1.031025275147307,0.8223504708957536,-0.836980354439587,0.5519642593318276,-0.34409802826233293,-0.11447237179886294,0.14775590740012853,-0.7618246716588487,0.2103671135408869,1.530334564354411,-0.7780947858327143,1.1718101432738448,1.4980976334877842,-0.816154989028044,-1.455054605090552,0.3019609001717647,-0.547407522766873,1.8686032191630024,0.0348075404998322,-0.8021994080351792,-1.1471595110117114,1.0899049590908303,-0.5711839740841865,0.04382879946042826,0.9558027451124809,-0.4842583519308302,-0.04592882874016064,-0.016568409822520076,0.6833245115160919,Cat
0.5907443355103258,-0.22011373125482853,0.06364906149651771,-0.3717790115234884,-1.4776124069194447,0.2576008573981294,1.8921917608330678,-0.8837191406910628,-0.773029709602703,-0.8707277716437414,0.7245917787231225,0.4484854541964401,-0.1585376924164567,-0.918019061638965,0.0923767916399243,-1.5646221273358043,0.14342656685749322,0.8715243860879341,-1.2511991366336779,-1.5325182768296637,1.5794378916948595,-0.6117596395045849,1.135947845943822,-0.1539976651978317,-0.16195481694132746,0.43841269949664524,-0.8839988567464406,0.13249714349564554,-0.38148941482409277,-1.3204934434050315,0.3374820747263991,-0.26330780687791616,-0.1570248284447078,-1.2101609434141578,1.5914003677628041,0.8767141863861161,0.9641558841719786,-0.305444702441682,-1.7291828895034203,1.9529173824895107,-0.061097508005868134,-0.7487997960200538,0.4168015744831139,1.1671207880032974,-0.023050556085466193,1.2785751679393744,1.0829999385168685,-1.0763811874020583,-0.6737901056594764,0.9575371632797675,-2.712612563810438,-0.14945569316498877,-1.4308312016246718,-0.47655380143352466,-0.29882008902920415,-0.35824437790750796,-0.5522612521126086,-1.097143649628814,2.291911266818686,1.8674620041613508,-1.162065820256283,1.5821167513035672,-0.3994654904728529,0.12918747333171046,-0.06327395989691587,-0.6597486412539658,0.9838523436061467,0.1258865305766578,-0.4765514232192414,-1.3045894438004726,-0.8935950137191204,-1.6413801156020968,0.012223548415169466,-1.1966655922843958,-0.26556051251854124,1.3701018536103708,1.1992995729215856,-0.03227689410261781,-0.08708472614314992,1.879874549421008,0.5207561203587112,-0.3278064598765229,-1.426018117120452,0.39387321816474324,0.8293237725828624,-0.6316515245136439,0.2912027551380325,-0.3635732949150291,-0.18403239919900272,-2.4878220575623313,-0.2217814037161355,0.9693693024080543,-0.6314025555665582,0.05252636821531626,-0.7559507066919204,0.3604416762927729,-0.2165231975361736,-0.9392415406820068,1.3325514676651278,0.9289320135322151,-0.6049067639281748,0.4977883094177774,0.5374120028203807,0.642301235011176,-1.6942558959950778,1.006606541032628,-0.5696989629257314,-0.3578279334412669,2.6378817522602,0.3018733807210118,-0.3863224754471755,-2.205294372755906,1.3897641339463556,-1.3452096708086025,-1.0034389034995035,-0.3313522990878492,1.4164117917002925,0.7732399866657592,-0.15783750984025996,0.308292063638821,-0.6003856928711058,0.13965368956535082,0.07333674477813668,0.9687698956813533,0.9671781224389495,0.4939773822056448,-0.36234755754610226,0.7418222943901266,Cat
-0.0919684662030466,-1.081914368713133,-0.40328779191093866,0.08452698378432454,0.9102157836647453,-0.18352817215715306,-1.209198711239606,0.05674168329681941,0.11345604005655238,0.18583762890275304,0.9198715159544302,1.0189232400898984,-0.5942108723816666,-0.6161434580489434,-1.0401987109554731,0.6988156702804763,1.4488201083377155,-0.3150819279089234,-0.2414305647249931,1.466782556898976,0.5055578532150077,0.43623570480105506,-1.1909165059737268,0.678728069279419,-0.9291363405097582,-1.1340201859349581,-0.34677157676671216,-0.5857927234486902,-0.22159969438503932,-1.4409816345249187,0.9588163064676725,1.127686294516429,-1.9473424741408143,0.9784578056665502,-0.8105286298216263,0.8569755369827861,-0.06844649266641564,0.028775564080998586,-0.1850976494212187,1.2121292042334861,-1.2395880125250283,0.6078403387350085,1.1013301648895504,0.7163400805404107,2.3246989143234176,-0.5289467627246989,0.9573048225935312,-0.10609063534142033,1.2334060763526695,-0.007688995721369474,-0.38787578186246957,1.306072203871629,-0.49156193901893,-1.4127257589005562,-0.5168468831738285,0.6190329465885325,1.3920387515870913,0.11112937529651211,1.3181970672340253,-1.3581749214775936,-0.4432634648179029,-0.28857511715410117,-0.11455942747251965,0.08409438825019651,0.6909109573921928,-0.44480683817049027,0.1390286869531256,-0.04512289032405165,-0.9258899038911499,-0.11366668908143539,-0.14365952989711814,-0.1650805650030461,0.03175945658145075,0.07567354061338613,-0.43229517910733023,1.2727147339712648,-1.1694806292030167,-0.7209701084698963,2.779963624223556,-1.03799135498923,-1.3537546747097586,0.7344767450012178,-2.077119853773874,-0.2352739099724389,2.1458249250764885,-1.5449359221534005,-1.9819644857387133,-1.4991812019576982,0.8983595683469856,1.1247767199858125,-0.5125887969785088,0.6832124040010689,1.3902553275119895,1.7873464144298254,-0.24633528117984818,-2.301471717669987,-0.8208789224096867,-0.4268041949352576,-0.2589387965783906,-0.1878594010087195,1.1188945979306693,1.2744284266875814,-0.17167365392478334,1.0984848760518187,0.3576613666310894,0.06450597286257172,0.9065441571099638,0.07225204823791581,2.0578111770977623,-1.4384111667945592,-0.5151708990920177,-0.1265188969539503,0.43945269045799057,1.267960487103089,-0.02439856723615665,-1.4222296495062072,0.8425138964550043,0.7549587661419644,-1.941858659379406,-0.0038041336707993834,-1.590141830680298,-0.6646510975020625,-0.9028089269627998,0.8092646982419858,0.11683017417218379,-1.2855910007560276,0.8800659629573423,-1.4338058239284144,Cat
0.33011379047094364,-0.8140106692915557,-0.3656770825305199,0.504270748038384,0.521449399059529,1.3369690735559603,-0.08225369967145317,0.3064508629633407,-0.4377373224043246,0.18198988262279764,0.4394860480085117,-0.09830984745437601,-1.8037504840924963,0.3314708963308953,0.364561477355457,-0.6801734763479509,-1.2843870360725143,1.4758791505039655,0.491445510894402,-0.2290810309217097,-1.1370328831474874,-0.8218148284213459,1.3025903967862316,0.1376619408680461,-0.5505870670007066,0.5096892312246561,-0.8143981874463238,1.5008430302803784,1.3528005348967251,-0.4665740712027766,-0.6286702470308604,-2.61813319869228,-1.481580771551368,-1.3394697749577562,0.1351903409873859,-0.3262337044413596,-1.3453354874152414,-0.2811640424645573,0.5053371476473485,0.5278393499155871,-1.8996702808588812,-0.12826348048383082,-1.3833407769716104,0.9017286971402739,0.7841464163534985,-0.8980272263244584,-0.7660452024003999,-0.46126705049830724,-2.252793394731339,0.3359681734405766,-0.2728445463401307,0.9701750825678591,-1.0984092179625526,-0.6191229482499316,-1.5065252580391153,-1.0042905634942532,-1.181981996068219,0.9959736788464457,-0.6982618487513923,0.12417568474461345,-0.3807634038618044,-1.269465266012813,-0.1683004231716427,0.5991033318635947,-1.2077593925433523,0.8091127907313788,-0.8497209214776963,-0.48298392607284074,0.5306831230100478,-0.663436157219488,0.03757485933586561,-0.31469082878809246,0.1293680067038185,-2.380739105523497,-1.829681815208083,0.6159670060468382,1.0371814056490503,-0.9104867035315213,-0.24402835217113436,0.29471925290230155,0.6932176016587042,-2.0276772716708487,-0.8860402469783771,-0.33257937984987496,0.7031401972360493,2.498430483721495,-0.22800572680971787,-1.4069774621039888,0.40226807720129804,1.32099578954071,0.10801412097950092,-0.9066485451542928,0.957993941480019,0.663545618498435,-1.0260808441956244,0.38142561753434195,0.9972655676588726,1.1818900425588936,-0.06644897530945597,-0.35807944617931886,1.2272738220812627,-1.210160502980885,0.4385792909210054,-1.3700266273644293,1.0653762722596027,-0.2580455156111615,1.2685832356474693,0.491412756355527,-1.22322023006193,1.4246277320772434,1.5512452664277294,0.8822864925992157,-0.7615878650362199,-0.30601395435740886,0.1454272174057594,-0.7037103993314333,1.6923465724632047,0.14432647172603683,-2.703348047107357,0.33935581275622034,-0.34815739681731317,-0.07492655611844788,-0.3686193657856996,0.8070464166066873,1.1196877785533812,0.28305316225865373,-0.33931118713815905,-0.041337204809170254,Cat
0.019599616577628293,-0.8024300398648369,0.5789286485712348,0.4600423238604662,1.5404412397766734,1.255349780288475,-0.6856749175901302,0.8202983745089647,-0.9509533830944716,0.6959321009408497,-0.5166141987601078,-1.0232532233755844,0.28004534269740444,-2.6745671281541408,-1.750975574405228,-0.17749188377428318,0.08244176663484246,-0.36931877015818887,-1.5794362987175987,-0.8178918421385055,0.3912093272373939,0.5817817706283626,-0.01622311759594124,1.1568337810369889,0.3973970234592343,-0.7474556539582122,-0.2805020534116174,-1.4028661572078547,-0.10813899039141675,1.1121006192213385,0.6852900847109679,1.402009325919122,-0.3028852437989931,1.3460997945142577,-0.19330422644796988,1.471585082569894,-0.02185674744212368,0.7072313738042767,1.4751123643098556,-0.1934276285812056,0.21838898754417418,1.2888634252063023,-0.1330031639300636,-1.320892282506161,2.14300705458491,-0.4697644643371368,0.15875605093754283,1.156006669451127,-0.6084939037312018,-1.0078679132221302,0.25373729677483314,-1.7930763979123896,-0.28790607686792025,0.2450386643154059,-0.26995189682516413,-1.543450943185747,1.5941779562040121,0.10353815394917538,1.431152117761741,-0.26003625018044474,-0.8800119816907639,0.2691809202551599,-0.21578712632821961,-1.177761457991358,1.4697842587874956,-0.622270222893996,-1.8402663847955685,1.3281660539573328,-0.5042980158126232,-0.6078238926156243,-1.765387587029974,1.7409414865969908,-1.2894805872096875,0.05844948070564989,0.9126203225404405,0.421716933003097,-0.0596543119921916,-1.7016658582874162,-0.8097248357672839,0.18780033804252202,-0.7871740699869963,0.20335945999876773,0.6817434088151417,0.9625028858001017,-1.2261793578126834,2.196646054978954,0.7674793445541306,-0.0017141536690639572,1.0895365830766406,2.3654077719999735,-1.4387201010568695,-0.2252626424913536,-2.3784316598733284,0.19265153264802468,0.36539424192514075,-0.03916211544275943,-0.6545335709983099,-2.0495145161883253,0.3735336834117687,1.455434483915325,-0.591018455733432,0.440059929023145,-1.5681443134200506,0.45721306369251385,-0.39338229774465705,-0.7624179506029144,-0.7603636412161305,-0.39361158203300994,0.3824333156925354,-1.3121632011955178,-0.39711533156785284,-0.04147177799914767,-1.0990392245318592,1.796665201675017,-0.8534954800613416,-0.6694369136334904,-0.9783079498224979,1.7984800871381175,0.5529052285994815,-0.9365920062436421,1.1062315588599687,0.2006986942888783,0.2572534211115017,-0.3444772087524527,-0.7494159869569733,0.33776609905460137,-0.5450872299955903,1.8167556295751046,Cat
-1.2692911052431042,1.5361567728549452,-0.11131884879780068,0.2990857340211059,0.8331577666294346,-0.6302492950044363,0.8642483846986365,-2.7075438553811773,-0.7199895332219391,-0.9240628073410654,-1.2535060123717616,-0.21495483807895113,0.3857499681816948,0.7026599984993058,0.2408767572004076,-0.6656934648935469,0.36901643782516713,0.12428569485085071,0.9360561679360162,0.7769367029315166,0.03047641392062887,-0.8972530061612568,-0.6529501558320808,-0.5497893596380333,-0.31526633391625575,0.2680504275897533,0.7151743901280584,-0.05111869301537766,0.016124787900472438,0.14330630500000371,-0.51590531313234,-0.9253922576429561,-1.7554378973107099,-0.6951493580768724,0.47314545326778695,-0.7029114380395675,-0.2378070374259397,0.46643128741231693,0.5206894964226687,-1.079532852166039,0.9970593564536414,1.1273500893554853,-1.1298498572185598,-0.8238368696411541,1.1910906831461916,-0.14685352125530088,-2.219777947451851,-1.3996815047326863,-0.24936962517248124,-1.1630426502846019,-0.41342377063644137,0.03239621368357873,1.4622546040347288,-0.29045391622778904,1.0725417995727589,1.4287601620367705,1.434309669352076,0.28475459338556824,-1.9632891478389742,0.4608248654038653,1.048399887813541,-0.08106710543541713,1.7445838700752485,0.8598335614674577,0.5682733771527843,1.086380711205838,0.3333698512608781,-2.4928104993953535,-0.49913895147036563,1.1971680272478535,-0.807591340098296,-0.22347250523693915,-1.0448363139030712,1.783922595201769,1.6814924574180155,-0.8838688951407293,0.147298000389084,-0.6804940477640476,0.6149446390313781,0.509683077242329,0.8117055716132655,0.3319184477078873,2.935406206388468,-1.027923765010739,-1.7106033544365142,-0.3930902007014615,-1.5679882655602675,-1.4924622700059929,-1.001314654197967,-0.9221889054316275,-0.9546181019500601,0.5182189504454116,-0.5061890610853361,-0.17951457487248015,0.8942327745009349,-0.7663225247814263,-0.26454589870472217,0.36575998609291555,-1.9415678006202213,-2.3849055089505824,0.3461173287977227,0.49201428056689855,2.0642201348524107,0.15809487586680993,0.8197397172580948,-0.19547264358597383,0.29722722158508635,1.667256841749534,-2.1239928181256356,0.4136162575716805,2.135586730077366,0.2820342192093425,1.6505729632328479,-0.6292121495294424,-0.03204749416371351,0.03352470238858753,-2.2175910793587708,-1.1681778278502002,-1.096875079383986,0.8220660780325274,0.872153105684055,0.3240364427065333,0.8241028968557058,-0.16414941272177394,1.2019316695395432,0.00878844263207182,0.05786404742675647,-0.2655926332624114,Cat
0.6844504776364279,-0.4211988166129132,0.9764313771980682,-1.1321491407160067,-1.0989162547281939,0.6874267551265042,-0.0885442145830127,-0.45389141615312834,0.8900577324754597,-0.6072614140860845,-0.20020125430036984,1.3992279500711593,1.5391423458106503,1.5723982102703271,-0.2821257769339113,1.2307029049844702,-0.9489528277686782,-0.906902874722061,-2.350455852624361,1.67286820189853,-0.8639798490760783,-0.12653257974705998,-0.9103243419282839,0.6951652483301405,-0.37563366071734017,-1.3048168904329494,0.44166256418606065,-1.4337300248102285,-0.8374057253154913,-2.106889114626081,-1.4239581121976068,0.17852916972047786,-1.9645360381029247,-1.4811457246217157,-0.0023689161328080566,-0.5436068960930526,1.992036635959309,1.8338965460243755,-0.8679224627511536,0.5571376184034819,0.7492825568794513,-0.5974788580244034,-1.4955415364982039,-0.012298449308057612,-0.17284567481411092,-0.4357644969706192,0.44231686816448523,-0.7507296070055988,-1.151997547579143,0.10908297034983186,0.3859700925688759,-1.176644943900053,0.9280906109910811,-1.770481137776078,-0.5781134587156433,-0.258008536197609,-0.6362237126519298,-0.5650604735511925,1.871074482308114,-0.8508840890388987,2.441221722471914,0.43712677973105185,0.09205513731199198,0.4762403533876659,2.5299277492519523,-0.993593003931448,-1.1204179189363892,-0.754866196571921,0.032143146964560894,-1.7257711248125733,0.02233923931860801,1.693547133413672,0.15140739062477757,-0.2926854589752769,-0.6181604486836274,0.8985117045515645,-0.8258327732380476,1.846395920599248,1.9333597477143571,0.25675079866178757,-0.0115150880766451,1.0306598082415594,1.0947985022273252,-0.8059917310594155,-0.526555133136702,-1.3223474346832955,0.4090649383340571,0.6666278834568907,-1.349925637861273,-0.4551989048161591,-1.3472539175813492,-0.8987998102438376,0.5510170602262995,-0.7334820666782794,-0.30082595603229867,-1.6273117279473155,0.1869902097246643,-0.04427331984464883,-0.7289592500331622,-0.18901429768247416,0.1802948805034444,-0.8148681489093441,-1.4762625440017794,1.8055744326868153,-0.6332727047102726,-0.09676010318688932,1.0108397350203135,3.529055187570484,-1.2444864498888657,0.4498272137265099,-0.7075522852941063,-0.5387903045767108,-0.7202120210067899,-1.125654967800585,-0.04129136178466144,-1.4745026870482356,0.9468075665118705,0.055002936033374625,0.42243497290143983,-0.4661886119462229,-0.3672039342117483,0.2875639051673281,-1.1640506324058255,-0.35799043441333583,-0.8596135138784541,-0.8905688105910143,-2.1098382406256415,1.3393265894799997,Cat
-0.6865387531537689,1.1633760551635501,1.0687923213942923,-1.2859997065164936,-1.0884112356728457,2.560502959355684,1.7509259419271435,-0.03151851332810415,0.2573731064173494,-0.6308464029471887,0.43235271420033994,-0.7171819007224715,-2.0323537642983847,-1.321555786511051,0.021092747850587245,-1.1310672355025877,-0.06727746491353453,-1.074661039432863,-0.7823539225019935,0.8531653064131918,0.24748054764010466,-0.009664421313347188,0.8789639730706512,0.48060859334734735,1.4465632912513675,-0.4598592623151402,-0.4296349785275087,-1.3011092663913453,-0.4289807173724197,0.9647698943024456,1.299987372262134,0.960305168086668,-1.7941918665494363,1.0831452126607344,-1.8385186232720707,0.8981173241223475,-0.3677845265710552,0.7025333139338557,-1.332448347894566,1.1711676327061467,-1.464974746104889,-0.6684549108531777,-0.9980946277690352,-1.754284852822499,0.09452756758846836,1.8060891178369614,2.666905222320009,0.09715578708624777,1.1166812750675223,0.2320946379285372,0.49888319476821275,-0.34214865112723886,0.19507692542260213,0.5374787046064285,-0.5784597288763313,-0.07749429989298792,-0.05843011899748824,0.8264033173305246,-1.0660321716276806,-0.05154220860765155,1.9120054690526975,1.1640601525859375,1.3491790488887052,0.02443184017803416,0.32099756368602317,1.0022361667029254,1.5602555295309308,-1.9516029128828867,-1.3154413070498456,1.3094441014026479,-0.2768893557688036,-0.6717207892580773,-1.2541609869956039,-0.5550167015441094,-1.4023692834238248,2.091094272732477,-0.02243605198057349,-0.05795054176271757,0.5880766751678318,0.9623451692665695,0.9458881565546393,1.0736219439075716,-0.6308455507908564,-0.29786680495686124,0.7690316554422755,-0.52738906163962,-0.005106632027225022,0.39876376442481426,0.7851850823103762,-1.7776809623702012,0.7147456498889451,-0.23372405785172545,0.707457710864381,0.7769316923548287,1.6079150611191575,1.3534536476212031,1.3465716626102961,1.4436703191662383,0.29137898481594593,0.0321850870368397,0.8728170831783344,0.7320809514330224,-0.30906623673826017,0.40482340880826806,-0.03509646678459442,-0.853932908460056,1.2904607413763498,0.05519924253008922,2.0487082576988507,-1.6254922701998327,-0.5567787728433663,0.03263883669087142,1.137381097628914,0.39946937260218507,0.31047275418075143,-1.127263792554147,-1.1569413972294713,0.3225046602899047,-1.3641059938183584,-0.5318777502893286,0.5009173290858575,-0.9823242722767759,1.6053559623618066,1.22393634423789,-1.5714199983383004,-0.9323712431819872,-2.28577724449495,-0.7825913625481332,Cat
0.7663884765723994,-0.4138949422748569,0.46079724361596747,-1.5223343182817441,0.7979752545819053,-0.5551092279283498,0.012169682282905197,-0.09287450139305273,-1.2715485208922839,-1.1530843317397823,0.967794469003426,0.3989921575016956,1.0500490415534267,0.3246582355025183,0.14299063480921648,-1.7260106186667665,-0.27036669676116976,-0.027384320403744018,1.953107198272574,0.6869566320986773,1.5360611817095284,0.5975377058947282,-0.7113032269494793,0.11712421614985134,0.23622364626423303,-0.9391555697706817,-0.38438737659292116,-0.205766993677172,1.605619832565118,-2.0807405253909783,1.2058184207160432,-0.9367952349593828,-1.372079187269614,1.179942130038464,0.731898069234381,1.25451870238119,0.8007019475455768,2.059845001737402,0.5587238369444854,-0.15647737612315848,0.34292637732134257,1.2434691283459636,-0.779375325260117,-0.6518885825313808,-0.3089600145979074,-2.1045827987653323,0.13807840841754684,-1.8861287039510262,0.053059312932619035,0.8652897561352498,-0.47687646064383565,1.677115870186871,-1.4605008994184878,1.1912606816318325,0.6751370564069208,-1.716033248310689,2.7107942990405327,-0.06374528550396617,-0.8774840221556317,-1.407087194784017,-0.22001802765967404,-0.12740687238995974,0.10264552853966442,-0.29779615622396016,0.6332253101150935,-0.38762983266324635,-1.934964117240471,-0.1493614956496412,-2.367477653373278,0.3537706308913895,-0.9793002302826354,0.16336035491580048,1.3140749815246042,-0.9487486952680001,1.061256258512118,-0.4333895666861532,1.7531948020655854,-0.36515261319821335,-0.8404929855066914,0.6872384503952884,-0.43578972962363594,-0.8414495141290085,-0.47783985070379115,-0.04460653218300141,1.342180131244854,-1.934087745459577,0.023080658950420673,0.624903594654043,0.1934485749917961,1.3098651694335341,-0.07434532975852426,-0.18455144218594516,0.5923295470133433,0.09931381495134962,-0.390408738280471,0.5161440395863797,-0.6525282932166452,-0.6111771520193271,-0.5279940217656136,1.3530691601664073,-3.2210163559857135,0.39559883476294233,0.034271814200222225,-1.6808704592381203,0.3097267791360022,0.475751991831532,0.5896392313574,-2.651828063044949,1.3663894118544384,-0.7377367046848409,0.6865677467531761,0.741073780682286,-0.8766970856192929,0.6604599523515503,-0.3854932409123582,-2.0713771793381572,1.167741925527779,-0.7750449630162398,-0.8544934627380543,-0.4030658680367221,0.2722367253273881,-0.05727041082210227,0.5480669247071704,-1.339489366528659,-0.7423863704307346,-0.11599707232153356,1.8978872926587056,-0.11381253841375806,Cat
1.0852222636616315,0.03855516878431771,-0.4836586374375685,-0.24672442411444054,-0.16841971202888115,0.6036457389607386,1.3746112675765545,0.3596808476863211,1.1870776787417554,-0.9647897376296856,-0.4146305088140306,-0.7243025342076668,0.31444459087485255,-0.35895838517941375,0.7297729370341954,-0.9310017116324415,0.04303097332128144,0.6868579110122561,-2.0653027750406103,2.1216313073302033,-0.2831518848798757,-2.025039913676173,0.15809389857678602,0.03344346797315094,-0.081894379572493,0.9911911129266663,0.7474449714270559,0.29787619102384516,0.45015563394664765,-0.10435844943808653,1.7754908492400483,-1.4791960183577666,0.13965167421589658,0.06502463118878012,0.813280406064593,-0.8438538774248993,-1.743672602396536,0.15682301609819319,0.28123049221860413,1.489599409447649,-1.2703620463250862,1.15469376671672,2.3674143640271215,-0.3777648875224771,-1.290942219493224,-0.40697436637337114,0.014004967371380734,0.5637878750069146,-0.5913947298380474,1.555198534147342,-1.1145323150080617,-1.7392051521728,1.1067104242873174,-2.2746210312061996,-0.20412976887271617,3.1176811292080475,-0.0120435529599315,-1.1207676506962496,-0.057397463786793744,-0.05080078861953355,0.16064994035311653,0.6622629821596197,-1.0391111683677392,1.6875480552367936,0.24511428437261784,0.7267940464018038,-0.6281493997556425,1.2863821369955335,-0.2570524088130647,0.2775525134935317,-0.9331060771871093,-0.9969316264021268,0.6882053064528827,-0.44360683020738595,-0.8538230875043771,-0.6431833420270304,0.6989530717174212,-0.6290378612036109,-0.11765493160216407,0.015027750287097009,-1.917348886010299,-1.471126405373518,0.3362778892475625,-0.7370293611526971,1.0567249112804185,0.9668071042505444,0.7191686663554372,1.8197717873125976,-0.08308932774318312,0.6488819259038391,-0.5844009765960311,2.4523699128687237,1.9836336524360194,0.01188043451779194,0.3865862299051922,1.3592975993648058,-0.14713950481410695,-0.6566240707997048,0.8739897510068825,0.07843924608367009,0.1829944496452604,-0.8342713430679655,-1.7176721483633963,0.23614240987910107,0.9049620414941998,-0.22580674907604184,1.4364295195588668,-0.7039163254155445,-1.05470445496592,-0.06723030719613125,-0.08259257535129046,0.7699687313352226,-0.7749628240639848,1.368094236814898,1.9669169625082537,-0.03914402696834188,1.2497104201843185,-1.05649707062526,1.075221541181916,1.0472764085594626,0.8634372801898786,-0.015563088870293978,-2.954248941242031,-0.6417271436521294,-0.625916017684602,-0.9782549380604774,0.12224300454706621,-0.41896344552123466,Cat
-0.8246120097650219,-1.0588001482478198,-0.7155129854852287,1.1214992118499283,-0.6610250546274942,-0.5149387064332724,-0.45669761502324635,0.33899351380941967,0.4562494885285328,-3.044656539243162,1.0216352138276081,1.436368034243754,-1.0501865373616694,-0.9722982447348347,-0.45025338777827145,-0.7560040194566048,0.22392687394660638,-1.9465252863588642,-1.1179276080367397,1.5391972001749075,-0.9282199673480178,1.2434282781029249,0.35533819559013685,-1.809267714588258,0.6353291952162062,-0.11766730219285336,-0.4554670562497405,0.24495709317200393,0.47463348556679213,0.7075918219746196,1.1782528475480023,0.40813591277835637,-1.3756340887863618,-0.47364545765119104,2.9430483352686214,0.7244910603817276,2.369287300811497,1.3954340821991853,0.24180207155574857,0.3014070697811174,-0.03658003987684579,-1.7378046158464995,0.01804725246822428,1.2106745525421971,-0.5996399948212037,0.41195299906180954,0.8515910458931973,-0.9096804393124754,-0.4513028643436646,-1.0179114904771591,-0.8221656066894069,-1.2876052836530612,-0.9004484613780268,1.4194556807978391,-0.9154770290902925,0.12645921906069005,-0.5028687536709558,1.178865937036939,1.3111622966036165,0.8640699821389469,0.30613455310275534,-0.23105953684089858,-1.1918747041912499,1.9435288811221971,-0.7596730177525534,0.6636463470328414,1.0595655726233972,-0.5552804969053294,1.0380125273159622,0.7642132033388553,1.7279638353817652,-0.4693464664267112,-1.2858640172797149,-0.5054897554445111,0.20885354253433172,0.05821272708505647,-0.39343789627455045,-1.909197458977243,0.4704829961291065,1.9723444790822,0.46425123812300356,0.6091355190535136,0.5724453061551018,0.3970466698823999,0.9316659668680948,0.39537368118566585,-0.31267716965327597,-0.795988910008754,-0.24897365528067522,0.31412949645066596,-0.31608296112297335,0.3143386831314305,0.43915013370041756,0.8331794312701818,1.2827949688389804,0.0780074184788575,-1.3077765651476607,-0.3451040968191901,0.044062567406599355,-1.8357687561770901,1.388664520102482,0.14237791251046628,0.3813528345802849,1.3655264625262657,-0.6301428301423468,0.5740419308840301,-0.10986412310193568,-0.1840868670159194,-0.7721923878043793,1.6656032136865273,-0.3755000400755709,0.6994642468957021,-1.8750073874719364,1.1799885296897865,1.0522111559570586,0.09743411029730303,-0.22694246613792435,0.4000000056135664,2.2887906608802893,-1.7632366989034851,0.7820273875741276,-0.9116173021539026,-0.019918396299731203,-0.24788011907866303,-0.4283182577977557,-0.010465129052729338,-1.1341711452777905,1.029180436127967,Cat
-1.7941435111986004,0.539764512828342,-0.3265358525345711,-1.1709248938074537,0.2023833705986952,-1.556951086706478,0.03971382171963468,-1.4228769078115544,0.4612720843178312,-0.9243573336303755,-0.4509940170293094,0.2939493879431622,-0.7725421118422359,-0.05796399966830253,-1.5138305012448536,0.6308756035961556,1.7649138055507714,2.7922088679099613,0.09116814666643917,0.7882041407971867,-1.7806256729074892,1.5027343263055881,0.7762285047241061,-0.483933444951233,1.2371808002890092,-0.2544760766453415,-0.4580251830145565,0.4753349254274913,-1.0633544998303186,1.021624764399948,-1.0559898119268434,-1.0500547898231862,-0.9096897884083344,0.7595000375161222,-0.6167753615197077,-1.3479957843671688,-0.605679999935798,-0.03204237068048687,-1.1809724836643856,-1.1516811090343435,2.1112963340995843,-0.8605654038138869,-0.3230423687730068,-0.36723700079928584,-0.4213568077704419,0.6213467399691023,0.9481429504720496,-0.3059544315315921,-1.236478286592349,1.2744402278489033,-0.09534109119668262,1.7303218148571686,-2.245585897565163,0.19540322128332027,1.9186063338762078,-0.3532641354381582,-0.22549342333463607,0.29551169159033874,-0.5587958188849573,-0.31207193205273287,-0.33781509419140304,-0.6274207344263732,1.2288565502005595,0.4610780322964351,0.25062823210330204,0.8085710068901167,-0.2643558332034669,-0.7742038183529005,-0.6026243046145574,0.001783041104608902,-1.059211708372902,-0.5002610165866755,-0.5161166418714347,2.1245562298290137,-2.7738149399339167,-0.17961972140563326,1.7256937928147706,0.12184446413245396,0.7534174734210928,0.09982631509976791,-0.6673333812164803,-2.241915934508913,0.20545568703630285,-0.7756066046023912,-0.8003354061653037,-0.49898725597911187,1.7448614066234935,2.404837542253973,0.2172079375284009,-0.4647672239117277,-1.1772264174512104,0.4685401615460691,1.782905600065144,-0.24734038702515676,-2.3789960407532242,0.6700496718155238,0.9853997114500495,-1.5858456403858474,0.17648418366295282,0.4512260161360988,-0.07310730200893852,-0.7907709190853537,1.0159372235635562,-0.4033797459686826,-1.485186162699932,-2.049474485669681,1.2608495199993097,0.6166639764711183,0.08797354712916895,-0.44027463685080354,-0.528998414203127,-1.0757366484416113,-0.43145564455988483,-2.1200872151201744,-0.7360636534685142,-0.31093751635109385,0.6098800471904189,-0.03992646337336377,0.794923113875559,1.3491351051134295,1.0581700938241017,0.4705098473785568,0.011862679180784205,-0.9807880084135592,0.7399440513793163,1.6797473822215292,0.3421060396504182,1.917259148426123,Cat
-1.5255717080610838,-1.1541633847795414,0.8552015077482625,0.26429021015325105,1.3137821765718076,-0.015471640726739578,-0.8679754225283319,-0.21359324220504247,-1.532683970923734,-1.1285906730970345,0.9724439979180102,0.87278741446961,0.3630042848060769,-1.7210775209604694,-0.35840357551288854,-1.2249998886600506,1.1765332537877653,-0.5837221335626013,-1.0857477107815494,0.029796165121424436,-0.6401544568346118,1.4837439102037069,-0.7348108975341908,-1.3992282592246312,-2.1529135157575157,-0.030786502413415195,-0.5619301138579263,-1.4289046065117268,1.1892264612557852,0.6672451474292419,-0.028217878937229775,1.3643262441708666,0.662536033398613,-0.8228559015184324,-1.039220163990766,0.8179815444538614,0.396366956467351,0.1697477679706617,-0.8464978028689073,0.6079475670057539,-0.7554988831339492,-0.10198665459367798,1.4469441463869799,-0.6608342358101458,-1.572989257072861,-1.0525471918701104,0.9942988266876233,0.25473113738020947,-0.12887737868875357,-0.5090938053115694,0.4853599075531901,-0.8491048509902235,0.3056655686425959,-0.7312545688129569,-0.897659385275054,-0.6374874348250117,-0.3754074464839619,-0.048829835933703165,0.23545579511111434,-3.688365291428444,-0.8076505577467649,-0.39156997735603927,1.50506203860833,-1.0800026083821321,0.16279661809991253,1.4950303097358375,-1.3129685299472729,0.39397522586440237,-0.8022718339345204,-0.5046337422892345,-0.8031108339533145,-0.7318573084158859,2.721912147906493,0.8444558720716657,1.101737861786209,0.49199348683649613,-1.606256788401958,0.39495797032330715,1.0729296145073466,-0.8533994740391114,0.9653266671611266,0.7043362098540789,1.85204004481367,-0.4177830125136188,-1.0976109822757267,-0.36162810937254564,1.4355709931636234,-1.828405880841963,-2.0683757154310323,0.08939527893161327,-0.44258929277415615,0.0077278931756846435,0.9453117712358652,-0.5525693461188524,-1.8730058309306206,2.044481557199944,-0.9972282874387761,-1.0590371220120975,1.1037200137225964,-0.38448912104151794,-0.06338985203481078,0.48279012406031796,1.0835831031099956,-0.33346069318177196,1.5199520059142992,-2.1357998487348056,0.7597872369530771,-0.8395275580176573,1.3722713166079914,0.14204447883054525,-0.6729053320094016,0.6628410930216325,0.8931883472072516,0.6418941228586382,-1.0296962396330605,-0.48401712362208477,-0.004072837121435025,-0.0412596526500604,0.7497454754383477,-2.0149012325066082,0.3343270545535034,-0.2899813544366399,-0.8385006163839522,-0.7424867777695996,-0.2145376645179636,-3.601085104459518,-0.70128957079155,-0.8758148246462933,Cat
0.5327832093226242,-0.8055266825105205,-0.2151138001704899,1.542276627661302,0.9943515198154235,0.9022713999434526,-0.4998724304108518,0.5430322792896524,-0.23389780045359396,-0.19609321067693788,0.4096853437465497,-0.5969935884209324,1.4930031044432035,-0.16013013959793715,0.618360566259665,1.455600479257298,1.031653774575175,-1.4089191026905248,0.44489589500988425,0.8507193944606469,0.8918630221607488,-1.1132948341146311,-0.6570352370173239,0.9945582357416216,-0.7617603706826457,-0.29969605666431426,1.5758758095019694,-0.04779925038478981,-0.726774137833843,-0.8776173568629051,0.33271932958518796,-1.333148008477209,-0.24733596389641815,0.33323053499002175,1.2991498205476675,0.6675480803699957,-0.7140651179821788,1.17841931756372,-0.29951503754747755,-1.235703022049409,-0.1720413592654725,1.438169201145702,0.1652400500649252,0.012521864329786338,1.6372116447028533,-1.431354847054427,-1.2855991140527723,-1.615846470966832,0.3726481864800551,0.1664931271151245,1.542736367279776,0.24347507713677022,-0.40415715947930275,0.0017948728781070852,0.1177074184609581,-1.671761273328167,2.710331644334893,0.5198710181019115,0.21000830802258905,0.6151639842785803,0.709410980586605,-0.14055348550243169,-0.6312411362407006,0.599450686321704,0.38571084053145244,-0.8098900990894081,1.419035611367264,0.29335203632298334,0.7298193622676307,1.391920887679919,0.021888821164834777,0.31695200698411535,0.8100272385061165,-0.7248610838000522,0.054051662846000936,0.1255485866511483,-0.9560585516833945,2.3176367886738785,-1.4072934434924025,-1.2981039036871578,1.3142265757035791,0.7132662507965424,-1.0259648174807778,0.6072890151016929,1.4678504449973098,-0.030263057596985755,2.598822900074582,-1.7240618108680354,0.6938234538591022,1.1665283362210033,0.8913439016052467,-0.20435572664564833,-0.2904414820111494,0.4441451710872574,0.8157544866520694,0.6024734362823633,1.0400578907933893,-1.0188699570667352,-0.22777097912363464,-0.9400159321237541,-0.38611277608614164,1.0152208918143053,0.10798392072522883,2.6068591631497697,0.19340636718971696,0.05969188057973627,0.10618291944021628,-0.6378086928599359,-0.057836612377593744,1.1277880271116458,0.11397066812777235,-0.7934597298834714,-0.9250846204786352,-0.4502018916658434,0.07386343441088038,1.193586535476262,-1.3404886413664368,-0.3198262778887562,0.14431001943507885,-1.8337057676294346,-0.8335982829664064,-0.6798885397361863,-0.7959703738504983,0.1918895450216474,-0.1605596095017974,-0.5552861026010363,0.427962626552635,1.7230747176462498,Cat
1.639256516741752,-1.9227717720623363,0.5770721838351396,-0.17802329006383844,0.1551553428653563,-0.39828303354254857,0.11758862988720224,0.15140739607201872,-0.5789517573489231,-0.8963675478251808,-0.4486956826194842,0.23425926445676556,0.5989963416842641,0.8533489773401466,-0.49419002306691273,0.28384456730273677,0.9625025919532985,1.1655948951441282,-0.05883285413152221,-0.2209317249396126,0.19112423383639218,-1.1497074728974057,-0.19360951103550808,0.7445863984731299,0.6419471294437011,-0.270267604363889,0.2177182010871666,-0.8246503402906875,0.7034921482250248,-0.07782143613647309,-0.27595145169613816,-0.3617238360933866,-0.0628938668998582,-0.44787764493195836,0.6581430360025633,-0.3952835480161807,1.5929640960273812,1.465210503481381,-0.8915434898545047,0.06970426942928022,-0.650656621336195,-0.3266475631886115,2.002427467644797,-0.3075714171157992,0.36022603707742873,0.5413212940082783,-1.0006293724832407,-0.8550954744092049,-1.2060223714081189,-0.8859707338977769,-2.8500301093171823,0.5445824007936281,2.05419384125607,0.14782073903652695,-1.4162688593406074,-0.642776382899948,-0.4588768450249969,-1.0175847772133757,0.8601826383951566,0.8102600443753338,-1.1554517938176596,0.725081044447508,1.5268126635772652,1.9025582052295598,2.8652120230859626,-0.9019926494431975,2.824220426395203,-0.3542063885087883,-0.5924654553805143,0.3270723748778453,-0.5820613340930124,0.3990441406465261,-1.3200771877373016,-0.23875260206343432,1.2855822343616794,-0.05706129143115594,0.14159578673988282,0.4752586047173115,1.1706616293176602,-1.655224712189433,0.5845240518374347,-0.26813913924176325,0.16663789531183854,1.0599501697623763,-1.1941866514118442,-1.0126444414430895,-1.9354299597138063,-0.5491589417637764,1.3304323443788164,-0.12058718847346953,-1.3401248956547858,-0.485678744575047,-1.487861703490623,-1.1251861017311617,0.3888189102637133,-1.1738733263060288,1.1126343052033019,-0.071120290830336,0.08559470394452544,-0.27837296760789404,0.7728478385437232,0.7831598877770107,0.3350543519121714,0.5647891059076481,-0.21208966992042563,0.5422030069090485,-0.33787777547380676,0.0022316221624020006,-0.27464374936629743,-0.4572185393191959,-0.6891117977217902,0.4676901038588855,1.3106059128134633,1.1711019716695594,-1.2565653359454354,1.2892030514068733,-0.31815850161792886,0.6007330151455916,-0.906215332047211,0.14197991387400533,0.3137231828969071,-1.4846047919196528,0.6082671663441893,1.3459350078383152,-0.17464794568162792,1.360168130828013,-0.18969349345240752,0.8495845310466172,Cat
-2.2185699659510996,2.4187777793134635,1.495458245242957,-0.2846255042536789,-1.972089026643818,0.28802836830548917,-1.4439255470737569,0.444853537557488,0.4115657191642819,-0.9414031690020248,1.1209670236143776,0.8055747028061735,0.9758233372885634,0.008857703668895378,-1.4155240669137066,0.9778722722111376,-0.27037139913579117,-1.389780143192669,1.352039365974326,2.0994075205025093,-0.041248128979203026,2.159121154603292,0.09131472861134962,-0.38045590416635117,-0.6304584541854775,1.6370824079927424,-0.7801438813877718,0.7352693099749874,-0.5591638350592083,-0.4603067625743631,1.030249693969567,-0.38003684628935364,-0.4047953794202932,1.1328046971748071,1.5973972932216232,0.6446898032842333,-0.6547697756239492,-0.5106084992975795,0.07991526374003749,0.32093006192565754,-0.9878659101397719,0.7230379395798638,0.08551332963959903,-1.7157083186381294,-0.9289264824607304,-0.5041286736516637,-0.07285768884105508,1.889278795503996,0.23817130613962828,-0.8407718898986251,0.22063080430716323,-0.35208774745388094,0.32475823953354177,0.5805676870356148,1.209230647223938,-0.024286495670025846,1.6389605275998331,0.9080226625361912,-0.7074395448121878,2.209855665748464,0.32699451327009765,-0.8351245039722351,1.6529130512304218,2.0777775851984446,-0.03302526371956056,-0.5036502603755963,-0.17237495745366196,0.7147317275176998,1.277856655030514,0.5704873308635735,0.10172320847176979,1.4980117703044276,-0.3128364730515222,1.030919338366907,-0.2880627983512786,0.43102295801089313,-0.11356256479045149,-0.05585218265281086,-0.3773865174622099,1.3448540311806945,-0.7329260381085351,-0.7402322525487084,2.1209935658451093,0.9778475646543314,-2.3851136986930364,-0.5652587392104036,-1.8119893375620542,-0.9506906934152551,-3.1385146662340397,-0.13698957769394238,-1.1419418191613115,0.059905256796438384,-1.6251212588825248,0.08291185317203993,-0.4149162781203273,1.5019529651885957,1.411356861745625,0.785345603010283,-0.3266137806612126,1.9853803952602933,-1.5530352778398206,-1.4035586295636626,-0.08378309988906465,2.254038108921119,-0.20233890687008754,-0.18324524320928193,-1.4419103561118092,0.9459295852703784,0.9531762543293538,0.7890752013999099,-0.6292206728473624,-0.7067067683730057,-1.2931222504049704,0.08387250176093364,-1.0804073292785017,-1.1774165052492886,-0.42369071691067595,-0.48915617518421617,-0.5379785288219551,0.4664445968402613,0.07904780215027922,-0.28815603051111766,0.18301292831148205,-0.9915270411046322,0.10527862390967795,0.15060249284463378,-1.5030468593574806,0.995693754370362,Cat
-0.8814337052269955,0.09030979920643496,1.1644117405352703,0.9256767577138694,0.03433338856883548,-0.36249900288206854,0.9475119085755672,0.6746949778086199,-0.61836502004413,-0.7948936470016904,-2.072355181695998,0.1540318416835874,-0.08269774501839869,1.1361913746425423,0.3590550934803667,1.3342291941726905,-0.6973642279161708,1.1381503309676184,-0.5289163791046552,0.7775960617922721,-1.4587583925306935,0.23513529936618852,-1.98468794144591,-0.2671374859417547,0.4403539938779136,-0.5209685512310958,-1.0504376287559674,0.8461184692959337,-0.10346278984692345,-0.4895706470306716,0.04189592115427648,2.6366691419455885,1.1535028497815438,1.1625736681878402,0.435546318992364,0.16648527257714707,-2.3960822883304163,-0.6789803464631321,-0.4805744132024745,-1.874892064047533,-1.1574157902154336,-1.980836470922634,-0.038323835697372494,0.8187659708488161,1.1067745186243287,0.41478446207924113,-0.963396341198569,-1.9320651585199595,-1.756868699401502,-1.2689825772544985,-0.8888596980356747,-0.15974849799158664,-1.0141642181269683,0.3389758936682615,-0.23227350279947281,0.0105457117410256,1.1402505526712048,-1.18023173420037,0.41870457829236835,-0.013973228476073308,-0.33348628096969524,0.8852563208659603,0.8790141545570074,-0.9464907959884281,-0.1821605838579241,0.28121168258406537,-0.2730067480225845,0.5850213322877983,0.2811920179102754,1.8325612403560125,-1.5302791359297876,-0.12243598974739747,-0.9085025115121911,0.6041074554390441,-1.6171718900455445,0.3463127102248866,-0.6300484313483411,-0.7341618661210141,-1.4464982035406873,-0.46507594620100606,1.0845005302909256,-0.02518868352947947,0.6276804178744745,1.664641821966275,0.2637555848225758,-0.5587995720623407,0.4672522151827898,-0.5442961463142919,-0.5044226832971694,-1.5198927996189848,0.9262574910843923,-0.3860025756494393,0.18209824581586204,-1.0359619286066395,0.43594762971547235,-0.7619412381350837,-0.14170872170182425,0.8778260312391258,0.7907593122325293,-0.022030072516940464,-1.7681310327067183,2.9928105700606413,1.745858970273136,0.7226748248882985,-0.7532037815909708,-0.11359216170196468,-0.5434204297765169,1.2638559390963884,0.2625028908518338,-0.7841638583598328,-0.470755099124782,1.1211881425699046,1.6000978468204783,1.5283315634862455,0.7570320650539775,-0.2526248688026368,-3.2415138253291205,0.2971600238082216,-0.0018287588441003935,0.13998209632135372,0.05389734703320638,-1.326262161949157,0.5574085568511856,0.6322163140318503,0.6823387820596591,0.9465770035733866,0.6040516449216232,-0.4100294115389108,Cat
-0.07083684791609023,0.09112486725337687,0.10769944910661848,0.9982176559717297,0.6436687530224908,2.0773434395699533,2.206468979884672,0.07964958261392499,-3.8366555484593694,1.2368324661272665,-0.5403763389870544,-0.8014839218310068,-0.3984452749893668,-0.4466430468146064,0.6122698101053926,-1.5594357791262254,-1.0777207457916016,0.3431585541974166,0.6229440304133081,0.641541644936012,-0.787036278933299,-0.97826564926624,-0.5066348337879193,0.23987275228472507,1.4854773692725496,-2.0474371857707503,-0.22072875695836655,-1.3326784410252037,-1.6522426773534897,0.9669566453448166,0.5446245744993387,0.4494335159472622,0.9210258397309934,-0.47971889676613605,-0.43263751633352826,2.1857306167225743,-0.24657105425957435,0.7351321130540912,0.006381540963314977,-1.8482585300784151,-2.044629003801268,-0.5789842199399048,1.056101251669989,0.7882916566360036,0.9140771642240336,-0.9870461789363153,1.6158724901223136,-0.9648933001863843,0.21282439866996872,-0.010352289907736689,-0.17387382031458634,1.3385921382956067,-0.7051105201659605,-1.349605255711928,0.01999548620641927,-0.3998267342865265,3.377382919082646,0.676507476439975,-0.4093405752186243,-1.0561115691870866,-1.8802884105687847,-1.025219085737433,0.11494177175913174,1.4273286515947694,1.121689142387919,0.2290948316463794,-0.3231676657024847,0.26881235641215423,-0.518637997484576,1.7183639957638757,-0.18919018127507997,-0.08633785824672688,-2.215822425020668,-0.19543484652276386,0.836484137964941,-1.0677225770385452,-0.7507203344928128,0.7927110177336647,-1.4766572235180533,1.0578010075419184,-0.532143890173102,-0.38856822049120293,-1.1238784051255941,0.3780462604278832,2.45987198502938,0.781497239460632,-0.8642852619405358,1.135620585491476,-0.31667954593424946,1.3744849814275593,0.8066764021643629,-2.9431415654717332,-1.0040796329550274,0.9443852228353897,0.15165727214501756,-1.0237559477078506,-0.6335895154938127,-1.9062366200893806,-0.08837328752639602,2.2106897260157643,0.8049333907323256,2.190417001188423,0.8823970897899802,1.0274793433526916,1.9740786877450238,0.3772632593422264,-0.18722732150688023,1.0326575166220122,1.4538402371218848,-0.47996464271220896,-0.7215690823400293,0.13885603243088018,0.8314988669316621,0.7980910486615617,-1.4241676001875991,1.9116060670633217,-0.6411649293968504,-0.2650649968885794,-0.9026543599878197,2.6983288359370876,0.24207067028796736,-0.8509750806815649,0.8639235499624459,0.7691357793100331,-0.1877270235798839,0.8406067127833832,-0.8252919608308644,-0.4929182749492523,Cat
-2.010216654566063,-1.3239510842195628,1.8076308056706858,1.6414286277223145,0.06578864864896251,1.6629314471898375,-0.16007448660830478,-0.24341030256790794,0.05651064846555637,-0.12492159532356542,-0.21519632356018042,1.1433981071495527,0.1501356539562031,0.7124817644338045,1.031380525277331,0.38818579565473343,-0.9702713259082388,-1.3528658889640388,0.1487806348073052,-0.17125630482493448,0.08739142892012171,-0.01605403924858619,2.583573660166567,-1.330226255641338,-1.9899462698211248,0.33237683351960967,-0.3764225545881953,0.3160678697299512,0.5838830222840011,1.2841046951788975,-1.5072258203839384,-0.556717897857163,0.42876125888076383,0.7704635956872266,2.1934495502883857,0.9557039711138672,-0.05678859588627712,-0.8904357529426616,-0.5642898527190192,-0.5927028229571065,0.6552336285137607,0.2569974455858305,-1.323649570842179,-0.435901469090433,0.8775475534514207,0.351662354974059,0.5686446160127705,0.38292171005726305,1.6264307346088593,0.23604306382437004,-0.386022797870698,-0.9157550411335605,0.2496094582097118,-2.440704014775084,-0.18428900183271194,-0.20583985992134396,-1.364470853617281,-0.9282658386559959,0.8096575301482413,0.23071174907496259,0.1017883337073275,0.30634753393202263,0.09262758794892355,1.2428625628583145,0.12342918170364875,-1.4582131138187504,1.6301299648744103,0.37034026732884573,-0.5892537307950677,-1.2534017182950186,0.3959142209580454,-0.11717200497437547,1.5741467860324088,-0.34590728066682785,-0.8373807896824669,0.8957962182359285,0.9252818927168314,0.1686513676101955,0.6763570476749083,-0.0376871207422379,0.23386510100924698,1.164990882563923,0.625318334021503,-0.1692744383326247,1.3523625459261506,-2.3648553727915123,2.052073311421935,-1.7059590948907353,-0.627092824772296,-0.04091753519506904,-0.14648067072816137,1.0064110400265547,-1.0578366186102344,0.2607668174830632,-0.578212098219754,0.2951409793374166,-0.06477225979787651,0.09293565268297786,-0.5499248324643456,-0.5100639500960824,0.28727251402742693,0.9437155057560443,-0.5982793341978477,-0.8687675445729097,0.613460165671837,-0.0325038930576894,0.830498133985952,-0.9057972133711476,-1.7794389254234309,-0.5330040818263343,-0.766352609265016,-0.07878840008029991,-0.6368452142703895,0.7410169513364492,-0.28815026242251623,0.15047449877390098,0.15763455844094396,0.19495509241218734,-0.024129110454973405,0.5106006904103135,-0.7956551338258075,1.399417926653883,-0.2365373833685352,-1.3115491378986817,0.18807335699177305,-0.851180482447485,0.665334534508875,2.2096055760423776,Cat
-0.7865720915578501,0.3323723332239848,-1.7555055887046276,0.4539052294413472,-0.8857137997996899,-0.6248346184344824,-1.101286489839828,0.7321512260547355,1.0073043574732625,0.023385214658507663,-0.8644267053357196,1.5895230361038624,-0.7504101277546562,-2.162032299927439,0.4583890099570684,-1.1047746736415167,0.9886087934991747,-0.38113769667341885,0.6037132405441962,1.401500346552158,-1.208858864620722,-0.5659371308924055,-0.07567107265706344,1.5375513190343435,-0.6583827179404454,-0.5945036959490072,0.4781405755558084,-0.5772287257105709,0.15252588289761657,-1.5515374209681267,2.2143299425565965,-1.3477092303094034,-0.32175270399020833,-0.032481035842094615,1.9126881343567956,-1.32484578093274,1.9837041354787512,0.7571768211020226,0.41709532442324604,-0.9846336870179554,0.5711412420380737,-0.7234866224198,1.2666612531984123,-0.9710620291077331,-0.11315849445608397,-0.5552730880131715,-0.9875229624269947,0.7413198169079143,0.5354587474096335,1.2090101989009971,-1.7798751082081674,1.0641707023410438,2.505448905356894,-0.4516410891769469,1.8951486121089698,-0.2631612720598266,-1.372409737561307,-0.3056324424067956,1.048203967675276,-0.8381764823315314,-0.6003386590064871,0.5935394322931908,0.003060116738572855,0.5846229524867408,0.23782954075833587,0.47962531955157295,-0.4323011858095411,0.23173094203039254,-0.9273730056959336,1.2884336225033886,-0.6342747168173137,1.1288474875493895,-0.2336069609828654,0.20199901075732124,-0.4949645508907007,-1.015995431168029,-1.7447603876053015,-1.0553241585924595,-0.32390885321592183,0.21187917882888407,1.0103793132832635,-0.4457574597968489,-0.8819607642671741,-1.4427147860027125,0.4800636179041039,1.3831945153293432,1.2663302679562887,0.7099327481472374,0.638543317267599,1.697623779709341,0.3320814614168105,0.6461296760241716,-0.3207838618519991,-1.3620433708547575,-0.6838489004995763,-0.009159038534655271,0.06078537250130285,1.9262858548553932,0.08127716759106869,1.1788434440256437,-0.43507724157631605,-0.31167588576523414,-1.3290076372234483,-0.7423280128765718,0.5269813913637531,0.007560180394133265,0.9429386198972337,0.18125394834505026,-0.3524537316377418,2.148296863786959,-0.09390356871304721,1.163000969705304,-0.4012092065446777,0.7095994793835665,0.9280156591516868,0.20849197057558072,-2.354482922696602,0.018252460856112946,1.2304600477599754,0.5274808330277304,0.4458388752292466,-1.722256933957519,-0.7204550706750589,0.41135763115143903,0.410383276786892,1.2146667801329025,-0.14486675514609437,0.40582408667381425,Cat
0.016374241931293703,-0.9869427365015568,-2.2557913310947475,0.43100969213007667,0.17394720841281136,-0.6181750421001689,-1.6191730565158649,0.6297395144087381,-0.265920074195552,0.5568747223681456,1.8640485304117584,-2.141430880319705,-0.6996008087023639,-0.20937561331191326,1.4548261741466506,-1.636403019206485,1.9358610256806046,0.1358559015662905,-0.09600066173385824,-0.19805976321890642,-0.4362630321800288,1.0481167592691547,-1.0685207540824389,0.3454141816438536,-0.38418166570697554,-0.7621334485140979,2.585975175683896,0.41905073475346005,0.6132655446611438,1.1377767806686623,-1.4213499453185472,1.7522919091220317,-2.5089571784950757,-0.7687664100385205,-0.45903167317890037,0.5817233649705059,0.21871826614148773,-0.16681474069839325,-0.011997344627723866,-0.9780230235225682,-1.4972323944841732,0.7265116223360603,0.6937061125361853,1.5844943751570586,-0.790017096815208,0.6928152103009226,-0.28370672836473176,1.1904749851934822,1.0219627766781416,0.2112093992244567,-0.33953015666598657,0.9609321786082614,0.6469045232565658,-0.6844404020861826,-1.327798673479431,-0.2885329006817962,1.515413815348209,1.1464871587330383,-1.1123274696705807,-1.167757415899921,1.2746838496794863,-1.135635904757829,0.5092953236420079,-0.6160712153363237,1.6170449245216825,-0.7704247991378789,1.1433615302058282,0.18485865406036467,0.2521948542342867,-1.970308581351401,-2.2029133532057186,-0.22056594026731396,0.24690606341661173,-1.1251978277377233,-1.0886934104763422,0.561472629826133,0.5628544804571306,-0.13774106038792705,0.780201721186075,-1.1742022957201466,-0.3559349170869707,1.6478776057836733,0.06832212993981754,0.12631251458699935,2.3059465859677397,-1.3993421658487708,0.7964303666421104,1.6639862798080995,-0.3248579264985461,0.8596307868548461,-0.9820194972109048,-0.6867323955673516,0.3849664160476343,0.7985666731105902,1.1209365124062458,1.569628586939493,-0.06744655855518213,1.193611755172588,-0.34230484344914897,0.902091311588268,0.20748879785218177,0.4456779070819239,0.42350787402203743,-1.6047050097978122,-1.1241218588607733,0.10254143981752241,-1.6872790796411685,0.8312111031997558,0.8715559662881419,0.32717055287779023,-1.1211340127579221,1.3801389388685148,2.037210639718358,0.14707682744597397,0.5105353784512363,0.20173865479604391,0.5303691889987993,-0.11955875662639608,-0.034564239843803336,0.9057176004973654,2.3456241618964406,-1.4000712344017388,-0.10381248440296688,-1.1804604852320821,1.5920248985760834,-0.5877379693198984,-1.443200793785794,0.6381869988485734,Cat
1.7443111147431112,0.6635978685607627,0.20479787728191723,0.4091409227759939,1.4148406628255548,-0.8741992700141499,-0.11184710408631295,-0.4526901485095334,-1.1678653072917102,-0.3283752594168024,1.1077210959824486,0.5666021483927255,0.6443105001082005,0.1464756116533182,0.5233237827285886,-0.8005903423481054,-0.3095098859272293,0.19200423696867674,0.27751585888189023,0.320187854921873,-0.1383352820163779,-0.3774234011303297,3.157771283044298,0.9067872729323987,0.4131474759526224,-0.23320849820639397,-0.45121882694387655,-0.13080059372695568,0.29282884358668343,-1.8804355440630813,-1.5693895953746837,-0.6368823889389575,0.20713943677856853,-0.23927314715185138,1.4781212260994843,-1.4823967869957688,-0.7513454696033703,1.5200917409911012,0.13111932467514684,0.8848425828011585,2.0512469432694633,-0.6938044179018226,-0.09931433779203207,-0.2724269009308716,-1.9545930044832756,-0.31039680375596906,0.8810621873806654,0.5405895418122408,0.6190831693880101,-0.3755089806394995,-0.6560972360056414,1.2692556718986205,-0.49731714635766955,0.2940820387932141,0.16333468067753845,1.4617170162571183,0.9714123576723597,-1.2952586206671208,-1.18755316677504,0.5789098180691342,-0.06433764737916652,-0.4551717839537639,1.0156278839944708,0.18745938208891083,0.05245738688944395,0.7798286407550497,-0.3751089949435645,1.568518985472554,-0.788047623233008,0.6569290663420881,1.4338328386598447,-1.3772954892720999,-0.3433351758524492,1.1422073928855578,1.1572445477310251,-0.17149560038823927,-0.7346710936768595,0.9559358223307622,1.1835491025816047,-1.1646633485123947,-1.2039136489663802,0.22525668198359955,0.629360633428892,-0.2990690852300549,0.6792938199823493,-0.7101366068373821,-2.1146935990737354,-0.42390107233259605,0.06323214651310118,-0.27583995989645654,-1.1586032636594852,-1.8156489758788175,-0.5140888043678978,0.8976557716497436,1.2561974394136823,1.187713384138455,-0.815909535148553,-1.153706323630364,0.49663461497989536,0.6351000115979253,0.40016960520049744,-2.0140632742377633,-0.8668845848834666,-0.02968879028597843,0.48721819463042715,0.7673073626024868,0.14425352228204003,0.33078380653823597,0.08486545836110417,0.685619374218483,0.312865651490911,0.06573766004728737,-0.26836879913738076,0.0812914250424811,0.48459137883927483,0.2674753888980612,0.38082641834525377,1.3427218613511855,0.2651639227465874,-0.6489985204731576,0.883606785994169,-1.3661983376689175,-1.0814133807392872,0.3358472647200691,0.5163966677865788,-1.245051223503995,-0.38281748098675,-0.6060838322196587,Cat
-0.48667632288159673,0.9435977762729458,0.7065054635472527,-0.019122179853707483,-0.5459619271149279,-1.3496496702201406,1.4201849387819487,0.5921139002849184,-0.7066691040731404,0.7195994976248915,-0.07022362057462567,-0.2871095048623429,0.43521152828960236,-0.741498249912725,-0.34375651951011005,0.12146106419954589,-0.49945119288521345,0.669085210267524,1.8690665036782608,-0.7542981326071427,-1.6651252963040444,-2.0017401674762616,-0.15046814149498222,-0.6631645901261828,0.20786050106708062,0.13259767202610107,-1.6032168466140961,-1.814883829481406,0.29593324034609525,0.135428834719957,-0.42581799836655126,-1.6571435851323046,0.47139126276499077,1.2718995454239435,0.27798244021892227,-0.8474738905650646,0.04455216557115131,-1.366114080933685,1.0579607138387925,0.08184433452953882,-1.7681569117532319,-0.3006743604436826,0.46330151023423083,-0.33304762097552243,-0.2758957214401739,-1.2244022070472718,0.5665409870816561,-0.6484692000191374,-2.1564453770050327,-0.3712573706703938,0.981149715570353,-0.3869294465999474,1.7379849851235203,0.42896794854851705,0.3387581622803661,-0.12839826591760886,-0.06828620776429063,-0.263423635119504,-0.30226939208252646,0.5308671620671488,-0.9358312297905655,-1.0758938287242596,-1.1231950508753776,2.045654547677154,0.53034290167058,0.3044922016801448,-1.0575146702934315,0.6233423006748285,-0.11657134645332866,0.21416894113174983,-0.976620315863556,0.1602688574175767,-0.4238335382064832,-0.7656111570301878,0.7341063358072487,-1.5377078085300024,0.5647762643141505,0.6844861335529961,-0.8796436755512407,-0.8203284611324674,-0.2230256812664022,0.28203621046222055,-0.1528549918142255,0.4335624601918793,1.762979652537399,-0.5077167691497139,-1.7151799707034205,0.8259235830306532,1.6833145759275296,0.3927683630511244,-1.087748675353668,-0.12389236323520093,-1.1185234842116323,0.6428554939629476,-1.3512904026984345,-0.3001287868282,-1.0043378262939064,0.12682468513496187,-0.36634167713775767,0.17676210325026384,0.02235055496636566,-0.9866590277241104,0.6268770635290218,-0.0487656518431153,-0.9885290078659005,2.2409265562057925,0.47643016671712474,-0.15326055339930542,1.4152045267018234,1.8418156093866072,-0.1453494223138852,0.347397486434762,-0.9880028180029409,-0.1471927507680115,-0.19906255375986986,0.184827033621654,0.33276047863701036,0.5598284488280599,0.23764265629995912,-1.2107426266291645,-0.9384671057410849,-0.546407619463673,-0.2822405919232288,1.0507742904721133,-1.162938986852913,-0.3574150481706999,0.9530094982140498,-0.29987747449661223,Cat
0.46041564984282407,-0.13954204292790354,0.25678325732472285,-0.22847254380954055,0.667065472728354,-1.5450564074064352,-0.36331200838854505,0.29657267669430815,0.533695248006193,1.4929526227538277,-0.3910246668655764,1.4794817618608729,-0.6590238266596705,1.3286464115446437,0.8174671266983724,-0.9134585796322228,0.30703923725182186,-0.05123583553219154,0.6255845936750005,-0.22327158843330958,-0.3072462256617315,1.3690945827628513,-0.09872089445567296,0.8264223241917663,-0.22535148504419977,1.6666632592275232,-0.6783346293354934,-0.6141435312471847,1.524517181115903,-0.44494639089525284,1.6010743061643926,0.8918405795948128,-0.15464970656083346,-1.8132934720171585,-0.019318304271835673,0.10163005353342468,1.167217733304373,1.5884471762401118,-0.6849871791437476,0.8011817639881827,0.7654021560133495,1.0734127024104452,0.4986899121355445,-1.94249769096177,-0.1554224325277597,-1.1557075749169152,-0.20260577291807386,0.980004236133894,0.30515083587497266,1.1480908663974327,0.3417539207135393,-1.2983259396689026,-2.5208470065727346,0.14880876167959034,-0.21392646635116538,-0.9769457393818821,-1.700627249651378,-0.7347432134727092,-0.19449148486477605,0.6658778237063901,0.18863108156798006,1.6080672471727289,-1.0356040560453943,0.8810588920574334,0.04729874312872792,0.6946691241185846,-0.43651486326554356,1.0716803738905898,0.29522475834524275,-0.6794449849177494,-0.012024028913188147,-0.23955585893709952,0.4891783506377937,-1.1797767493745086,-0.029351702115694548,0.39530725264933086,0.03302330719303323,1.3469412443889957,0.7740227740710525,-0.007480796740746615,0.21668909749767315,0.2956655514819996,0.40329960416682403,-1.825657995664608,-0.30152629576934714,-1.4844390681934263,1.2782809474594865,-0.06084952000292773,-0.19334094967962276,0.8967973320332352,0.42232479744987467,-1.1286345143792071,-0.0709053625273688,-0.33516697322638483,-1.744532888606054,-0.6902762332372047,-0.18354032201646558,-0.1149509314918426,-1.4822314236773086,1.1516655830474756,-0.10210305889143893,0.03755307666056291,0.4006416383398367,-0.7880762539036712,0.45635597313269627,-0.367074646018183,-0.8965855406471915,0.5734474933553989,1.4916738588018077,0.7248293734858318,0.9229775651404308,-0.520630606562299,-1.5976197291684564,1.4901375220998412,2.05451488940476,1.542806773769682,-0.3357859389797497,-1.1546343387288442,-1.0656826978195666,-1.6837325676140487,-0.10737861841004537,1.6056779580824545,-0.14166263187224326,0.3023229003482749,1.3755969643042085,-0.40409531183239966,2.035531456719595,1.9920944074974534,Cat
-0.13111133868048266,-0.5775342640192128,0.697238046390313,-0.347524942518858,-1.1565552170673363,1.2812386535229803,1.21644738727708,0.15551160376356082,-1.2628647537281779,-1.2295262512173861,0.10722928841915275,-0.49987103450503223,-0.3410929321416082,1.0219631550600035,0.7331793174225577,1.378142680497613,-0.9906232233772576,-0.34319156868671197,0.7589816954601127,0.44807834101289173,1.5323803825876219,0.4205367059040693,1.8481091041055524,0.5400178017231407,1.0621674475886602,-0.32351494678445714,0.014287211883989065,0.9109444038394753,1.6129781705930544,0.729236949310753,-0.08317177193461948,1.3773350295283417,-2.191978656279881,-1.4222345015068736,0.681634223668389,0.014108356253124855,0.6055136511241652,0.06440752243194205,0.5709456946038727,-0.8144028209931906,0.5704860860796908,0.9944145282075845,1.2205506039312326,2.0135542946486997,0.24409844350238658,0.2739110868471789,-1.5231724641738478,-0.531411401138425,-0.19308207400661265,1.050319552276355,-0.6110011240896291,0.7963400197488324,-0.0016217169633801235,-0.1771681151147619,0.24889396913325643,-0.39115637225284255,-0.4290372480926655,-1.7047859057901145,-0.24795420732788961,-0.4799681461487265,-0.5159809893490795,0.41687306259004037,0.6586319527905097,0.2321945046423276,0.9954151904494745,0.5755619258303651,-0.29505618980564213,-0.46285628571437976,0.31282223676684645,0.5737671099019008,1.3978443070314983,1.1911730449400957,-0.541473006507169,-0.10200628012726169,0.67101780491777,1.067997778058972,0.9389694687047921,-0.06387783283134668,-1.2540226524285165,-0.9989363762455913,0.2726335143194143,0.34222557942434556,-1.098679373434385,0.04456961088927163,0.6312243569717831,-1.1512266575071441,1.1049972018044145,-0.37753114855982517,1.257613112576651,-0.5334524457759005,-1.026625482884179,-0.4581369898417196,-0.09514812307732015,-0.3884799067714809,-0.21600142157311336,0.33396514967619034,-0.17117936979639942,-0.06611239395200703,-1.709226399202596,0.3916980160104727,-0.08920329769166797,1.610292980482871,-0.9395651672539582,-1.8082953284995145,0.6180684939300419,0.3465270183130004,-1.0084330205311458,-1.5297489550040915,1.53739673068429,1.4141103906067818,-2.4874567587061294,-0.45822302925650094,1.6641920547838993,-0.47606255777786693,-0.49061223402665266,-0.28275932762936834,-1.1208969737681593,-1.7047757442280442,1.0525473107347487,-1.8429369062476757,0.2472714521087559,0.8865794927576496,-1.4512262989011584,-0.9242684025950716,1.21317918839159,0.5328917202270399,-0.6172857068788872,1.202249003361171,Cat
1.2065357234543024,0.2690526930157071,-0.9001602278736629,-0.4134487034717953,0.28638674395539016,-0.18859482914748824,0.9389571782348514,-1.5297740801093362,-1.4942635290662387,0.18087111148243243,-0.49154441380690456,-0.6270486146977409,-1.7680567191743972,0.019545844798181757,-0.05275510800076566,0.6534789819517407,0.0689061331209721,-0.13260407824049675,1.1770006367903372,-1.31246730344855,0.5363892188475762,-1.6711471647953489,-0.8383618800008077,-1.2126571326233138,0.7819425354519183,-0.06541023359539401,-0.013503244592976752,-1.106732987729451,-0.2996934959328892,-0.7634653033091117,0.383455014854216,-0.9910911353316136,1.3297943652050759,-1.6755804496240945,-0.8065198324565613,1.6772005099660963,-0.4351387479620344,-1.314878664404412,0.21907156253766866,-0.47539224221454224,-0.8358702556183059,-1.0958708107987174,2.768373605625943,-0.25155190018413637,-1.9255673603328771,1.4937097590055342,0.6110709051105707,-0.7664664310197877,-0.9331190886861417,0.6734727961582307,-0.24691832748945464,-1.9259778184451013,1.7872399646046684,-0.433990462215957,1.4955717364824264,1.278434957965715,-1.0010095444828142,1.0331898643631479,-0.6514425498636812,-1.866700586803942,-0.4245981660221425,0.397637501776279,-0.4627366479963379,-0.30704834092510147,1.143566044928613,0.10649398029009184,-0.8432983112849525,0.7020303236673265,0.19767556695424515,-2.521604801462043,0.4283529137714487,0.3918287077161016,0.020121129580859987,0.8917005810695752,-0.6723935843265022,0.33649978882090087,-1.5669593711673528,0.4070903833988318,1.9530596955398964,-0.9948563524675411,-0.7598021319877752,-0.7100154428915523,0.12999822580159529,-1.0630362728537182,0.42124737869098017,0.8468399454691652,0.5343472134537843,-1.7684154256380724,0.9951676651586061,0.9373674142536799,0.8301613723463044,0.372842248655825,0.2201893142051328,1.0323893981263967,1.9235134876034545,-0.9530404633648498,1.0781253957947718,-0.08621709800745275,-0.1296730520286007,-1.5365306903820384,-0.28478940951539505,-0.9972649579684154,-0.4638544295059457,-1.0981863837781498,-0.44890838731300636,-0.40611035702340326,0.09675491843880031,-1.614749862291331,-1.4455181477453234,0.36191427073052657,-0.7974381170700989,1.0745297902299311,0.2252697220150467,0.6067621502064073,1.4106923204208948,-0.30971081180657256,-0.5744867054162757,0.8717025855988134,0.5095135639296859,-0.18733030982130086,1.3914579669559421,-0.21224430983993056,0.03277363755578143,0.021222650834258405,-0.9345938948984711,0.07758538948639096,1.3967601773984912,0.4449683153761758,Cat
0.031063426398931438,-0.16176728116566902,0.33086702840635124,0.7497666284891851,0.609238830889753,-0.33186486182197916,0.32478159411011454,0.47993974114827864,-1.0071949875269783,0.16823054118369438,-2.161303886302362,0.48253370982118504,0.6603430545626816,0.7475461257864594,-0.3950468521695675,0.3090468350240348,1.4239538455411669,1.4137696482912587,-0.029172699226560628,0.13931963072955983,1.110911144734433,-1.5008020152621748,-0.32307574267702455,1.3355704555367565,0.9752005416847661,0.36926377764990465,-1.5058324053306205,-0.04991023304116202,-0.589915396249933,0.3310389028172135,-0.8093466847948803,-1.0257233949746074,-2.0648652776836416,1.2218046849767015,-0.3997705114430575,0.15714578370253451,-0.0022381164741810933,-1.0674339329604994,-1.2590649114481933,-1.0053151259972355,-0.723168438829393,0.36660624701380495,-0.7957176635206115,1.7464906315946216,1.027151035893151,0.8083595496657083,-0.11965890247315014,1.5142807357204837,-0.21800563112112403,-0.031261414154246076,0.1699745397492694,0.701823040543344,0.6369080790029854,-0.4751252784446032,-0.5329937194259537,0.6399029571520845,0.7152365838912327,-0.3933511248228728,-1.587188069678454,-0.20731609600824458,0.6235257988258587,1.8054168464197806,-1.197957962340662,-0.42657125283057357,-0.3894035615253766,1.3558053394315013,-0.03494150045863278,-0.9073265593722656,0.5586952829218191,-0.40463852004094636,-1.2243872733579544,-0.8927733072761507,1.734041954422619,0.38420922164946225,0.10776005545254295,-0.24989373581204613,0.2921488421187989,0.2802359460024943,0.2921688282073261,0.114845090277753,0.8687983383055493,0.02310434600073103,-0.9779388355526387,-0.6124228909008682,-1.9790186934897123,2.0268171160423925,0.8627545919526867,-0.8300704951292369,-0.2818448493970999,-0.6368764742064333,1.542547211374117,-1.419877164270929,0.11447605881877927,-0.10852784256484785,0.8268386307091143,-0.104009227724695,-1.7582088766554351,-0.25111783464244086,-0.972162217943325,0.07957954655656065,1.4341770365203266,-1.7394252442322782,-0.8002227353999037,-0.552692953783497,-0.38163109541321133,0.7401256641052443,-0.1735444175613875,0.4158027257204452,-0.6257730437317763,0.22992434541793752,0.7777976308777149,-0.7322995497370884,0.7813581198065147,0.05237276872756848,1.0454602404822526,-0.20141990007697352,0.3812446551620988,-0.04060623167853,-0.09621226204057896,0.25893042822568985,0.5368074692249037,-1.249564911924005,1.4336336088178778,-1.8596630405497985,-0.684812109738896,-0.09426907076490067,0.4123559690859481,1.5761725277413785,Cat
-1.8582914882251074,-0.5076941283897106,-2.1268334877992654,0.03162197391024777,0.27168358450003066,1.5907957421712526,0.12063476089345412,1.0440251294423797,0.583837081539059,-0.4352481970051683,-1.4089607467920393,0.2750022982918108,-1.4921020171453638,1.295207072669644,-0.16206210203682392,1.1951774115114164,-0.48021443413239945,0.2688507864009919,0.20934885733468878,-0.04504411801092395,-0.4326595133965921,0.3924560184705202,-0.9261632634832083,-1.2094353289590587,1.2428268933268276,0.7271679888921005,0.06589160860223994,1.6651423825437814,-0.26776551872484483,1.3227032199889794,0.17557408492582183,-1.0247507500763902,1.8480401917708498,0.9907108466240852,-0.1210210310095643,0.7271712595339491,-0.4037034339979068,0.829149035059542,-2.3910785652839595,-1.0198013336945937,0.9792597442869628,-0.24965553821891934,0.2075422948887419,-1.3467856621154346,1.847866995702103,1.1905296437176767,-0.20068521837532977,-0.4046958568633263,1.029604361419693,1.9824704501689276,0.9537602558113537,2.171802667396602,-0.922351329061918,-0.8193868304987907,-1.1889411180533487,0.44176064964947936,0.1756035498043702,-0.15195112347198586,0.8092586281232986,1.232328605214664,-1.525662409286842,-0.5969720279011155,0.8201435941230599,-0.467738683858582,-0.7982060763581541,1.0185374276503947,-1.28950006972398,-0.301579807791105,0.32864402580480856,-0.5738199139101188,0.7831556560131748,-0.568876975197369,1.4086194934459193,-0.12574629749577262,0.6712701367053535,0.7460239529828163,-0.6275400027440727,-2.0534865486558886,0.36075575466383486,0.0722883471248695,0.5558260275751273,-0.22652747238283805,-0.43042769880071585,2.0084730109816995,-1.4723540615107777,0.7339504783642384,-0.574601858183391,-0.33577861774042206,-0.3171028325739657,-0.8034342741712571,0.5712242102362395,1.3906435959499572,0.47001366124666144,0.10338199621209512,-0.9864404990992466,0.5168252658244509,2.1563496317292987,-0.3806946237950925,-0.37598357935186616,-0.5610891309809973,-0.4894142344944204,-2.7452995536723845,0.4050353858557128,-0.8455521763546138,-1.6102631187918002,0.7531899497325488,-1.0820177850419361,-0.3386690538837576,1.46644239118858,-1.4092157980245135,-1.532598234597762,0.26930618956233815,1.1494873640103684,-1.574341717731963,0.4076897368371771,0.5809995399616921,-2.0591604836923203,0.7985013379072202,0.8766058798421794,-0.31178557325602474,1.2523463622980082,1.1364555743248452,0.10311792571720485,-0.45144539032493364,-0.9728278925829571,-0.03756350936619123,0.569758919704179,-0.32417686104064125,Cat
-2.19750100526203,1.2687138945765704,0.19022322184489376,-0.37962449667683384,0.8571583884232884,1.5246385964827562,-2.8019115694878916,0.43426364992207156,-1.4266492108103472,0.49911050679894126,0.12792720237457925,0.6357265264405499,-0.4992476144946552,-1.873240111819152,-0.4503681912566681,0.40684763513978306,1.0153923286752233,-1.1718313004725252,1.0270604268730175,-0.6478722896465213,0.3624498815945265,-0.5098939528656328,0.18217062771210168,0.8918776345702746,-1.2270140772885358,-0.6799058967468314,0.18496258734208662,2.4015836610303523,-0.863189712166828,2.040133885996919,2.004423303675171,-0.09731115070159116,-0.2981525261999003,-0.6920651986646917,-0.0682025303326691,-1.406719432559558,-0.0762390173205976,1.4968802738508562,-0.6110850624767177,-0.24072430398905076,-1.7011404742672418,0.3740620881310435,0.2644816849513739,0.0637023597657709,-0.21682705022214338,-0.2927579187724547,0.5019002337006719,-0.02881660158862331,0.3149718715553322,0.21498281745454795,1.1234272870957618,0.6769940973750542,0.19286184315019064,1.5184220306521798,0.4202685290565615,1.3049626887904189,0.6069426083866378,-1.841919078931543,1.3048347633193296,0.1351762413426691,-0.05195477090077795,0.28134834748957704,-0.3449831619570674,0.2270288603889453,-0.5918760663430924,1.27427225873437,-0.1135881136210503,-0.3825838427224335,-0.9249258157192739,0.2687757891486415,0.1871071001250919,0.3884246136775064,-1.0272518875051289,-1.601181198811573,0.6255913025065598,1.4846418618765076,-1.0263536223898961,1.5894412835616984,0.2839110587363809,-0.007062904550829715,-0.397548696545778,-1.3845180194249966,0.9877285159245996,-0.7756063614376031,-0.7798066757376003,0.9919263098869546,-1.8829834466717266,-1.5235978106681667,-0.01813424350808177,0.2932844290048521,0.48473464796892385,-0.3017984933962528,2.5303696686416894,-0.22789255876583409,-0.23078615210272213,-0.7969866688138775,0.12390681652107108,0.6149612320467747,1.20357805453346,-1.489284264440218,-0.2459953383557008,0.44670361080914417,0.5870575345945356,0.006548657804539276,0.5424239695321018,-0.8089638929258004,1.5579054323183568,0.9926281029794295,-1.3449277870651724,-1.0751030481167556,-1.0469217501069061,0.6779699708965284,-1.2847277664174672,-0.3310243342080806,0.4547043964167744,-0.06616593454643473,0.2588875157127058,-1.0658027113487583,0.5948543733972447,-0.6132118924759965,-0.32461967439794126,0.23773172790598612,0.10307822153084817,0.023980019015592963,-0.7506268219767557,-0.29954941119919215,0.0021835908370359453,-1.3750852331670849,Cat
-0.4625329663133788,0.38767987903284645,-1.2774366038453426,1.1565816515942398,1.2696132625998429,-1.2451505759600856,1.3576196330501393,-0.1435815887121344,0.4185145591570548,-0.4966510521282467,0.9230448272267618,0.4060940188486671,-0.8141532565976035,-1.1652019999652885,-1.4603024352092226,0.18794177643275645,0.5724714117797358,0.6509656787794414,-0.11798109460737784,-1.156996455664364,-0.682074798023783,1.1523486389619257,-0.48462856460008136,0.14341763068147614,-1.0756504835748875,0.33658304545903495,-0.45768456167907784,1.0467127137757637,0.7735577062068134,-0.4957059465748997,-0.12666402734766338,-0.5511162400406288,-1.4194331965450098,-0.8574424295472166,0.19821732772082012,0.3252594982295819,0.1485479035926389,-0.30173305395863576,0.9330666057209853,0.06354190456093739,0.7032538280959473,-1.7737751322025186,-3.9224002516183423,0.2837880278380801,-1.4247656537214894,-0.21245170271305602,-0.30209704102460566,1.587400602415537,0.3999965529436064,0.16585902679867273,0.8369911546336737,0.36849758683903877,-0.45767699298843306,1.0714759302545598,-1.1097501278882742,0.32324718753356224,-1.5475697941363111,0.20394385751599503,0.1929896417729295,1.6764549619146627,-1.5649738934417794,-0.6008871758538126,0.8226824265741438,0.33531725639730775,0.18030505133750305,-0.9561357029585392,-0.5908183480914292,1.2450410082232566,-0.051509193753927957,0.3753596961444733,-0.115188328776479,-1.1830855152497652,0.9338104260749966,0.5032323845324963,2.305636837367189,-1.015581379650545,0.8225729212004805,-1.3115439660370012,0.15734656767307767,0.9765065890631646,-2.072135116096487,-0.20493247424160788,-0.5632097340426203,-0.7019572982951219,0.3852126522593542,1.1206857064225952,-0.1332787152291555,0.20548642756002017,0.11430875305924776,0.0018035063564141765,-1.0893426377121063,1.1084446017228928,0.295195368158836,0.39488149000257766,-0.8065096290255822,-0.4592203979892406,-0.17613419771077837,-1.5341246934488515,-1.6880343251976782,-0.6007479306385678,0.52252076644239,-0.6531373899299409,-1.0188051975907135,-0.8146856532376702,-0.4553424231453126,-0.35385896282010376,2.1655214522065567,1.0546206284873183,1.024774112281728,1.1685803642733814,-0.9988208693340495,-1.2223646149872391,-1.1068702915340567,1.3345061333378379,-0.547191788882491,-1.251356182239287,-0.430996200219813,-0.23860553171462742,0.26841327369456214,0.250951020712043,-0.8281805638735081,0.6856563925137109,-0.6391935337501581,-0.15627633670504304,0.686774070503355,-0.6418214039443414,-0.5693514235811376,0.591668049693131,Cat
-0.8577331766050195,-0.38479202360407067,0.5557421780428925,2.054092441435975,0.6054045047627467,0.47263976299001165,0.5308015836727296,-1.0731902740670494,0.115596738679908,-0.029766488336401747,0.32158454037275613,0.11650805247587083,0.37969967741711247,-0.31146719489920155,0.058608917371792725,-1.227828566056992,-0.3199072780029138,1.3908335481766434,0.3188083396282559,-0.020921037383076883,1.8961232762543467,-1.3608349783010791,-1.1094555554462198,1.7127114112762727,0.04596093604893383,-0.24258303628979377,-1.1992043250956432,0.44769626639501187,0.5444598695274623,-1.0944943608348963,-0.14027558555042832,-0.33551583203306606,0.25597714641877106,-1.1192502422206438,1.2519474545131573,0.9158237815976042,-0.36317555873281615,-0.2164187116383712,-0.13642215027761603,-0.7783085530065034,-0.4434294182350357,-0.27027036767460905,1.612868370707128,0.9466183083304367,0.9346547073366236,0.3699256130043903,-1.1173270089312346,-0.041491104577379236,0.9704884596133799,-1.258264629367288,0.6365532068732643,2.322609225262766,1.0618166459897318,1.4140291355619874,0.2183387504421607,0.9679319487649898,-0.7178532143540355,0.7958638123412264,0.6543881340607632,0.2899111740376629,1.3160074197184983,-0.5387848378473886,-0.18705751647366262,0.09546204135829657,-1.0296109710894006,0.22693194380024787,-1.718930412953847,1.0469545344282092,0.046637366565965746,-0.5208929039037633,-0.8343736122951215,-0.23457902961918758,0.6882597107724135,0.5477389787375606,-0.705537947278461,-0.8460396726276345,0.6568987063196474,-0.7223474046150294,0.05990977407950356,0.12375464252427706,0.3120621317267384,0.8582704301818718,-1.2629629368673227,-1.9111593252604877,-0.5674472812283516,1.801528407832186,2.0221741000873785,1.8311771355658875,-0.1929813677606896,-1.7821150819848288,-2.343039101651841,-0.6140381615494112,-0.19807363014936016,1.3006254010559588,0.8678054595424457,0.2274050789916206,-0.8898447709411417,-0.9607795582448903,0.2541276870714354,0.6970509788397266,0.39188126224558456,-1.0345979596066548,0.6506676287920862,0.4259109671014114,-1.0706664061901783,-0.7843209703002557,0.6884959745615665,-0.23450753514589096,1.5891473016364572,0.5011292760645764,-0.48663118818926915,-0.01020560039093268,0.06338339263771817,-0.72839031324171,-0.9125881981776266,0.7013898938094993,0.8452732970420956,0.6037814695529586,1.5153180943238018,-0.5417732360116019,1.6742707660711302,-0.9009211185541528,-1.0126855633684928,-1.7599588821492502,-0.44579531382681703,-0.5037223368294537,0.5259372802546505,0.24389094162045094,Cat
-1.1929733710191368,-0.39272623842581755,-0.37146202108768545,-1.7759822469618927,-0.9809467270133695,-0.7708136306140894,1.4336250198209464,0.19145071595735258,0.6621687539474996,-1.498635497149212,1.1942144830139918,1.3011020630240928,-1.998344967144626,-0.7053167239158482,0.49576557301551033,0.6443884535381822,-0.6784947304872218,-0.3054994630536529,-0.5973810610451429,0.11041804694611956,1.1971785314619128,-0.7710421571412046,1.000820497768414,-0.7816720723468876,-0.8476272124968842,0.8185946183432132,0.9219363780076167,0.8514099367626543,-1.3157974082181412,-0.46595097807205077,0.8229885920033214,0.04154184056389461,-1.0736928461974642,0.4583179391254417,-0.7148072589914705,1.794524848392212,1.5448414624182585,0.6040974263555673,1.3610067047697736,0.0647913501233811,0.7654374943750158,1.477720295302075,0.2454986817943127,-0.25518717151428366,-1.7046219581771158,-0.08313352572149399,0.8234231845623113,0.9456334275676297,0.5043650657184098,-0.5412990949622398,-1.9768215689475905,-0.4952150980047351,-0.3043448710539514,-0.3129289671900141,0.6185563569779244,1.9856764110148397,0.12352920184109302,-0.21673178915646166,-0.2592218130040925,0.1243847669077142,-0.828293760348399,0.12019855874605508,0.4508123363317998,0.20968606357448813,0.4575419340047812,0.4337476093485353,-1.7718966822464437,0.6368701583954032,-0.6710148456624536,-1.095839163003958,-1.1044518278549962,0.4335416104725293,-0.22257492722485295,-1.6819687839854107,0.47803781519228344,-1.4396081307988273,0.13982135851821087,0.23849892567305414,0.8855770816950449,1.7816847864668515,-1.3646763259005417,-0.05247385606304944,-0.27633529504421733,0.43374968596096225,0.21566877093361858,-0.35254624273661994,-0.4409021886108555,-1.1164508551840475,0.9878615824065092,0.45920418159952925,0.9177681977951373,-0.3103961364755137,-0.6568354686944304,-1.0783150666292278,0.3589175837406595,-1.0397932245282346,1.8486630689665502,-1.3076425810934404,0.2736601192125019,1.5668547072137862,0.599089759263809,0.17567371249177932,-0.9684836469618956,-1.381769188567704,0.7700501089175859,1.5061472407749465,-0.43884999047817147,-1.139061507616351,-2.4581694305490185,-0.9807648436625377,-0.11365684249904019,1.5991232408367342,0.6731336922329685,0.305085404706753,-0.40011966130113097,-0.5831657172559563,1.4056475975079636,0.20073854075838948,-2.102600691921022,-0.6735396478972429,-0.8582160317716268,-0.5462640091774649,0.5629106602850852,-0.10744488179424941,-0.07686540700366203,1.3134731613252366,-0.6964610897866884,1.8641995258873496,Cat
-0.6713075913710861,0.08919819661257138,-0.2812035954027669,0.12341913350096105,0.44459199507312896,0.43383524008887653,-0.75311733062058,-1.1229146774475707,2.5031717909057107,-0.4839843396005531,0.6992124386719866,-1.6076413105231968,-0.2796127199046768,-0.12719938398244293,0.4728150699278325,-2.722454140991939,0.16614061307833064,-1.1497414553678929,0.32434571119492384,-1.036329196838163,-0.8554826959255813,-0.27362761039326816,-1.0523294696031953,-0.47553444673535483,-1.1933757685433153,-1.8331704516987275,1.0179570524293595,-1.2960486928239283,-0.17868088760798354,0.7528910814937849,-0.6149441025160431,-0.8251658997455379,0.22623808866742148,1.117933822727152,-1.1693152650864689,-0.15014783201743892,-1.7324945949673274,-0.39320100368219,0.034204684538075444,-0.8546246417550657,-0.45699183382523145,-1.40822676830745,0.07707861138149362,1.0556942488831498,-1.0971438697704636,-0.6226717665523829,0.5025462464541818,1.2120907193227362,-1.4931898122089313,-0.16878473741594932,0.283130822319525,-0.10205639062884797,-2.476792066877087,0.5010900093087719,1.5193363510906441,0.11666175116950343,-1.0311060532942633,-0.5131272463642831,1.769913067655593,0.9099625408605586,0.6400266183843293,0.35641258353437605,-0.6611371121909724,-0.20057118065576857,-0.07792273567851586,0.549574316064444,1.5089188942669034,1.118338136793128,-1.4193843557960406,0.22399496890104872,0.736763345167897,0.6188603301446354,-0.6292337633874194,2.9141092157683617,-1.2770845623311189,-1.08318844666605,0.2335950812615763,2.1168030549638535,-0.8361948507041709,-0.2658283656469923,1.0772936730156928,-0.0178621548877335,-0.3346038545302957,0.5656329018867201,0.2725179902295931,1.0304387856367914,1.2914688890653634,0.3070030600053617,0.291732725378309,0.21411098228613354,0.4891305566492876,0.05517063787146392,-0.0006084823222894505,1.1966271208272423,1.5161161803550431,-1.5075529446334208,0.010021151740569072,-0.6886944334452347,-0.3109714664860723,0.40251620973532143,0.6694383715424684,-0.1121264436113449,-1.9133403347228028,-0.9650455805761796,0.896499670200166,-2.7404264220349313,1.1874271516819999,0.5212299906445413,1.316176081530022,-0.19856918688096045,-2.061405424022905,0.430362641506498,1.2746531240383412,0.924721805513421,-0.6626914834880354,0.0867610754626467,-0.532836268779924,-0.8192664641893721,0.955388571179851,-1.1975323112651621,-0.8938164305816126,-1.1040256334723855,-1.4902475232990466,0.14641429184260343,1.161503048481976,-0.18487675624526564,-1.5057478005641665,0.8399445397420275,Cat
1.6857017540349715,-0.6462423241465945,-0.4785542667177183,0.5156606300833942,1.6218737477850513,-0.5198341457252261,-1.332449780998205,0.6314186062724064,0.7990680731422993,0.006131450435226853,-0.5581332596574506,0.9943787309920463,0.5280360045479643,-0.7684355169034929,0.0490947313056715,-1.3517075320246466,0.6858904564379201,-0.2622335693828559,-0.4357108323847371,-0.03287448515243416,0.040307699330247825,0.8949300615655605,0.5910905313252215,-0.1564092787928027,0.7636681497189952,0.40073725369161306,-0.4265996362860371,-0.1247181582364859,-0.1482228888431208,0.5052613431742017,-0.36702261472164177,-0.3904091864216333,1.9687573094339588,0.9397354817471042,-0.7606006644251391,0.5709409939421983,0.11835006565517724,0.3915511752600938,0.13734132456510456,1.1896426454852358,0.34562034465144587,-0.062088698214287405,1.0421905769830173,0.233285041087872,0.12147857932905783,0.3140226024861145,-0.0936090233663665,0.009226992995468902,-0.5866945887618727,-0.7511672196238788,-0.9985703864824396,-1.391983286797076,-0.8797173613845565,-0.17426703446692562,0.10311758244563701,-0.2712965631476405,-2.355703490127358,1.5745863577623422,1.0864801228903818,0.4457598512171287,1.907490672553268,-0.9773641174837107,1.8876251206260046,-0.9652140767505479,0.23873792529135657,-1.2738373251342043,0.014694095544366792,0.3861664979983887,-0.1546903311345547,0.7138774440901375,0.09901444948725731,-0.5224147283775092,-0.5668133178023392,0.8109137726156964,-0.6537420298069675,0.9154029704849369,1.2227117928319309,-1.66871386234613,1.1329263873010347,2.060422698444699,0.25200376120192847,0.5990841852948223,1.0370053243691586,-0.2754823151790223,0.1822802235378697,-1.3141995296231093,0.13863502853045098,0.4981119956445415,0.5161630229264693,1.0654247235975804,-0.7748021781355291,-0.5326067566734964,1.8955073459913552,-0.15032837376370992,0.200033787312328,-0.06701004172522106,-0.8216808263050224,1.6235292108918062,-0.5277014119206057,-1.12728552370693,-0.4507402773027516,-2.0017060017255335,-0.6512874649831818,-0.9681285978523266,0.6174286309273244,-0.6734142395598725,0.8878039355788485,1.3984839930693214,0.7811753362875992,-0.2153882888600766,0.14111449670559295,-1.5249849401440596,-0.13377937252123967,-0.8604384680668331,0.6943263811492989,2.572752389244474,0.49982163597380935,-1.9911401489546665,-0.36123019291437297,0.12249092537445466,0.0873574252602637,-0.7308131256087531,0.2452917426369353,-1.2425008369193873,-0.944908722685067,0.6457976416037114,-1.015663230879826,0.5382116054922572,Cat
-1.369463774656058,1.764825883791736,-0.7742699224040547,-0.22366657180344413,0.3306132610904059,-0.5653499525010943,0.14340596107130443,0.5753567245201257,0.9606132325034853,0.7914974359729572,-0.171810463802674,-0.14663177404360228,2.3491085580250326,0.9498890682492921,-0.9218236563202137,0.0999881637655518,-0.3351431387781925,-0.1353342339231097,-1.229495157708088,-0.41192323438595313,1.8115557731939131,0.579076300875503,-2.49116140815146,1.2167234924979469,1.0896295229091613,-0.35928530430641653,0.7172635437832151,-0.8593992108172007,-0.47025571626635737,1.4985463606698537,-0.2717300398697084,-1.869731661954991,-0.06330322278133675,-0.0785883929143568,1.1983685693734596,0.014336422175760023,-0.42158231144029273,1.045056145231206,0.12079023250111028,-0.750022681565717,1.1549975605416176,0.19366176451679923,0.002925966679437699,0.1779083914116544,-1.070668371416597,-0.5276537761783373,0.003582601832783283,-0.19466369502467995,1.2724283828165954,0.21740585272700344,0.8549039226364025,0.009395354575849457,1.056288483746123,0.3975277565731539,0.01342048538846011,-0.013283088959019524,-0.9544386262909633,0.5069157201363107,-0.04020473453637896,-0.5019919601812046,1.1064617708120716,-1.2502160258948012,-0.422495895432434,1.0277187487795334,0.31552294092025324,-0.04785892765275731,0.25100354315014656,0.1794141710488413,-1.5166625462859213,-0.3492618853479615,1.6165216545137489,-0.6593241347771676,-0.31830101410433403,-0.5416207633091875,-0.08701522331813741,-0.5831228313242981,0.48674150215806,0.19731341229026655,0.7735476151070181,-1.0509411661889605,-0.34034048288290325,-0.22572263161213502,0.45564691008859476,-0.7932211972070344,0.9156538042583441,1.1864155905176088,-0.9888723476355838,-0.4908728948935657,-0.5319315082920923,2.6323862046774984,-0.4299001052078867,1.6776254421561345,-1.2666319951066096,-0.9896509661643634,-0.6866045318482008,-0.8456893114465224,-0.26789873415849874,-0.7087782027214982,-0.8193415927345735,1.1584719964733277,1.2237936225131651,0.9492964983753157,0.5239989555843281,0.09274306577955228,-0.4970306906659087,-0.953157504755092,0.3629957034326874,-1.173630392546798,-0.9939209291753933,1.1529132562048097,1.900649041722087,0.39329513816648076,1.1064571522946443,-0.24584831744398336,-1.3376741860876842,0.612171618618584,0.5692893232700639,0.07166855388024412,-0.24237545810511135,0.9622105785810979,-0.9857330334274744,-0.7737805788906578,-1.008106506760428,0.08497296263582721,-1.0878930121092583,-0.6842421805152435,-0.7057555622271979,-0.2606083323339582,Cat
-1.4873744464039769,0.087204992037267,1.2473036506646777,0.13549137231676192,1.5413211448013207,1.3339981858769252,0.7777350472478546,0.07468584263688564,0.02250038824543957,0.7637997723632599,-0.39167060950403243,-1.8825207514674638,0.49200405410295983,-1.1310686299349713,-0.9621412281903847,0.00022394799578804667,-0.09512487755346981,-1.4120756063156303,0.1654915641331403,0.9661396608610485,-1.1283415702657829,1.2724833308487593,-1.560170825129944,2.1173241443709534,-0.4112604304834833,0.14561699682689125,-1.89203357248567,-0.06213606646930852,0.22848217771819174,-0.08616210409949455,-0.5630810770523736,-0.9465645185278149,1.130526619537311,0.03080713499795014,1.5407523765167723,-0.526482354794923,-0.43479469337221693,0.8155942445961629,-1.622974962003564,-1.213463360152923,1.0974849713531636,-1.1719339292231947,-1.8190510153025476,1.868527188073091,-1.3938176478742055,0.18411939832816962,0.06908519272427115,-2.8106283166180837,-0.2673170231678089,0.44841324947910954,0.3543093815188606,0.9035206838035016,-0.38749131490543404,0.7125044420921607,-0.6893290680800719,-1.410467416412775,-1.2977283756812326,-1.4621104551954147,1.0095859678911938,-1.5145735090585566,0.27403884064930323,-0.265924194072433,-0.1026485734506316,1.3636072951996998,-0.4384273672152734,0.6116015615496833,0.037563351381111706,-0.15201890563269788,2.2999691243864735,-1.4413417457153697,1.2891318354374448,0.6564065654899721,-0.47952499463178405,1.629318517441612,-1.8481101123885366,-0.5217666572990717,-1.2084822042690762,0.41208346487146014,-1.1130641011871776,0.4330639467413191,-0.18643641582155404,-0.47935394265608433,0.3886472460333105,-0.2686216239380641,-1.0886348430590387,2.8013729896349786,-0.4871671830291446,-2.2176090801520147,-0.8420986897213886,-1.2672766883727302,0.8261456160405156,0.321652659591586,0.3987128017903442,-0.3700224658372443,-0.2793502470569215,-0.37093110360766823,-0.08119318413546972,0.8353334353648353,0.33607541250534645,0.5001128296208667,0.49955890824920274,0.8844424373817379,0.28815004154025464,0.3588480726789188,1.1888062411931566,-0.6650459180031121,-0.8557425799515072,-1.185921599186856,0.18291456362025593,-1.8537322412191233,0.46215409605967733,-0.10919309450055267,1.1346396998210568,-0.6719173104649906,-0.20331828541750677,1.1222033332933687,1.3831356467781524,-0.68015236575182,0.1817812325871601,0.2944189776840481,0.3736534056211483,-0.26257565931562216,1.2813833981236349,-1.8897034836215454,-0.421130234801084,0.4479307327729469,0.45722481194934356,1.352759030614763,Cat
1.198225393201287,-0.28554162530722377,1.2998712435306046,-0.7140417437774549,0.9308873827918375,1.8105224784209932,1.2149441068549691,0.10577038352412323,-0.3317787717721222,-1.5285912962592862,0.310539637914204,-1.1152172279709192,-0.7931346636139368,-1.1907458007366716,-0.46039233265665513,-0.027969414486982293,0.27361458116570514,-0.6005066354139633,1.0692837063951832,-0.20820525798996595,-0.7877224332655192,0.22629226724343637,1.963552833543816,0.33516056653511783,-0.3628556273736071,-1.527461356118704,-0.21941232097207036,0.23492812508811559,-0.38758089125557005,-1.6653846382409996,-0.8505653895034339,1.4545384608877576,1.434001003730461,-0.8866391692045981,0.6727567871994219,-1.1785727847701737,1.4043162819949524,0.24523584789423636,0.9496414986165338,-1.715093347182539,0.6776371019248881,-0.007674063684503472,0.8519290707908426,0.9148677980978497,0.06578468947474944,-0.6008296390959147,0.7796961821794943,-0.06015449940512768,-0.8727849535276425,-0.9201522314576858,-1.4771644163123816,-0.5102911595630633,1.1026920460743783,0.17782979970543425,-0.5297677059230407,0.8048559381800797,-0.8324766217233888,0.09535027433277855,-0.17963037272551532,0.7791306255883522,-1.5772283709195007,-0.8501977458146558,-1.6382456590945336,-0.25959672180927,1.2114275036324305,-0.5054472096535272,-0.5106839381956507,0.8717244241841364,1.0685495584552998,-0.08857106726878992,0.6847148540498922,-1.0769545408779464,1.3779743339254138,2.1487062939370514,0.5212157911887249,-2.0843316213428005,-0.5582302623977843,0.6128253216693214,-0.4214829971663628,1.2721985542500975,0.5881572644358652,-0.7064755007657966,0.032264810771252796,-0.8938332206390901,-0.1825848784124418,-0.5545932404325518,1.1747618002330382,2.116012056830995,-1.431188333235752,-1.9232162862097522,-0.2451724218513857,-1.5184156988286825,0.04621160367091715,0.7489361138059267,1.494141897266825,0.20139455871528109,-0.193155224849579,-1.9783849165730842,0.026185149185798437,0.07128726054946169,0.6389568142127453,-0.7084881015290911,-0.4350526002358597,-1.4780022553041843,-2.2912928068840652,-1.1084970907967833,-1.5703258142530165,0.3367122954206112,-0.5181340566668573,-0.5382371300747891,-0.9844130461752121,-3.2325654325124336,1.5083107487475504,-1.0002705227767883,-0.412420069849907,-1.4548921652893105,0.9719303434406339,0.14342893703732443,-0.8263652852658686,-0.39222961134402384,1.67817992212487,-0.07296943188127829,-0.18173353761590585,-0.9413814861392652,-1.894581150472303,-0.16003867357934443,0.32548511232461763,1.0995844643276695,Cat
-2.2484965344996555,-1.125096327023029,-0.5807410905564503,-0.0034808485732018284,-0.14503369152842244,-0.12168868568726955,0.4080960585699445,-0.9032931107791092,0.9341414422336946,0.4334524416994807,-0.31983226412807936,1.6009079918889153,1.5564160355717669,0.9328953551938086,-3.0185567705677925,1.5789450927179753,0.7947585224719341,2.0064086377129366,1.2374645917335385,1.5783426774972855,0.878654850180379,1.3486931986455122,1.9941237407344399,0.21655473837820582,-1.5722305440781297,-0.30746090001514215,0.3899455993834367,0.07488758437155775,-1.2465619661594265,-1.631067625194979,-0.7411626686348293,0.807739555984151,1.5803397708229694,0.9165676137777012,1.0574272871141361,-0.08081557316355767,-1.742082457705964,-0.4552205808827054,-0.25876441187237875,-0.49705248683568226,0.05469486537462616,0.4414197598929505,0.8530151882434975,-0.27811986436633407,-1.9037594056445934,-0.4828777192911349,0.04371039699198385,1.2228079221334083,-0.5678078421841054,0.5125436283994018,0.29008789963543236,0.043900533123388444,0.9305333193245915,-0.6608411967525808,-0.5751864496435164,-0.011900823094228097,-0.6401465050936997,0.5080122910545997,-0.7131923043661328,0.2263042077451344,-0.10017276878675659,0.2149259647767057,-0.4597413950630392,-0.33908829452682704,0.09600926799704997,0.20207450616131267,-0.004201915391156093,1.705362356513084,-0.9907369187412842,-0.06420379495271358,-1.5736290221169846,0.3720814786673863,-1.115246536376814,-0.27831025587657626,-0.3720643253313259,0.2808911266011715,-0.5527909175451801,-0.5953056976939823,1.435856464085898,0.28456679047452627,-0.561050852022268,-0.25083367181123084,1.645354952270745,-0.235164878251097,-0.6892766231523877,-0.6849961501263927,-0.5491264809895774,-0.5944977224267224,-1.279647848349243,-1.124200096946978,-0.82932037436137,0.5915710184530977,-0.3812372872728735,-0.20716168909404023,1.270088025254897,1.2950071499384181,-0.28212494313773495,-0.630863510683409,-0.8644303136735378,0.6927757697082377,-0.20470723352228773,-0.3864948903227902,-0.8136645751375527,-0.7696664090113885,0.32005819149324455,-1.315438265887262,0.9948686937879384,-0.5338446438149185,-0.14963594425179252,-1.3369779581405543,-0.012365938242364536,-0.32832094269055984,-0.05008059885646664,1.4717088983618904,0.17769804579023982,-0.7946591841458039,-0.7113199105465682,0.5951311859137686,1.298693290993424,0.28191802075105005,0.6887127445547695,0.6097377233367051,1.419064413357521,-1.9495901727260327,0.6672189393045282,0.9837360439035638,-1.3387237061355735,-0.885668184006416,Cat
-0.8507827486281534,-0.7287901963773834,-0.48171705093552597,0.24260281305494147,0.8656746511673697,1.0813169577685364,-0.8378230611677818,-0.8447029987029827,1.315821840016223,0.6467439354186445,0.08286484186899613,0.4733366755549671,-0.029803781851440635,0.5245846830476146,-0.3360666965057405,0.2688049344392308,-1.5105460503694963,-0.687784294825431,-0.6770111767903435,-0.3743900332069141,-0.9265132547797481,-0.5335436258230818,-1.5144140623981206,0.5487004763949003,-0.08251351891139448,-1.7052076077760168,-0.8348299105466731,0.3366014275621669,-0.5430219463857897,-0.6969414601380967,-0.07459267700807634,0.3435975351782162,-1.4363524570391606,0.5501284812178794,-0.8002932816073767,-0.01792796824979873,-0.035420140691509526,-0.5270661182397741,-1.0236597461307144,-0.28568654809226357,1.625330309075195,-1.361675030463631,1.6923130191048756,-0.2597211710765324,0.03537141708863912,-1.0867108113847272,-0.7712694166774808,-0.5029096500380191,-1.0456949708779122,-0.20891795737087174,-0.4070158918067711,1.8507811424357334,-1.165974185680461,0.10269051674858726,0.24784628190182476,-1.0703205486518375,0.6868274954528385,-0.3983270128816281,-2.4923896515830672,0.659849612104565,-1.1169408841023638,-1.047774946139099,0.6879020828923982,-0.3471614824184498,0.9177721505515003,1.2101660953653188,-0.6449284603222979,0.7932624959550306,-0.7554608013928819,2.2331159171321766,-0.6929570045312151,1.026087440960004,0.8437900258815756,0.3160878221089338,-0.6705431614166831,-0.1513974919414092,-2.153588112944552,0.22442003838225033,0.34961533102838527,0.13349941906137147,-2.9733061712925575,-1.265636445089811,-0.7480909828486626,0.2916589331890461,0.2893389056429845,-0.17022379197117923,0.6352455366039567,-1.0262423753029,0.6102350056939962,0.47474210483989104,0.3775547328379105,-0.18204043108565582,1.8307438248312617,0.4931956884898786,-0.9683358632535589,0.2483054757359842,0.7524833770742185,-0.5881085989243096,1.089272246931099,0.3820337057160107,-2.342478337665347,0.29967197733792633,-0.40602915441271537,0.537179814541736,0.9442148402518143,0.195162047141818,1.6652522339446956,-0.17870688456349573,0.6248178230538752,0.8049425736373473,-0.09734596889273275,0.7787743079777822,-0.5946729871621688,-0.4225684190212185,-1.3124886903363124,0.24140911637004694,0.32525167585434406,1.1792631585792293,0.7911400043558836,-0.28479555664743317,-1.178179687334277,0.432850402519974,1.110753172414642,0.7551849738039433,1.0844775248572875,-0.21188953119824255,-0.4666189681756455,-0.736901352231799,Cat
-0.05589646661359551,-0.0785907959688194,0.2066776285391162,-0.129297457035508,-0.13362772972677125,-0.7766940529721439,0.9416190135514908,0.0765180622437113,-0.17444393428528215,-0.7474292532492047,-1.331913110391086,1.3079641925493437,0.5546387081318072,-1.6239178425699672,0.7631423007096569,0.9224811702331092,0.12437612230092951,1.598110895751759,0.21671964212288297,-1.4168235279491899,0.365169001048321,0.24489730171272925,-0.6032968487781549,0.573558836877425,-1.667665266190862,0.9905668274427895,-0.8781217036054526,-0.9849461251170324,-0.11382477230747688,0.4329729280436354,0.16392406359342962,-0.7426591657723782,-0.5060892911918885,-1.133042347377462,-0.22467990162987012,1.0750212145109097,-0.004262937643876164,0.8594142547594531,1.4554013377261916,-0.588018519036967,-0.18657325305536468,2.171192861062495,1.4443434119799452,-1.6724045258123525,0.38714831606090655,0.0005599923396953997,0.8264531108587624,-0.7449787674850553,-0.8396083720406722,-0.6760707152936095,-0.5719285461984328,0.8153241668090142,-1.18120117314888,-0.6226138999593189,-1.7890123905014412,1.007117823412373,1.2710300994311405,-0.3270734308637865,-0.297949364813223,0.45322190228289727,1.4744820073782556,0.40861074756391724,-0.6975419424751146,-1.6188225719864404,-1.1151262626634877,0.07321945031246505,-0.6553275232007943,0.1949677059907586,-0.552924016236234,-1.0581464312944115,-1.177031631453071,1.5623545093732296,0.8889877491836431,1.7305179518279585,0.5399509007551029,-0.42999140861483903,1.323340922489938,-0.033068001361767865,0.22084177029035232,-0.042824379075518997,-2.9469042192840145,1.6047350122948532,0.49100394595775343,0.32982306086851004,-0.0617760622705607,0.163427820386131,-0.5972789358462477,0.6165793523072711,-1.3070983443991324,0.18606843247054689,0.5615734705711045,-0.198669133822903,0.37086779247102475,-0.9913343922342502,-0.9658267708959641,0.23671712102639317,0.6785496546210517,-1.874865655501711,0.5220206351107666,-0.5432015003763371,-0.19280608730741247,-1.3395179235650372,-0.8516172401867081,0.9661253255303113,0.032863373980213176,-0.3827784017095585,-0.11648835263103476,0.4892118246643012,0.44049449616333775,-0.07502700039680087,1.0929591108966683,0.9704626369066661,0.4133720291303957,0.05461178291007045,0.6573210951195391,0.3142674218011834,1.0608000718059476,0.8995613767383077,-1.0182539014177285,-1.0859631707417063,-0.7012495444040763,0.9761386900669211,-1.5763089967712456,0.3947573891079933,0.36254309109296134,1.1626480586861927,0.18033869066388744,-1.3432093905839007,Cat
-0.9593549606481229,-1.1819955218978246,-0.5379439663331403,-0.1829015674239269,-1.165441526221057,1.4706619906522893,-1.325281371952441,1.3461034238624805,1.1851630314393404,0.8983025496890353,-0.6937666074967505,0.3424508791769014,-1.277371133550618,0.9109070350337493,-0.07398478153626888,-0.4093202145866852,-1.2237448466562693,-2.477506118629017,-1.038540857035756,1.1127981956129065,-0.402833428474804,-0.1693288571150473,0.6555543582884528,1.805668878116265,1.3250046549456387,-0.9723350038161881,-1.9425705714374064,2.3596142591001037,2.2689916116594535,0.1884535964292827,-1.2704882455818216,0.9632265338939392,-0.10798368601261019,-0.11298112310661049,0.894458843105129,0.3343747468732986,-1.1858149110149452,-0.32474193508197385,0.6611529286613466,0.5102522224050186,0.26201657435847575,0.9334229544758642,-0.3617169878172646,0.17866977521907204,-3.3755791001776,-0.4496501938428139,0.7639029085756444,-0.39039446711714254,-0.466227391717112,-1.0414529517748186,1.0033658927291456,0.5484632735405707,0.8254145978230849,-1.7262139619578896,-0.16045004326563395,-0.2801110077500062,-0.2805717065985525,-0.6160275437179559,-0.34610427178001524,0.8496447827066518,-1.9128513533478293,1.7772947680304536,0.4838411250264615,-0.04233189566021276,0.9068341463729263,-1.451834745168435,-0.664700905151014,-0.12107543239055386,1.3655603704321775,-0.046496581126557926,0.45005467118514625,-0.5895789959361277,0.486842068967491,1.6772395929744568,0.9955266916741141,-0.08145598777787942,0.6754908472654697,0.5775169546072118,0.5065876716972757,1.1119533608604089,1.1044777038374665,-0.1271585968748843,0.6418790614777692,-0.38309492115979377,-0.9230723963155776,-0.2694937557039864,-0.07627815173958268,-1.661580989177992,0.8603325594167204,-2.767325422602398,2.7148169394863215,1.5018791337963189,-0.2610087241723136,0.009426360563773238,0.30297187358728317,-0.589160387988942,0.19261914758693635,-0.1439999777016611,-0.09427271723096599,0.18146106348063867,-1.3135277983539944,0.039569724133648135,0.16344774661747724,0.1288496213559143,-0.21583075543615446,1.1378577759693718,-0.3536525548815512,0.22732590682319032,1.2972975339255457,-0.07937614002031229,0.21446326746755132,-0.0963846363148971,1.2373697935635992,-0.25772456158629525,1.2833545772882056,-0.1035878946470647,-0.8594597234480168,0.679373170574121,-0.30466783375565604,0.6205008990991628,-2.729404384923734,0.005205261894946381,-0.4596052987574804,-1.063258686531278,-0.5532410018397994,-0.5737031442926516,-0.04798579485058113,-1.3673264612849558,Cat
0.3162737802597137,1.366214785205788,0.28092849694782634,0.808988609229009,1.0945624546137955,1.2364895121841768,1.8701386928213053,-0.49920199827593026,-0.7184839851611164,0.7834656483247346,0.7082662196573998,0.7756752996156893,1.889282454250252,0.011369908798494166,0.4261565596461849,-0.9803882514834749,2.1353211239759577,-0.336544921209111,-0.30821592816082993,-0.3467498910082427,-0.6448958586443377,-0.7294370488476493,-0.5237042828895252,-1.3657959280509446,-0.7853179202632383,1.9489631114476191,0.7356551436413686,0.925904176727718,1.1772087874169148,1.8341345643623908,-1.771422551443844,-1.2298831152865406,-0.8037236608946853,-0.4697297964895977,-0.30056939058524895,-0.4469775528060408,0.21930891313205408,0.0352953907452159,-0.7228347951782497,-2.17554877698757,-0.9928687053786982,-0.5492386533125753,-0.24707943680771946,-1.129667459310537,-0.4908064664964202,-1.1309873884855863,-0.125819351548333,-1.0730913283626153,-0.8489046563704645,-1.308684130989139,-0.15350069556978385,-0.8664477699523984,0.9067842666754293,0.405850266692899,-0.069851868183643,-0.7974854973437886,0.3805203053163029,0.690700889348637,0.14268841220163028,1.6037018554669304,0.45963731807481595,0.9136072175680342,0.1335654155359782,0.6756644532569765,-0.7967812326691753,-0.4583983632127938,0.34936355348237974,0.3420994815573816,0.5076118229432475,1.1003928922787292,-1.424971171815412,-0.9744525476102961,0.22957264107425313,-0.7243636318034608,3.377768241289362,0.515719619170136,-0.07833084893015722,-0.5154692730838591,-0.48016228319304444,0.030140661315177376,0.11198193262125772,-0.45669914469351297,-0.2731522465199018,1.3442845752345964,1.3845049626510342,0.25203397993487703,-1.3412597272367377,0.5385031566390435,1.554282441611026,1.3697811019623787,0.7344258528096671,1.4224229552858216,0.053384272479021756,0.628102969833705,-0.6807755663251802,0.29226545615571214,1.3295342439705244,-0.589423411486891,-0.8614434294642864,0.09748893902369685,-0.22666220372399956,0.6491477210704204,-0.45325952594704233,1.718439615602714,-1.2896760979610558,1.2537347862197346,-0.7648492283081031,-1.7959827345840234,0.23787515634886738,-0.25460798601388357,-1.1096093679030308,-1.681376891715264,-0.00836078727145676,0.9758368916238178,0.5849534930864443,0.056706648839265496,0.4788475732177351,-0.027214132377857005,-1.4297242430303712,-1.4208939852234432,-0.20316852898467888,-0.16065328636607445,0.8509826785067651,0.7573042237747472,0.6051330157589494,-0.2802827130771807,-1.3806521701101395,0.41207113706602394,Cat
0.5251693132621684,-2.388531462477686,-0.8343381865826627,-0.691054377393896,0.11835020112343628,-0.8033604327656939,-0.03813456882464037,-0.21053494035299194,-0.15914947153772793,-0.7163942937007461,-0.6389850540666776,-1.0802670597806927,0.380067440573832,0.5711026285913683,-0.7706179501253388,1.5206400960170445,-0.3146014474420489,1.5301856237965608,-0.6421271738316033,-2.0265777765994355,0.4021978249123513,0.24854510511898723,0.034393795307583075,-0.6422324784439893,-0.034572225485819015,-0.5112594578695273,-0.30234956633175064,0.841632255765075,0.18421722953009348,0.6099513873319773,-0.23186850662578992,-0.34201734580477505,-1.1534825308886436,-0.370036612568197,-3.321114555589139,-0.5902219663056348,-0.08187417719083905,0.563673654270156,-0.26867787752495675,0.3476735422449994,-2.1797886613902455,-0.056836852206949735,-1.6795027929134034,-1.2083035156593327,-0.18716554786386091,1.2762639878735544,0.37120676347005876,0.01823099713711716,-0.019530389467102203,-0.7136288932044673,-0.5439834133726836,0.42737604547079716,-1.3853605184444944,0.5930540502830212,-0.38850706711885274,0.8255570748695653,0.9610934572320833,-1.67308401250574,-0.5815807632272181,-0.8555276879406237,-1.812727965073143,-1.0325332762094106,2.44125584526534,0.6095098962124401,1.917287968605754,0.8290984400183357,-0.7418431610084755,-0.381771196674043,0.5884361802403073,0.4375062034730363,-0.5773420157083338,-1.509993170579207,3.287761187388739,-0.14114967234280568,-0.32573889318261995,0.11333446390530184,-0.24272858931102861,0.1227289077054837,1.2869472861164193,-0.12454847968642378,-1.1627104393277614,-0.16164379447861094,-0.4644017814099108,1.4238989372468513,1.1711190647375707,0.10752500043079882,-1.2787358548192564,-1.2258922634399458,0.015123261584553639,0.3363229693212808,-0.3746228193260549,-0.48016958420723416,-0.5927992331786469,-0.023393960243946223,-2.382762352073065,-1.1013266287697099,-0.6270508454473506,1.2075031949519206,-0.8138136419289294,0.18046814183120646,0.22654275093099605,1.2979165056607622,1.2625774069641502,-0.05750296879491637,-0.47548474118944284,-0.6638331028256903,-0.2410632224657809,-0.43403335432359996,0.553627409358232,0.4203098174852043,0.5918011911450157,1.2592837114361684,1.862869121400177,0.12466339340755687,1.0994637713956532,-0.35166018383421516,1.1850069835830157,1.0615091571758442,1.0084159699429913,0.09406984119152385,-0.6683581639908888,-1.3945284378654765,-0.04003720752109928,1.533012542249183,-0.3098449013640731,0.7851265854600545,0.8439514005189311,-0.28368622092717277,Cat
1.3163448375195195,-2.9086607444805037,-1.222750278738175,-0.9156322963584598,-0.8197150228673898,0.3362629511858955,0.29003780305390187,0.3939905721750079,0.596081494132487,-0.9501045691456493,-1.218176066807319,0.39631968200786294,-0.6302320736464391,-1.5704750453679706,0.9713442845414815,1.3951019065022976,1.5571608896986593,0.18700772147472028,0.6259320959729026,1.3698682233619108,-0.6414157900234342,1.110677684054092,0.2753962341432087,0.913711652342591,0.18609302087593527,1.2962567097480018,0.22352376254153686,-1.4839790594674176,1.451926632314722,-0.947530740972112,1.2530582102439143,-0.09024288144032204,1.1760109851977065,1.134768614866765,0.4301429743153713,0.5085353176271308,0.42262861719256595,-2.013824756281078,0.11833021889820218,-1.116064176071895,0.17118714374566293,-1.1429425463832155,-1.184951941226075,1.6049345017539018,1.0694473881241897,-0.004142584944154457,0.1847686502490239,-0.24791602574300886,0.5698763759795229,-0.6760543665488049,0.9937402628679574,-0.25308684101411083,-0.4198469958312289,0.0217130184848427,-0.5911468299256105,0.32868234949648295,-0.5373625893133998,0.46852360281883604,1.2160065389114765,-0.7193216868081737,-0.1305754572951713,0.4613307130354217,-0.4358573549814069,0.4643205608266651,0.5553988606517399,1.083261776294304,-0.6059900460849119,-0.9427752402304745,-0.3075773895637438,-0.9677523395470999,0.5644982040474971,-1.1617513001764113,2.3330164182526882,1.2959278615737506,0.012575769600314238,0.867394492997976,-1.6368018643107916,2.523373331399558,-0.5902146122004895,-0.12049741389935952,-1.8559332871884366,0.4862873047408947,-1.1063441570771089,0.1016557615660292,-0.5442744329245381,-1.0777439349303435,-0.8043615017626171,0.2257880340855212,-1.2814909728688244,-0.748811671023577,0.6632733812644779,2.602479874874313,0.47758881955300486,-0.9172616421772875,-0.367114170072311,0.03158900615257829,-0.3494249506357074,0.903058166736933,0.21747348301422456,0.9078523849098702,-0.31444379029762937,1.3255002197212566,-0.1664855842815459,-0.9711898691379917,2.1773203810422213,-1.8249777469611168,-0.7387387253049276,-0.6270278518303946,2.5083062730565633,1.8068588841465116,1.4939281436421976,-0.3306586623763318,2.426178003841775,0.3683520038409712,0.9772633703031223,0.17969538110620695,-0.04946657132325152,-0.25177867392637926,-0.20963999341916223,0.6084916486780788,0.367199798775388,-0.031471370203683895,1.5095239926988544,-2.9667530687407306,0.509887247921195,0.7177387066589793,1.1469628682551696,-0.06487144105336112,Cat
0.2079200673839576,0.9859483833147212,1.49116640428018,-0.3005359851787682,0.2669757831275602,1.6785739643487574,-2.124027075878851,-0.6900125998145852,1.465835978602963,1.0925378336083031,0.5224452109266943,-0.44859687310912016,-0.8818184989854194,-0.5912156192423738,1.5480082208186925,-0.6284426891553463,0.10142296423965788,-0.753707644861746,0.842774030099027,-0.5387262803464412,-0.09759389015441426,-1.6833821330428256,-1.6133682362049397,0.007673193321506307,-1.325157155197762,2.1050866393345022,-2.0615231121122495,-0.8001752986641041,0.01670086726755042,-0.3651329377957845,-1.104145456663919,-0.957927839495268,-0.9906540774992385,-0.2867216948200629,1.9519290895174237,0.0779372965582097,1.182900489387524,0.5069763458281417,1.1138623979822204,-2.799964302593586,-0.30445802114822945,1.3071354231507137,-0.5717358227493337,1.7624731648696121,1.4838901537677616,-0.4691307161274624,-0.5031635190463567,-1.0136058423544687,-0.6295942318637977,-1.2325890641689152,0.4288111804330056,-1.4560464933464334,0.6037330161902218,0.6280786969002486,-1.6612044051839225,1.5498186063283395,0.5136092944152219,0.749698021444869,-0.7586652015427723,0.6223791184731187,1.1263934497220656,-0.09860839900467729,2.001922459248361,0.04406463491293769,1.1407858004524745,0.293008807258655,0.5855215328568677,-1.6713322676347722,0.37105373821536314,-0.734975101257266,-0.8463983057776877,1.7441031844659785,-0.2137702480623489,-1.0033018309754966,-0.3591316281088747,-1.3004502289219138,1.43388446819627,-0.695680744166515,0.5292999339436693,1.3561067142103251,-0.5001526812147293,0.532022432272786,-1.03008605490443,2.445769569113684,0.9363801346166222,-0.19260643876080602,-0.7728337308889638,-0.11399655283962636,-0.3399837223515192,1.9529445539995067,-1.2255347222149022,0.13480142329020342,-0.01833806663370996,-0.11741030034486948,-0.10861665493834241,-0.11607081012048345,0.8730660663320997,0.6089844464924351,0.4189116113727865,-3.033989362145269,0.2997948741631638,-1.6556393601700825,0.6463201631358254,1.4744973675705146,-0.9262391125885509,-0.2617807223427068,-0.599355705052997,1.2354317757568007,0.09502788527207305,1.7283293805663333,0.4137542029473876,0.24245018063581938,0.06820678260283634,0.8179920992573367,-1.7376861982453433,0.08534395552050993,-0.07004644372796484,0.7254188271577661,-0.18770160587403686,-1.03873443416267,0.007350674919699149,-1.0828405288683434,-1.9252622125874854,0.727122481485493,0.5790615726946706,0.4670909439935746,1.302928421945811,-0.6650318903039252,Cat
-1.431114142771255,-0.07002977680804456,-0.34750029970591045,-0.8422957167700686,-0.07984915348779596,-0.6116051462045847,-1.8360052833568312,-0.4411766907937603,-1.1363751667038573,0.2316480716109227,-0.6560347582406549,1.1116314741410516,1.6038660672678657,0.6793813730119062,-1.55102618198332,1.5051959988790395,1.575720450373765,0.018790511307940762,1.322926160335532,-0.5516751380466781,-1.8662459348495894,-0.7602844386215937,1.7293008660447564,-1.4910799236114736,-0.0004787180685054915,0.034143893340212214,-0.5129742439678118,-0.44352159983711503,0.07224913423620272,-0.5621623419347272,-1.422058497167931,0.215031942943456,1.0733665824449723,0.8695725186534211,-0.8097354673898115,-1.2512279153776757,-0.2841878821547786,1.567791509795664,0.6455980789595456,0.7039646767942336,0.8898569517854946,0.42076656251858635,0.12060854761357863,0.6623068966479679,-0.5461661042180197,-1.4144630113663208,0.7229969346243232,1.2377381057492252,-1.1182319393560314,0.8219214824159002,1.68076571338819,-0.0022462017571209794,-0.8180021847417462,0.12301867352675562,-0.5505339682007013,-0.6167301099564017,0.4331840672715426,-1.6037294750298954,-1.4439289224922272,0.019290880373942807,-0.02230853891243119,0.34355457703993575,1.8752253884833885,0.10451403607582113,0.5981721503347945,-0.975532935614632,0.7679376635165371,-0.5263908651106778,0.07142083258109318,-0.1088486250691617,1.032974234914031,-1.3099765543749995,-2.2832386346150395,-0.2134326970879245,0.4685312569051241,0.15226937580750002,1.2322042374139113,0.43737267417966835,-0.5638483318598599,-2.3254201541396804,-0.23731223419521827,1.027959002257798,-0.3920477826671146,0.028320263677764197,0.42136025430670854,-1.0152923742498159,0.6232358966388174,1.6371217900017057,-0.17281335189340633,-1.1290644218323018,-0.06660102702197371,-2.2243841086088687,0.336903263976616,0.4522743776485788,1.6756362938455622,-0.19399479256662508,0.40848533814647026,-0.8612881023859011,-0.3564271205250787,-1.525185436662198,-0.1947896212832356,-0.30530915351856486,0.29919976608889587,-0.6235968803326393,0.0833453509750919,-0.33338005560766565,-0.33149938829951425,0.08036232596303014,0.04052294231700992,0.7611740390516385,-0.12064303412983486,-0.3498853491230032,-0.18080744508722618,-0.7146641168409925,-0.35991109356667156,2.031158713073231,-0.9126787606958671,-0.2786563338793094,-0.3874886632696904,-0.24717161224439949,-0.33123930887839503,0.27924010122099974,-1.7101751013917943,1.0371714725320045,0.6325827996421973,-1.2428715860631347,-2.2690772729524014,-0.9770721461414011,Cat
-0.24266646142712253,2.580291898690775,0.5432569649742733,-1.8075896491814576,-0.689655504900944,-0.05321243627298323,0.2536835542980969,-1.314748860310423,-0.1349902279770614,-0.7176391376105407,-1.1037585626023165,0.2595956466989539,0.7738771734428223,0.8410412769616195,0.574386351133876,-0.49736953314026283,0.7145497614635058,0.3090544381042879,0.13394188295201317,-0.6116931217017983,-0.49687612734152825,0.07388693612455402,2.4398744669855015,0.30124248009139015,-0.611188502250286,-0.8323894449694428,-0.4917666126562028,2.1772934475490655,-0.39925664594596205,0.906870534610285,-0.3759282454713564,0.26118454127962865,0.7917452740087223,-0.571902849809924,-0.6411116541527696,1.6588696944553298,0.9845928948957969,0.7906723186907282,0.787276293122914,0.4595754883110654,2.017775813175065,0.043908301877156795,0.5772623672009194,-1.4509129285940126,-0.8249606865912409,-1.2008189998350405,1.2740635835161493,-2.55254015202075,-0.40231002275272265,-2.9937066026606227,-0.8312878954818901,-0.49094894973186637,1.384871093794044,0.39662793922145717,-0.8331415233289663,1.065963719731826,0.01783225452975753,0.03756685870725232,-1.202671507771992,-0.9900137139031393,-0.8250972999455244,0.046461273154189575,0.0778857269806748,1.544092663524045,0.38505516793783434,-2.707565693672108,0.26264198787169046,-1.4500163561675328,-0.9659709246115364,-0.8121694717263299,-0.6633383235123018,-1.375149392040303,0.20348200345228765,-1.4108022850909592,0.3566676072498469,2.2369710770616296,-1.3293590589340638,-0.28451030433922214,-2.52345736251247,-0.30093529297013316,0.6427171526314838,0.720639231357267,0.0773637302840967,0.8892634247589758,2.5460545359427917,1.7123046874375993,-0.5225209294096369,-1.4511039864667385,-0.40615141657380355,-0.9469827656173482,0.45134754786463266,-1.1811935394294981,-0.07282243259034207,0.8380140545363104,-0.10069587281717701,-0.9463138227477964,1.1748140575856918,-1.8789809447538273,-0.3277950558774631,-0.04166002338133474,0.01590865839963108,0.1804960560780812,0.6104398198094931,-0.03540743904535086,-0.3680582821436807,-0.4075893446596956,-0.6115158020383546,0.7875433243268652,-0.6465284794765146,0.8467711090082444,0.018999082259871004,-0.5212548068561296,0.6184072157441348,-0.7274539247231182,0.6381840407282129,0.21272612119178486,-0.5963246890919207,0.5286348153345591,0.5465897256886387,1.1575196058099577,0.9661470124092959,0.49127402072628285,-1.1275909512087632,2.448586988174057,-1.4036162110718102,0.949263174282309,0.43128381688629847,-1.1741423724811146,Cat
-0.12430093887849918,-0.07875288624464047,1.3055827158105235,-0.7133109002802115,-0.2619450064243539,-2.336069605021263,1.7347627931235772,-1.0704682430200712,0.3269108642391749,-0.10140782972186395,-0.09800096678333993,0.809861984870875,1.6712624603036346,0.25149366994199174,0.6550780176305259,0.32889153672704086,1.0175314239306263,-0.46291637948632713,1.075390554416414,1.110499865647384,1.0825370086829098,-0.660147867336476,-0.16833763423719086,0.23946698878043493,-1.3708420448290057,1.5949202080860148,-0.012276533502175885,0.2839278876047216,-0.577004439727203,-1.3268775593670228,-0.604029885474771,0.21920418763358843,0.6734288127536935,0.16179154060272016,0.3467240162419504,-0.33702637468137664,0.4962485662454281,1.482832866385907,0.7047894424389869,0.8095418882529403,0.29401639930663104,-1.5031550695996019,-1.0446665306312433,0.4548758006638433,-0.010939051960085844,0.439842886472828,1.6764234178440736,0.7260359992293337,1.2588862057428216,0.09468138947073004,-0.8072156774844398,-0.05786615921434102,-0.8047518137191378,1.558294956772448,0.7903910765354696,0.5205124966282796,1.2359432022281034,-2.0200564145232254,0.5881379513426596,-1.3106457843043726,-0.0072556984656611655,-0.31170759246721447,0.6617366120969479,0.22818728896095541,1.3451171736117884,-0.6018971609326136,0.7091143896332839,0.16222321689883193,-1.6352902700715526,-0.9186164585230326,-0.1498780335221683,1.1122924498917277,0.4637230575571145,-1.1675008238807143,-0.14031622804715976,2.01780644879303,0.11122333484085803,-0.32732557507239574,0.4917396407562205,0.76339307958197,-0.4561683474800591,0.502574774371437,-0.32888949667080924,0.7193276018294383,0.16969315797128373,0.4819678270528922,-0.7591835461675044,-0.8212863840728593,0.9454973046593947,-0.07939638138549375,0.2850347420993615,-0.30639542708651957,0.898726774013644,-0.6078099800296577,-0.13560123990088283,0.7859928127031317,1.172967699164266,-0.5237592910266834,1.959683981955883,0.3132416936936163,-1.0429282618087377,0.36905204858996804,-0.3829992144834577,0.4340684871831768,-0.04285624766033802,0.07427369019014479,-0.9115933765861459,0.99006123071636,-1.1561273671510321,-1.1087648954049951,0.36736034914748666,1.6028442471779696,-0.3525930970644072,0.7009723227039657,1.0733401768635453,0.8146844372940691,-0.31120828917368143,-1.0910467171940745,-2.207547565671355,-0.26284049946239324,1.1780873685621747,-1.124165984761934,0.7002098475187654,-0.9501525300518722,0.10607257638683824,0.7077916141550177,-0.6594954368384278,0.17048468069691408,Cat
-0.4150913367253287,0.7051486589381767,0.2353171684846372,0.05650767442926739,1.5583499601419777,0.6623061423683021,-0.6903518661262891,-0.08586390079776185,-0.07589878507966075,0.0803195726252119,2.524509276607495,0.37085189271099683,-2.035902570104776,-0.5427989717169651,-1.9323720874958086,-0.3297982570458398,-1.9873102297264285,-0.871590471068428,-1.5207215296341199,0.38416017796747753,0.0005393626288786419,0.3029623074987311,-0.1045513885685264,-1.3942977502044178,0.5135213692547353,1.9222245602694528,0.40921257860654675,-0.425924599317566,-1.428067176105445,-0.9080669707599653,0.45303965657205897,1.073118026799375,0.26086617472197593,0.7998872897059834,0.7076782440272429,0.5065343913859176,-0.6584735952612559,0.17392351197515246,-0.8483778038821382,0.01742895295810179,0.3308635310669119,1.6787838073868548,-1.3097319743676321,0.4815076309913054,1.4812365916235948,0.7588477658387964,0.8329454428250415,0.5876949018678121,1.2983344897754168,-1.087478168112368,-1.3859266659702465,-0.006334140465255962,-2.16116210357171,1.2306458041780113,1.2207151954954414,-0.4333505550845262,-0.37077059666050965,-0.07234747515067134,0.05202065043961975,0.1271739191942854,0.5582321068783032,-0.17262635300847812,0.943193303477794,0.4459477771253033,-0.6069634458726355,1.3351126678040974,-1.358256986122487,-0.09216581082147648,0.9669174010754679,-0.7230731049121446,0.30955564676715147,0.543339596999048,-0.860523867981239,-0.07247771959403507,-0.15650383020921016,-0.5517378518322928,2.3016748520507746,-0.7631063534454757,1.0049302940678833,-0.39280101688114194,-1.0866361888852818,0.1028142431550689,0.6490933843875007,0.9205095750656788,1.5622651106550693,2.9452462899351,0.25051420375559713,-0.6630921738253879,0.4528743267948912,-0.2662129504064916,0.9259661298522298,-1.2971642963657217,2.3683345424004374,0.8560480947755128,-1.6840040177961646,-0.7090289023149722,0.8160810441139388,1.1763440561714547,-1.2722376272319633,0.7130258504329489,-1.9473398726619233,-0.08933586547104598,1.1120468421032064,-0.5515157301029805,-1.5069222991380136,0.1462147963775593,-0.6047188666354781,0.6295583660658357,-0.8853264322180604,-0.7726368896531003,-2.0210023208762435,0.16994471105148284,-0.16090493827659874,-1.188384670740071,0.193798713767092,1.027070300644139,-0.21556794341894983,0.26816694982197375,0.2733112495851642,-1.2043298271789604,2.0565858207075958,-0.4708498301222839,0.6561162018602708,0.7692152772290496,-0.13959512711575175,0.6067950250596347,0.24581922181638913,-1.417639757227406,Cat
-0.33227270125008823,-0.6125509023540618,-0.4617450413461271,-1.3040031778366379,1.12643371674603,1.601992654613413,0.9780029759984087,1.2705292241471429,-0.34463483700815617,-0.6362568349860365,-0.7785870468117115,0.6440649229572226,0.22706305314414962,-0.07722171159842571,1.295148544195343,0.404941353815343,-0.8386576375205848,-0.6809088291356947,0.6819932992541455,1.041732852654597,0.5516802322559695,1.8968887478720813,1.635007165731419,0.44103583485076286,-0.8385806594815023,-1.3099875117317676,-0.38738174501471484,0.753213446416157,1.8266470793119378,0.41744703441079983,1.1687227942312366,-0.24530748618780235,0.6227691252275501,0.8233568294771726,-1.9795942758525282,-0.41343880237651026,0.9497003842778697,0.2744683356365649,-1.196515048150933,-2.4301223757273562,-0.3657807453020064,-0.07158569289387905,-0.8839229498283454,0.1430849370279944,0.5063867472328947,0.6706871707262329,-2.3559189249323222,-1.3142850978081202,-0.30462264835473557,0.5721731310374635,0.48923401355003554,0.4718699478766758,-0.3834179419689318,-0.32763343730996075,-0.7283292684217407,0.7681941281058479,-0.9204887877395782,0.8500363951895699,0.20785323813764608,-0.04504447845515359,-0.6567103997764666,-1.3555418611641263,-0.6476527563780456,-0.3300068686248863,-2.3690243115812515,-0.19735515533466427,0.9243573680260055,0.5672179054338725,-0.49620587574150743,0.04693629841522772,-0.5561645694219997,0.14876073333569612,1.5401078237440315,0.968498802624876,0.5207943056927528,-0.4928849123837183,0.7499383929448385,-1.686876951373053,-0.2523534819908905,0.5837114198239499,0.7404212140477514,0.669884490215741,0.2948306892096945,-0.19572497908388292,0.5379759698264889,-0.9528610405863005,-0.8446772632932499,0.06173467646029673,0.17319764270874738,-1.8256151785646464,0.45514638094951854,0.7727283779193933,-0.07728523746629531,2.3744662832839922,-0.6829351063151862,-0.3610871633868695,-0.39506690612720935,-0.07618761129101755,-0.3287248129662911,-1.4068105446048718,-0.5465482962364754,-0.09762069577407609,1.2285720820619974,2.2022432733729134,1.3354738978506546,-0.7753790296726064,-0.6958096106261655,-0.15932857750935098,1.7845588888535862,-0.1654240521818934,-1.3275074905374307,-0.5011771369530351,0.757056001819417,0.6899402768960868,-0.2002166664916561,0.6834146735600306,-2.273172202546832,0.10382923503269768,0.8606854213686301,-0.8328632751545352,-0.836338536496288,-1.8664481527634753,1.589895594810694,-0.7201539770215667,0.24104327786211174,0.6039170414833746,1.512067949141453,-0.15389777398563528,Cat
-0.5394297937784186,0.17306764857055348,1.284080276542287,-0.17017253140078376,-0.9548690815840764,-1.5407578083153624,-1.2212973846052253,0.8643914974066649,-0.3206244763068115,-0.6075209099207104,-0.7159672231839423,0.08504586020018182,-0.23945509376558377,-0.2731321437192525,1.3493239278107392,1.5380162818616334,-1.6100216729089964,0.3275927311429576,-0.7768620986213922,-0.24825111386109355,0.3092783851266944,-0.21271991693091935,0.23045988062763317,0.6729702060319175,0.29457680054031987,-0.6468363041676235,-0.6291996069703238,-1.4397052966180355,-0.8539202975207183,1.9620683618985282,-0.7920035740952445,-1.1933788124438198,0.31992786184477334,-0.11036475929185985,-0.19559323684922542,1.40904596641209,0.5491266755583651,-0.5299929317034754,-0.42447591759177994,-0.5025865139056851,0.8747396215802571,-0.30814762945313745,-1.7931535024541505,-0.04831967873434432,-1.537026001127929,2.184230601754902,-0.9656679138472309,-0.16186476535773067,0.2582027347011369,-0.28865816067923,-0.29003040146619263,0.4218272861608771,1.5262159587962787,0.7675090818172975,1.4785138785735428,-1.046619108093502,0.31736263325536135,0.15524605205827927,0.3510912916767348,1.3762319706355726,-0.22078914979205405,-0.4055033665540877,0.5339807974186639,-1.7782027275658474,-0.2368520491221783,-0.13419768928545298,-0.9203586163069253,1.0570590113565772,-1.0622403173432842,-0.1358730483637962,0.29315722532296834,1.3534515614761184,-0.010556434880853316,0.9361535941282105,0.7005953972771274,0.12345755616914253,-1.0895134082734554,-1.4345808609043489,0.10650540141918646,-0.5426968739026136,0.9192610916812918,0.7458565180985776,-0.1846109944370498,-1.1577129239412693,0.5107355496072734,-1.0179494461351504,-0.758463922930865,-0.9794157382151545,-0.13850102193995345,1.1701923340705616,-0.005040870223528701,-0.44321869242769574,-1.5256149300452442,0.5521245847298429,-0.7804046059286275,0.11751761915809661,-0.3542186159166406,0.8381772195994377,-0.15723639202855216,-0.05892635452305161,0.4857471474554596,2.1069401822631857,0.8884469303585544,-0.08860610634860941,0.003197990615288397,-0.5248594603244346,-0.9499957035196952,-0.552750787066322,-0.7721489637119425,0.6533683837958855,-1.071194857868986,1.3332105613800442,0.7520463836188297,0.02050172936766847,0.00031861146506831443,-0.5572813096145535,0.27008441134776406,1.088092463208589,-0.7031564622558137,-1.5333920889187305,0.7032182548567439,0.3243659742438005,-1.1201988014411794,-0.733391370914118,-0.8591042740501407,-0.7245322690342489,-0.32368275404118774,-0.2665473042807473,Cat
-0.6507936550684602,-0.7581638194999282,-0.22878434391938154,0.16769153485956126,-0.3162965363648446,1.1586670233413017,0.5080877144207865,-1.5908458568586958,0.5237277654138535,0.6055439825855826,-0.43473496812419127,-1.4951975873031556,0.00806675941113609,-0.007708651482244078,-1.1216462365331947,-1.4512192162599356,-0.08755354645343943,-0.23307719205082192,-0.4172653653223936,-0.08341073474656137,-1.1027763738203191,-0.4348206128661142,0.5333250306143476,-0.3499700803512888,-1.671972471792552,-0.47269227772357164,-1.0701584635068604,0.26713629646173076,0.3188374033804253,-1.658774625086031,0.759012970582189,-1.1121863012785584,1.5591822904823514,-0.04877626450061687,-1.2463934985391623,-1.1419860706926814,0.34809529178734483,-0.3912998898983776,-0.09665390961814083,1.6127802326970393,-0.6992440642290753,0.05996285769570662,1.4198444873730531,0.27051347546640014,-1.606602735358006,0.5053890117321368,-1.1630028577834441,1.406807528732965,-0.8228676049979778,2.9695095077456646,1.4673759883276782,-0.7966125696279787,0.020013805001610485,0.7536442816334635,0.7836604742267077,0.4423362599761972,1.25215903696611,-0.12296894663436952,-0.36671766857603316,-0.3468639879246106,0.8583732319721272,0.3651810403026461,0.2912836656902564,0.795234249257182,-2.051052407853855,0.3100688238751504,0.21856888887371573,1.6688080813007051,-1.528587982263667,1.557186632376758,0.07540912892466581,0.48898953066004497,1.6759187876093766,0.560761268005573,0.4003682894625609,0.2422911858023184,-0.4834781349943769,-0.028489124510392892,-0.7155127661227486,-0.044566899425482,-2.3359306970550966,0.42903956756754863,-0.12173725378362549,-0.3362037366667643,0.21975808394014318,-1.4335639229654407,1.9292699966212825,-0.10276746148759967,-0.14584443297218957,-0.9653962101329223,0.02394638244926125,1.3869598902732805,1.035916209432034,0.8544377511405561,0.5463989516672716,-0.35854252756260974,-1.450163167036702,-0.20103877186663505,-0.23587146453367722,1.048794439671241,0.3093904424598202,1.6123115279035483,1.1974885400381745,-0.4564956095040957,-1.7951291966198684,1.385575233941481,1.3593852232307442,-1.366211590902226,1.5092400198275007,0.3821171705925179,0.16068549812565303,1.6147832542473273,1.3446851732306149,0.6513309519952039,0.47321706581198303,0.6163942905303591,-0.4000574338825259,-0.05510144973232095,-0.9023171545945426,-0.3330397757389188,-0.36663387866893304,-0.6353053696216646,0.1367465026484631,-0.3239808507005772,0.5022347203519739,-1.6223206132937653,-0.11335479410729969,0.13155164017749568,Cat
-0.31062923983688057,-0.17239269980923128,-1.5852460107298574,0.35647710466949206,0.6476059825670705,0.49353729420376685,1.038727059442183,0.20152960578250198,0.47868118065093707,0.1560907384568524,0.6875507195924941,-1.577229636132122,-0.8935809679780109,1.586899657033091,-2.4604358220962053,-0.14017792982534394,1.1722749596080682,-0.09326066554176463,-0.4050110714506975,0.1294216768153004,-0.35312018000244655,0.03084949275693916,-0.6833810365201296,1.1086744199557241,1.423264921065661,-0.13339032211162255,-1.3864894206912433,-0.5238431703133952,-0.18398866010296422,0.5055388769032081,-1.008013223170678,-0.7691623186421507,0.5106761378588074,0.9389088320395578,-0.6215940451706842,-1.333217053950996,3.284118201287884,0.7833042370887136,-0.2670037617670316,0.8690312755308397,-0.1244566297144221,0.8671568891001863,0.15939319777622218,0.09127189816757326,-0.11358186823078863,-1.4473813334630898,1.9380948993931397,-0.9415339202677434,-1.3600235763105946,-0.2128598827563673,-0.9614718135105067,-0.05171279056027103,0.6877638485617686,0.995302900529223,0.8147307216216817,-0.3056320547856803,0.049591827661585874,0.40787905089749094,-1.7577874239420725,0.5705847001198596,-1.4572992875838315,2.0403465989064893,-0.40451508464169533,-0.18487517719459123,-0.7697070992378554,-0.6299700318556897,2.27409356914324,0.9403696886232976,-1.5492024451478383,1.5042129006852296,1.1932422751414316,-0.28121246228828845,0.3066969420298376,-0.014944079421074246,1.9725799044469323,-0.7962901889920904,0.14601060977572694,-0.4281453309928047,-1.4330404046178542,2.191638255054987,-1.1815665791024124,0.2201291874877759,-1.7407006063803354,-0.39907053924309327,0.4219688214334575,-0.8247339795023627,0.586801850735655,-0.26904109188808245,1.1600825123986132,1.3617609133402233,-0.5867447607300117,0.07673285939295683,0.1834542264722327,0.6193492954346985,0.014381996244265737,0.1902109593428422,-0.2434064747951195,0.11523986697201831,1.2979401935351325,0.6460832412118543,0.701255639443369,0.7230703241355783,-0.1538087778810355,0.3188270435795304,-1.0851736783357446,1.268807656316957,-2.7829604323432204,-0.08714839233542518,1.1408959771502742,-1.3638679336293416,0.3997799176168511,-0.6807664465790269,-0.3688032651888687,0.9459409606394378,0.1980569258851502,-2.0343558678843627,-0.9764255397315984,0.9753357348887596,0.4489427181929976,1.7481355725242844,1.6826475940132972,-0.3422451301467918,2.5032378050694883,0.02447966985191076,-0.9626685344090254,-0.6336398659105773,-2.256725105289419,1.607019008249281,Cat
6.594761989043864,3.984492561186679,4.772115711618094,5.095607544112577,4.039646947857886,3.2448979687288384,4.789642396223088,4.678920570540753,4.611588759011225,5.2227160626009645,6.429519658525992,4.696907280308274,5.170442998721363,5.726870523744936,5.554142926512749,4.385576475552158,5.096377123114036,5.547539820169053,3.871648662489222,6.263539010796508,6.431588905214111,4.277219744555506,5.193670018348168,5.642278256671032,4.454385843671247,5.481613845688094,5.163255626292165,3.5320818223611994,5.459161315978558,3.899857583728964,5.939202851662047,4.328788924866111,4.838714566338855,6.372278913446575,5.496381646528845,3.9205260804254545,3.985083429200916,4.400697211376275,5.394644083356666,5.358299814932768,4.156897695337131,3.832790514385641,5.281583405085835,4.818139934209838,7.157215887447737,5.036603656563079,6.814252827700274,3.82961640189566,3.4267870604382926,3.8799148674744655,6.189129781453467,6.756101589693534,4.217820546047366,4.5394339702404425,3.8310190897875005,3.1883601528816126,5.71841169777663,5.223020302962163,5.010487982673875,3.5999434628366203,6.639956681828661,4.496643261950527,5.533626424816476,3.5454385947552756,4.809474810379963,5.291374456238584,5.327075218053308,5.154648543236625,5.494522492048772,3.8694795439670386,5.19737260543966,5.113757683480277,5.231672684195061,5.072345217319182,3.7267872260866026,3.6822002478910263,2.7857318141154486,5.817534509845298,5.827657509735198,5.843550291222121,5.306789962461452,2.866880782281889,3.9732895082147337,5.170415417593112,5.1355180027917955,4.7772517868479785,5.368917202908246,5.011651707685245,5.120770465551361,4.360934667167983,5.98201098612159,4.569228391319616,3.669350916979374,4.229000987181271,4.651533808638019,5.994002788368847,4.957732001565207,4.813851781034351,3.7513365752373726,5.785482589829576,4.348047845976614,4.899972141058664,6.480183076881865,5.5087633310493045,3.371745952284826,3.230489763647528,4.935689549880754,3.787259385125195,5.648546747632998,5.042263064964979,5.165384769023863,4.293256818357647,6.741383655286706,7.84259372801046,4.7214152762432855,5.353039248415001,5.097417343064312,4.740313136558932,4.167929532267204,3.915032012519523,3.864402734474476,5.405240025549145,4.480325521796365,2.4217071498594698,5.444858220598323,4.9617387175358445,6.346673001401146,5.373122397091009,Dog
3.5213264036897027,2.770323359270019,4.280527615662063,4.374892579306348,5.943159201000166,4.9911290677104265,6.133688498098509,3.6751669442973656,5.965264384380448,5.72098915343092,2.9817658885688036,6.322617841260772,5.093458491766353,5.392044503868505,4.135103887571577,6.275247012921972,3.8141476707611304,5.832092018373946,5.8206074759086714,4.025832571827777,6.983373599422574,5.231528480217519,5.653892610271024,3.4728792046642445,7.117730003008565,3.7754430597749105,6.02488643276593,4.0052282820683045,4.381011197152318,5.788754043885447,6.027552713675157,3.7287157508858977,6.090472169056994,6.044980495133194,4.062046591155108,6.59864759359111,3.543142371751962,4.375227417222384,5.479002624091989,4.146433715297394,5.263819085679341,5.241076078803295,4.812925730077279,5.8324005385905595,4.771639207342361,5.231541068813805,6.146471877487903,5.79068621002584,5.7860172908142085,3.85082039778322,5.524792575501322,4.121501209030495,3.7185850202219735,4.9282936537150315,4.09570481334841,5.790617718839977,5.814535459695324,3.097373763568558,4.17169746042311,3.540213328082001,4.5373707234071095,5.455175669868824,4.757711901821612,4.410240759332865,6.300176526813139,2.6951428274037115,6.236871893518225,4.4557117068445145,4.921890989887211,4.472636662279891,6.542888105539118,3.7690215031947405,5.011736369721936,5.527438651859997,3.3889972321148325,4.080101829553846,4.851821466501771,4.113334965315625,4.18440822878085,4.650137336923563,5.649581331646173,4.657282223121856,6.0784261944729465,4.002242217340645,3.7480777395265474,6.926345405721134,4.342041872334489,3.68908799292784,3.2579460582281694,6.075103453808939,4.6586954853399405,4.746290264933601,4.84079828841336,6.012942884669782,4.820470166024079,7.344053778832626,5.13376057405423,6.061784766958321,5.805239857904406,4.963552679741962,4.4130290139795365,5.331963928566553,5.510098731207273,4.427413951873473,5.166338865950656,6.236204978259596,7.069947739069679,5.854369320349422,6.862759686380282,4.370625788793545,5.701882252059294,6.338519508581272,4.103666667028004,4.514409887954991,6.73790476183525,4.02490114421306,3.6588699673442893,6.5279815736395115,6.1967632249804385,5.4321202439837695,4.954289245354173,4.561475494395018,5.281948873809051,6.57980695740155,5.238566126142076,7.166959267246966,4.10205801435977,4.980319245671731,Dog
4.626941332336084,3.914858456837667,4.846916266990345,5.417329301660439,5.52423017995203,7.170452178944556,5.46446746972356,6.150136803679616,5.0660942462989755,6.678055600452595,7.39844928558807,5.53108513097595,4.007340984548419,4.451194977222832,5.281934303205162,5.456498035250646,5.698425134384372,5.460197681230041,5.006984916255939,4.363801558797872,5.401138261264229,6.854987357480656,6.019928605427754,5.534703949636198,6.029566923822751,4.628935971099147,4.49173485391668,4.252214895634018,4.874713377230562,4.57799410329092,6.208274740652139,4.524676582317811,4.197278283775083,6.942577178830632,4.548624768918656,5.153528457250351,5.451322824743412,3.863306881079185,6.23548376950307,5.6371190404112275,6.558384011880782,4.3207780627818995,5.09912579247616,5.039355754994196,5.263888494350022,3.545385251422839,5.110836378692222,3.5735360885762546,5.358334071196921,2.8713508754814803,3.1484131657094134,5.818548716439999,4.4531615448052175,4.012141926367759,6.270845621075548,5.327626217328415,5.872090195533784,4.833757927679169,7.679628693900003,4.395486139440205,6.744495549359888,4.938633959900087,3.345489605087254,5.482848745748108,5.314762561455163,3.9486781857607705,4.077780722865286,4.975302356915008,5.349747815247982,2.529336717120599,6.053121452523802,4.505502026185022,3.6682525156018237,5.9410665514519305,4.976382020581544,6.216165776782255,5.437952262979755,4.998485497051954,4.847270055019844,5.482712760556137,4.58646874119067,4.147427411253501,5.609909122654644,4.8555121585555705,5.033567648069006,6.089379836154608,4.886123392264259,5.015033925541791,4.400350488549068,5.430739933981851,5.349827912680088,5.900775131790558,4.420871162993124,4.542183030409815,5.792137399145469,5.252213003362863,4.0937818738073055,6.306554067734501,3.3015494315997493,5.784284753263751,3.7347879640018036,6.885788516485527,3.4554002730943765,6.152250651872748,4.918365639988756,4.633397430161256,5.185396656467761,5.631900339157813,4.095599497669131,4.184212274831427,5.649604865112886,3.2926570463504,4.415770906807914,8.04068695415944,4.031987035410719,6.147802791759752,4.414049231286188,5.509045144797144,5.654355690596217,6.128956735182948,4.799746173187224,6.988884638754853,4.410663435414819,5.23422041359956,5.245276932217608,3.8780318800505844,4.714127745020879,5.161513499238407,Dog
4.56787895687058,7.440923965456535,4.161376326400469,6.179424468140428,5.856459813148787,4.986137865495729,4.134790946147753,4.23174467960823,4.48203270078349,3.214258718053737,3.9965345742007097,3.5175234846363574,6.345875003177717,5.618462392388219,5.78597409886546,5.588831951541947,5.1669676233341635,6.460680332129137,4.389237344268262,5.106669655367045,5.747058827824123,3.678790768143871,8.09658889614255,5.028565762777586,5.1419894505755925,6.256878031674922,5.914955333010224,5.038078019396459,5.130129438098042,3.4958514690520213,4.443534222150024,5.5172102161589605,5.443892839042887,6.2211657500040864,4.879498941776675,3.6127134865691337,6.056730430775678,6.4360893461820154,5.898244572856229,4.836366329142509,6.044386051876579,8.428910478008213,5.115152314440476,3.6882633077548754,4.413714950447848,5.625476000304051,3.3951956891019375,5.169403074912069,5.380336650315883,6.535121739812652,6.3101948560543,5.864584791751771,2.8373209894854705,5.921053128047925,5.705513386060247,5.255944377078347,3.2697778738545145,4.22322609081294,3.8331772304659335,2.9849915604929094,4.997084848585206,4.202177878557221,7.625305580268911,4.831228060562091,6.293753155865961,3.430900975306775,4.46991041399513,5.096897876034315,4.09184605139233,4.577799315195255,4.782049093756461,4.766092014555106,6.855118573035346,5.37822628543151,5.479510562941304,5.53965477434507,5.612626377337112,4.917113016125135,4.6792536285211535,5.166816059518277,6.156803948913472,6.126238188436384,4.759601524311589,5.7678436946681115,4.8054153369603325,5.033870549435244,4.526476618445803,4.818354861093766,6.34133006954968,5.092421147339237,5.135282508552318,3.5527822207420416,4.690756092367271,4.758685096255271,4.170856514556595,5.021665411703563,4.570817709772346,5.079995855243582,5.121503009818935,4.044245642177356,4.601298217516811,5.077374282760833,6.184299431156726,5.256719172795741,4.338064820082573,5.399004759243852,6.70754888932176,5.916706472589018,5.54752653043562,5.7255901754823215,6.4399540414286305,6.07562679401766,5.566760381117658,6.068642219590085,3.9183489037359394,3.497734747659719,5.15709865064383,5.068680709650538,4.456089946486743,5.825852669827709,3.137136413548764,4.465227743942196,4.515044455122385,3.3636982149005403,6.494731007269304,3.6407987313366768,4.411659942692314,5.907979757805133,Dog
5.646045343428732,3.8918253035152537,5.682489209260637,5.2897844786582215,7.333035562111467,5.403940416068305,4.858758178931469,4.143498042880577,4.255756633044429,4.174230904531842,6.371098813911922,5.0179699150164705,5.56524712397473,6.514247599980887,2.641535857792535,6.278873764700375,5.055396911783334,5.435048371640445,4.1715967782517485,4.244875601551482,5.488845889812988,7.38459780033147,6.003313312814901,6.26552292141854,4.80799872973858,4.399795775414372,4.219195048421007,4.511726275303312,2.9472175668294747,4.275080657108398,4.439646843940157,4.824641825605159,5.1317501097472915,5.3624508686256105,4.98507462755704,4.418556913657243,3.0366413567344797,4.4246913915982065,4.027549362312995,5.466066748278604,5.909287396693694,5.938571067059939,5.75695273612782,4.866474264547512,4.4780444345241035,4.2528972463329335,3.4925010833982495,5.991853700507858,4.825288962070026,3.753659706379126,4.173508624289766,4.133026543567448,5.043024485015127,6.067467851070686,4.652010450404417,2.747466485216351,4.8108196648410795,4.843806099902804,4.775079769064479,4.372538833524298,5.217439080725843,5.0661411151490015,4.975169685873353,5.412641361442966,4.570167176852147,4.513414330299347,6.3801232895854,5.559355409715436,5.8269460609428,6.226104585334069,5.5259441806248,5.928388679136171,3.4206548379297397,5.204153871996027,4.817281538185672,6.67768409089981,5.9276455318033,4.36955480920682,5.372794158529206,5.16768133344924,5.454331433152229,3.981157530625348,5.360016465238226,4.771848650711766,5.282449764055601,4.27561483487783,4.4149368286034,6.173842020366703,3.948452441659839,4.0222455989579515,4.948418742784422,4.228109624814046,4.114971367737201,5.105075971208295,3.4949341430962955,3.992037765086362,7.054095582923644,5.459475058969009,4.253436647730089,5.418215078266197,5.56733047698663,5.994414420090238,4.872843970543269,5.976497702772889,2.961553475117827,3.9436918695242467,5.163871401736456,5.329633532807792,4.0882177123313586,5.259419991263159,4.3761597513127395,4.723040905772835,6.024773800665011,5.9089374968885995,4.002939672636738,3.9427485379798966,4.588826604446684,4.973253698827075,4.342101511425259,6.040642442799668,5.347389841708555,5.406085109874429,3.733461171055028,6.16729071738378,2.179831177759309,5.834055451849369,5.934311737670771,4.567598812722038,Dog
6.272910217247424,4.936902447045654,5.062431703327443,5.339528787404216,8.186574911811055,6.344433908083005,5.7011312007129185,4.087195513398805,5.143589825479492,4.186875906153613,5.822110847282813,5.1404669757348564,3.8754783203861045,5.081124583418503,4.150582530283694,5.151216221337547,4.140922683634743,5.0274876333608125,5.750469861935095,4.9469480080748935,4.609111732827611,5.203276221057463,5.697182620792853,3.8928167301182395,5.260656154705202,6.3175408190174,5.573656963276715,5.057754146667228,5.639737506698895,5.452496456102683,5.753601109159814,2.9760683890170556,3.446543866336735,6.004829149483237,3.494720823838559,5.401538635719205,4.647950343967708,4.003810754404003,5.349649757147474,5.2010335037165705,7.110342652096378,4.375188795464111,6.440110120069174,5.352422914384315,4.3389781184572875,5.7992464575172455,5.565738504453951,5.035843294858049,5.266295356440623,4.403012968954468,4.174212874745493,5.759442173822583,4.776060575686726,4.919917001750908,5.279821595944277,5.265288344783809,3.5706735290259353,6.286252086454859,5.121182151900678,4.79734673717785,5.430846005169746,5.236542193614863,5.767062689489702,5.537983672150941,5.717846228996267,6.350993905727516,5.883624548970972,4.839513779671437,3.877098843923167,6.667797933004515,4.762276626652888,4.526892586639478,3.2632731822355607,5.3384731053121115,5.14888660395377,3.4848850637505193,5.453274042133176,4.501808079298561,7.690315007288694,4.430638807909132,4.564806667802207,4.125223775745632,6.277876521041972,4.627224205535247,4.275085846234504,5.706955009920542,3.6196470645868146,5.625110546248948,6.781399716600857,5.566607832835089,5.637898316259925,5.870060216907484,6.709708028675519,6.209893960019104,5.439669722273024,5.9038914006360015,4.1140650745348895,5.776293590747322,3.994444028816252,4.632977581368373,1.9174378248567625,5.401429659367462,4.3561279888916475,6.111145215204463,5.390192610605403,6.124095894701625,3.9164034553274623,6.038386037159633,7.1058563443633265,5.7641582999318945,5.790349008692289,5.169597676394935,4.4753312194346355,5.761192372701508,3.4939170895979315,4.5822448750791835,3.228943197662818,4.296343622684917,5.642045091893561,5.505393376220463,5.050913695535472,5.17040099406201,3.1141353821357907,4.627437719429085,4.31864839356479,4.340940309485459,5.599578627813753,4.13949267349469,Dog
4.395319149872589,2.9129307542904836,4.70587681962383,3.9121624522863803,5.079202928689644,4.048891953257535,5.104542245549216,4.855314239257657,6.672041773042321,5.497217980453193,3.160362127437697,3.7351111558972914,5.0552080089923335,4.07015205160735,2.031631569764148,6.349546313833743,5.720224016905408,5.5209768734917715,4.392676954529085,5.42767677100993,4.295639675779118,5.204857300217691,4.079416774163523,6.516288450556014,3.4297633459181553,6.232283829510831,5.0389158280173305,4.51053300465801,5.1670029216957385,5.733348007178181,6.366746736694397,5.313143023133533,4.109303914737723,5.055630123765789,6.816793236662373,6.347678085512624,5.908763478124358,5.7956870201223865,5.6994500906065415,6.15875483450987,4.543371214278094,3.644913934224994,5.069003500737061,4.182418413222309,3.9449792446228154,4.279721423412068,7.485313924533687,5.136124634075844,5.361907836360988,3.777637192995746,3.1562470412073704,4.180947356881195,6.4381955852087485,5.334275466076521,5.598595091444392,5.738566039202062,4.408650620201723,6.387965583973368,4.367192400777817,6.406232359262553,5.442302156135341,3.210954845753678,4.251990513399465,3.2150614671278954,6.163282132794208,4.975264579197599,2.77165756005022,5.3757468817196585,4.46283573761168,3.5161941449666765,6.677965836968697,5.1072858660965785,4.706568597686688,4.600575219013983,3.486720530842228,3.6954511004158905,6.284916784875083,4.526117130214281,5.022067700936864,2.9556695237989254,3.6819079642044943,5.609812519874753,5.377711760113834,6.753375198724315,6.3429563316312265,4.7692890275151765,5.472953564713271,4.683396557096926,7.054809818638649,6.1490146960524,5.169685090857751,5.200394784876352,6.444850287259808,5.579577847113847,6.558628017070086,2.8063520737411265,5.461228261498798,4.484565135318615,6.756377987627992,6.546398687189829,5.032835809101306,6.535630978811032,6.783114519992506,5.074406671926147,7.471933772431857,4.9686588473302775,4.785479049664091,5.8658725885843435,4.646209268857686,5.0853397757948935,6.40943442405091,5.0192188522172705,3.3049822070246924,5.3673193878491965,4.303706420947606,5.865271157294546,5.696189715826246,6.471400348166522,5.907532300792697,6.090244283658064,4.330903239862287,5.803986495890502,6.96845128936029,4.3113500913632326,6.799738291727098,4.4506499087986695,4.148028754950026,5.296200443354838,Dog
5.71591041612881,5.911750123972265,4.038237579226799,5.43454009725429,4.314445428516494,3.511077743929423,4.071263684467215,4.249099634044182,5.521595160352507,6.152213663068668,3.526793370124733,5.351961074208056,3.8233018142290938,5.629085409014,4.377269418996252,3.948670981976721,5.799664515347574,4.4130773945549056,4.684036048647302,2.7800109124436236,5.946551361423474,5.820908521169107,5.005457844281314,3.472419058644241,6.209369178334763,4.333736613639209,4.546646549899412,7.312044056359531,4.29636355589077,5.7422099624265,5.562092262082618,5.390172192880085,5.282000542554511,5.3763885618892,5.27194059094054,4.948081641223939,6.511283124110742,3.6873394392007217,6.021458104015377,5.822342298687552,5.698399121329401,6.116979427640128,4.907400604731607,3.131025924173123,4.927707340285514,4.008805782375446,4.268140790141937,3.757580326167588,4.522655141556165,4.4033763060165505,2.6224301700728976,5.70022191128229,7.220321858004882,5.6062371934962885,4.797076043465772,4.945253604323784,4.579014131986824,5.090041583866959,4.962991905926766,4.158951569601705,6.682888388947831,3.512845764290229,5.718331543194246,4.898802372682468,6.900831815065745,5.3408645992482215,4.6400944628167515,4.752292801565503,5.039906694519761,3.8572093050035994,4.233130474882088,3.2150560308081424,4.077023101625906,5.09390648166045,5.300175049284521,3.0206703050035983,4.8627882969558,5.563409950822132,4.837087806623765,4.3662113542222,4.587838854951786,4.459236645022778,4.363269440891942,5.173823525244848,7.307688227735451,4.256300083094817,4.681857367338573,4.948302060624768,4.312645565641707,6.098235803523426,2.629114626693562,4.468940829621324,5.818313736319962,4.705905691611366,4.179161041149708,5.440756754438764,5.906343235397152,5.2106354452150585,4.198779640187117,5.456203319151744,4.59795069972521,5.745186881893828,6.483258884856591,2.3944232443114672,5.111067473195632,3.2642660630523728,7.441788585329771,4.531875466203809,5.746373241825372,4.964683140405104,4.19691541928094,4.077946952822574,6.585679173100759,5.955938060178311,6.943584087377563,5.055453335157699,5.287919621246,4.732808434344712,4.712917796884991,3.958113067522632,5.084010190924351,4.2107534051138025,5.4419089221642025,5.1700102189802095,5.287682043675722,6.675129939690226,4.962282050234409,5.756727002853428,Dog
7.051509464085582,6.306617069295047,6.153169698454844,4.6933117844795,5.229643055567797,3.6817237079700584,5.498914400964415,5.274460177613841,5.023385125156181,6.02719478824286,3.7922251775756033,6.634862851160348,5.901764687940284,4.929366020348026,4.851270412182607,5.480611215248595,6.520851232063779,5.101607718690011,5.144030901979226,5.018118477625872,6.782024112701473,4.631116897062976,4.970492401380929,6.463435654260994,5.147010833612864,6.1370588600455225,4.088719943097042,4.794707478371486,6.484434038440229,4.323660284236454,4.848700960230293,5.256685230891478,4.010845482007014,4.586189881378103,5.112636681825641,5.046681734161961,6.280352020837135,6.541457194832254,4.1439151279990885,5.111268519167489,5.674248308424765,6.516347465799197,5.718490297317129,5.290913401592332,5.666542531982631,5.67376883433626,4.072285707715632,5.192798792506268,6.459160994188691,4.792643231305996,5.129446642547444,4.757483550473978,2.686140504393125,5.020590177234679,5.301791930652873,4.487506609119098,3.845363051115272,4.119393540218351,5.7641876161355645,6.972524773046905,6.382433340905433,3.6556539951694482,5.854627310550703,4.33683762419071,4.417732937491223,4.538024402028716,5.706066949855431,5.9592533764490385,4.901968928720212,4.918929258991975,5.464263743235793,5.567994539524242,6.1762257067585296,3.715628024490801,5.02002733980403,3.9319756241088224,4.949057720936597,4.773824712319239,4.953250546097298,4.200257111889468,3.5127102067925713,2.905562473285097,4.8688198457351595,4.568998894167061,4.324062335196173,6.32254846283166,4.140561813204689,6.416834082138803,6.623843744269257,3.0490995332106188,5.09238145899897,4.600303509164009,2.0881960552827343,3.555358746931586,5.774936107108474,7.019199252711264,5.902678142699249,5.323632472512978,4.978667618368912,6.682662914648114,7.14823920195764,4.413157320475814,3.0000134396897087,2.9018125367287984,6.321880992159802,4.952941459225613,5.183241910458719,3.209349007043287,4.246811087211533,4.704519186099217,5.207838383364071,4.601407961086241,3.9626738016986573,4.215433007397477,6.208323285947233,5.2447846196035,5.612156806955552,4.10112618912267,2.0461765145993756,4.4768956931155035,4.133429445574503,5.349012268628079,8.285723713681842,5.695166017618256,7.735960159383488,5.568769695339449,4.370113762427285,5.347916078120884,Dog
6.780638599477708,6.829562596321239,4.424662631956921,5.253183695699299,3.570733120328855,5.82466862469143,6.553354699055895,5.039799454116016,4.332615945639872,5.360130951277562,5.417459031363166,5.08114383184962,5.178715124335953,4.826185149530629,5.995954928226406,5.736227445165127,4.016896852855851,3.9894093968414053,4.745625582973438,5.736837124105179,5.148057413890815,4.356849589877345,5.26151859672583,4.669189480477728,5.880486460224131,5.333058435067048,4.684721812547856,5.231518772046462,6.315048059524202,4.430369923453623,5.402656981647161,4.929539659534004,5.426983683862099,4.34543505840427,5.110335433159376,6.107823282416801,4.062993018753892,3.6705948966749182,3.7085444355130357,3.8293374697998113,5.595323287892664,3.5941403141345347,4.702104655256469,5.618289303310708,5.416659060548594,4.614441020037515,5.190923731755106,5.107145329737568,4.775759044451814,4.7891652813454195,7.235427434756961,5.8093109039313005,7.480650917512143,4.503036867079499,4.9150334031118526,3.6678742347233526,4.190433197910428,6.901913148662501,4.4779657101582435,6.919281300144459,3.7566377393201096,3.946530965926723,4.658768778976579,4.936250078320822,5.92308729245013,5.450770417186266,4.583684742655972,4.866684193481894,4.6809370802153,4.08534626467427,4.112037063398378,6.02788389143341,3.1718350720728603,6.617358697445055,4.657005774397768,4.22749139360784,5.739759290697269,6.485216584147118,6.117632441603957,5.501852049359891,6.086863489721836,3.283502422856134,4.478169458511852,4.088829939975155,6.224638731215175,4.616521981076113,5.845406556782056,5.535856942488638,4.137693063836319,4.4130417900237155,6.293817690814726,4.224517351315587,5.124867610195479,4.217458713673555,4.686047813084139,4.953838056030028,4.217133489702508,4.039553046016119,5.286273336777443,4.155262591208824,4.189342444301327,4.060946856298029,4.922091953668682,5.943701634399841,6.506528636312266,4.274081914006222,7.150310793331212,3.995295139293204,6.083548523327869,4.278303545984557,4.12907673012999,4.255243843215611,4.947552300350881,5.57997217103361,5.669868037904822,4.056014984652112,4.010340712488731,4.083361306636453,4.888645597614489,4.7898443958091255,4.049824537930205,5.269603694063244,7.262568808335319,4.4952845381648485,4.566488178796466,5.559661570324368,4.441183708263205,5.668964481718183,Dog
4.28145729322096,6.832119607577301,5.344774972592295,4.379977050923289,4.411308300530726,4.486200247291965,6.372749666248874,3.731248992398717,4.332058329540495,4.4383394430745735,4.984312033243062,4.728890307353206,3.5087721686095374,4.600177316404532,4.900449316815031,4.3719021649202165,5.6867754890476645,5.9194084287536475,4.921613300270607,5.2305415868507295,2.838944002650729,4.578897227838168,6.004821691757913,4.576563416820722,4.262738323608039,7.277688926030931,6.819077190195805,5.467574912482157,6.138910611480048,2.7740645820419223,4.2124485593712935,4.5300421268268485,4.764019901133054,4.5100559790260375,2.4499737084836535,5.38602461870856,5.543654128280607,6.601898791589981,4.211690735225036,4.129836842220098,2.320015514035531,4.706433163409113,5.901111781062172,4.388232137807281,7.143444818543648,4.743405164210476,5.146992284288555,3.6368969194184064,5.287220345175279,3.020680205147305,5.693697955013145,5.724428176235413,6.35929142433651,3.9800312812323115,5.1605621182974195,5.563816559386504,5.44228163833031,4.134700724865149,2.60801811044386,5.346960296884481,4.847500321690081,4.43332940703856,5.763945363715466,4.955080461845567,3.6808049472322004,3.068547710903778,3.8710367348668346,7.393012294766787,5.722776773932773,5.188612341975012,4.8183390728141955,4.752607060052564,6.167195983359095,4.509404258096568,5.576920410684293,4.651572049708406,6.9401566318350625,5.742288507578303,6.245556814683626,4.415590225311761,6.058136112567421,4.687422574605309,5.11003482393285,6.635047670619459,3.957224943243581,5.2032477313054,5.438005258518727,5.52000438080081,4.549215506906535,7.086264100808082,3.7050681146597397,6.458885388632469,6.215065605591638,6.900888789603685,3.4117729012921796,4.13116851211029,6.491943059161641,3.122960845369691,3.393541098959586,4.511692213288509,5.191993788622267,6.592225073648775,4.814734085069642,4.3917608519354605,5.311389937696427,5.469596483294401,5.441239822170271,4.822013792048655,3.0449138860818503,4.0823840108936675,6.420271085267462,5.1870689379765995,4.677477880892943,6.1181685483739745,3.8698833676310516,4.774651866286992,5.137758405174037,4.558622496705371,5.100762822901599,4.812306068578235,3.600656952214125,5.181477881879056,3.6716482084871327,5.165615125096722,6.374135824150109,4.718976802723946,3.8285168700290138,4.87301218679502,Dog
4.168028891921469,5.59450900263147,4.852011252477147,6.709763251664573,6.162989595677338,4.8469194955185975,5.715609067973091,4.606763590837154,5.033956885165169,4.638565803649688,5.766455959849709,6.432988276709578,5.798648207191143,5.921936601285356,5.92303343723573,5.55125592233471,3.860713840789732,6.7009715194165,6.804410826698425,4.766120396686632,4.629302084783818,5.612411652915375,5.550812835183505,4.798053931246981,3.749974344412396,5.305701190749777,5.551436538175546,5.725821148038797,5.349292772354207,4.728884851638091,5.994002039506278,5.065848497565918,4.535076985635279,4.819346617954279,3.254030967525018,4.817758175821461,5.688436519874669,5.33978302213923,6.520664172981186,4.737025085984296,5.487313163053316,5.792740176305772,7.3428570082874085,5.14476549111764,3.955812821135977,5.847928753355282,6.865727355968457,4.677451289773378,5.841081538606415,6.22872805522892,6.017065543970153,5.125558522473578,4.301526241786854,4.918720451986414,5.458600453877631,5.9082225240917285,5.333945047999039,4.620092033459423,5.555379656149769,5.86008506774282,5.379610056414481,4.163812885461675,4.81859396528281,5.947820776412467,3.6169821912555262,2.906821977608841,6.508082850144021,5.51141525502188,5.606730002520107,3.9231830263729437,5.737528063466538,5.275248687568364,3.415672422151603,6.424283414273857,5.158683323618729,4.603916033920731,4.622010254014782,2.9847780945676234,5.593336599631363,5.2618572072457255,4.805919867666905,6.278485207451672,3.616140981004154,4.403227523632385,4.149991745239614,4.721205020228447,5.067470025257223,5.430013523811355,4.653026546894883,4.122644264845106,6.686006949770444,7.411640191788569,5.143286671882025,4.243219632979133,6.475454131042294,3.553242893671535,4.665226675295172,4.3038829486536985,3.8404644495495113,4.71997576707823,4.135827920826035,5.012654464148654,5.027177167672464,4.37866827647802,4.62948664340613,4.769151032096289,5.809846061119427,4.851570598935814,5.8247017407860975,5.585812983554655,5.571530696900742,6.387845970345973,3.88060912025409,4.526816893692886,6.7632988002995695,4.742683499410733,2.1848763100941504,4.7970316568521145,5.134939530163249,2.382886882568789,6.333935639887948,4.286287536134398,5.3285631151875155,4.774018454655938,3.7116485807959583,3.92949186536458,4.064917163572453,6.085671909183638,Dog
4.852461811899849,4.478134483448254,4.065391087409768,6.196150221526127,6.464201272523587,6.184743898706681,5.492437339154167,5.289830041870712,3.7840621820240985,4.754180873288942,4.316139796653563,3.17448789101529,6.057043419165366,4.3041700536077245,6.195941907435307,5.881746400760012,5.5567179766334185,5.612884071763184,4.384686117926292,6.857850151290664,5.043125430953049,5.301931685118704,4.350923666433361,4.06883473922304,5.477296008809423,5.217513495938785,4.210647634097422,3.5615732812245957,3.7300769126724527,6.196133717091107,4.386746185349929,4.661091454324167,6.450340258759062,3.8778494385135853,4.273005174282943,4.231233171439307,6.6180684811660395,6.993383500582414,5.751563225402171,5.7833847241542395,4.419644997147269,6.947328486904283,5.267696254358662,5.8531102644497395,4.894475061229046,4.73196741267239,6.663042259596118,5.539723679738307,6.4513754610703815,5.255328171745044,4.15163346357691,4.416657067121512,5.10296524246461,4.373499783956674,3.8925385913723094,6.201417031787025,4.455129929176488,5.1381927477913205,5.296133589885605,4.411846874679432,6.450799466308739,3.882858238795387,5.261625263580771,5.246117706376584,4.945745397135852,3.7030873867280176,5.870817551863464,5.743510670334596,4.324431471408784,5.707487207205362,5.374907686300776,3.7193878546388914,4.146071085428643,6.1382814448895795,5.309416185142051,4.435697054189374,4.141524108827358,4.48460620188458,4.555520470122295,4.1540369673707485,3.2582358876166975,6.1400132864007855,5.970633672611443,3.7267445481931407,5.136311295563668,4.097761797285234,4.738432776773465,4.6552334201263434,4.572165784282127,7.002947084076286,4.55967431532381,4.191736174933075,4.237418570502952,6.043776956401755,3.3478976683070654,4.23737708356448,6.446822840111534,5.243986187997646,5.191922005036114,7.1321464601437015,5.246347952948499,4.291813838640418,4.717922943123652,3.864567690969431,6.255937040015697,5.5745617175367155,6.124414149970889,6.21298392854937,4.585789219072467,4.0552471479911105,4.948286888691954,4.127238929211462,5.1649568754090245,6.132096880834689,4.831860353950833,5.149995089907739,4.9061543837766335,5.802727572437698,4.33221760571171,2.803553738356901,5.470868859375381,5.987834421307993,5.446374244758536,4.359769504531986,3.8649879018139313,5.494497531780321,5.141478952934674,4.874207372341671,Dog
6.822463342993791,4.053199905818668,6.775037021127465,5.03178390487064,3.164429523129125,4.820797345680859,5.959496076599441,4.634944967195029,3.525221458761605,4.83548546820383,4.142827626108295,5.491814401087963,5.773399816067611,3.943729592251894,4.2941959448843505,5.756642465106937,4.141155721701041,3.917841864172005,3.8213088682037455,5.35203861295812,5.309157719517464,4.315953969620958,5.005085396128234,6.527132384155131,4.025939843081778,3.0482573909895505,5.455075575720371,4.889598836098411,4.289974913184898,5.652080237354908,5.83922514466879,2.7917219801199074,4.347402090668512,7.317516231196855,5.583404915798191,5.67610363829715,6.172894278631478,5.017068825199726,5.79668416009162,5.718062043837202,5.539041496752759,4.677988029382595,5.172058922366259,4.411638435693222,5.012814304566495,3.8315091079007333,4.209376008727047,4.717687958075071,4.056294568569924,4.494982729254824,4.836074023244484,5.402262344664377,5.949257301852909,4.536215628621892,6.335104617268624,5.9386110786254935,5.504093831943942,5.153649129296619,5.319120841868541,6.187051150666382,6.223579659759274,6.334946728383644,5.0413268318770035,5.554967164998613,6.343546506622051,4.376283965083608,4.681583146281696,5.0160366630134785,5.899598737979407,5.915172150718623,4.769135888802064,3.4913905456202903,5.246183944295967,4.081683862671599,3.5100637953597777,3.7361284392662837,5.32638100784556,6.361037360932807,5.038894516236244,5.211380654645965,6.182894938877926,3.455545090916446,5.520176421600271,4.988410215681179,5.566057458832067,4.516516091596184,4.1820627095735174,5.140508904285605,6.6491913233344615,5.860910104541463,4.492307229819908,3.65902796401872,3.3179327163022148,6.316099451850482,4.044917711864173,4.674486587005063,6.321211126077577,3.3860985445210083,6.492264509475059,4.746359546107498,3.8514166847612614,4.752649072851087,4.277403218598522,5.440819798905716,4.351867566112222,3.0883577890809573,4.779437465591011,3.643454947713461,5.20431988398832,3.812869667716676,4.511987196827914,5.182587804214336,4.78754127496573,5.2504302830010445,5.680287165717757,3.842066300268694,4.935602459375292,1.6704962024918708,5.247333301682524,4.699185869625158,4.016550236522029,5.3157194222965245,6.172697577185067,4.523982252401057,4.05518550975828,5.165025262438712,3.6643933333536394,4.339618629464461,Dog
6.2224021616505025,5.062179229812288,3.1205330360538337,3.203008352720599,5.162085692646776,5.862390575917687,3.38237854137385,5.449712607496508,6.330343507489719,6.887858987958639,5.331222759859877,5.506802594552474,2.866815572371856,7.099752547995989,4.4245097869038785,4.066528841574959,4.744793865560375,6.511673414185431,7.208046047543548,5.125408679475845,5.998084172603655,5.043204048685504,3.9622045269818162,6.476743670788291,4.377872519643611,6.535530773371883,6.298541329769083,5.614036263957209,6.828974756254353,7.232346033185738,4.824756637035689,4.191205881583569,3.1357301627435277,7.244682255430256,4.560317991081551,6.135036857101739,4.258744632490517,6.538265640912035,4.299882408184587,3.808280866382657,4.791493569046249,4.468224299038363,5.596299785461213,4.948605072807476,5.627702394551921,4.708978526914706,4.334892628981195,4.416439452103926,7.044938798031026,5.225170932226936,3.0162377905469553,4.479790986545919,5.096866032475876,6.845399681250379,6.0286987158899,4.078282163518085,7.418355753572451,4.968839635198522,6.246329811074944,3.8449915026000974,2.6018369047491023,3.591568509631639,1.749666523804294,7.112089327252908,5.214532918886416,4.075355981551969,5.452624029980121,5.189334036180166,5.620933395613991,6.209531401136268,4.710078846974985,4.120160693899013,5.8277752143719175,5.802332777884466,5.100735808121345,7.177554188680773,4.562177877138348,4.100142028364732,5.418091427506601,4.325062143086502,5.495516524144896,4.16699174416056,4.5997577170681145,6.890840420039165,4.594412643252321,4.201148455982704,6.1706787887065,3.9489580497133066,4.307056769852932,5.576561120508995,5.9384114238732915,6.220476391081075,4.252778167779515,5.59600867298612,4.53389180045582,4.394344366489368,6.203212782292285,4.4504456041404135,5.27820459602098,5.155579469230639,3.9292456236614974,5.966092855356321,5.560280893678954,3.013709388129579,5.277421111237343,4.227026565833379,6.097075306412628,3.554600163219242,4.643523031370456,5.362024550988465,5.054340294141875,5.762958256713971,3.4815780139907107,6.651914336867378,5.525144658788271,6.359718213000896,5.874240169233242,4.988389885544956,3.7158017890888395,4.436446818751299,6.589563332862578,6.385437781656382,4.38040001989631,2.1816957137978212,4.787310265694881,4.712297111870884,4.750227387959617,5.528539201831402,Dog
5.876212579321663,5.990299547099524,5.445709140135367,3.199229298077364,4.658800267306704,7.304089783549189,5.374216734802478,5.367819568443865,5.359485939773858,5.41537962250599,2.6168878189140767,4.760475683088932,4.962107168205311,6.281495399253412,5.047672894622296,3.353488613398059,5.430089156171753,4.196175351757255,3.783214358918582,4.1658409532834195,5.542504229664516,6.2587612397600685,5.482929945177586,5.632023223617021,5.473045272838001,5.101327176860468,5.696930634962758,2.5812245329305794,5.111088351304833,3.955074965377748,6.162902572544139,4.85284469478314,5.03094808826783,3.4949281257461964,6.0168308890128515,5.627328120273809,5.556947882340503,4.186977147831177,4.22636015506187,5.223599454445905,4.305501589751949,5.434892962677338,2.839087397233278,4.5124554435934074,6.796753465426491,5.439485827995765,5.166793664530993,6.985226535671357,2.664046381198564,4.184688885211893,4.598826828252611,5.85835123300539,5.875656363228236,4.133993291017374,5.99795432214255,4.5966852326782925,6.211639625649167,3.967357301877942,4.87668840093384,4.50983268462344,6.056030371565714,4.477218783433829,4.957551470988244,5.506811397663049,5.545258483026119,5.886952607473171,5.211124776844667,4.581751084720169,4.650301254641249,5.025672315207612,5.249592476074383,4.852828352151564,5.019203420965547,3.4827461394278947,5.667355284454678,5.18111228888943,6.001870413541088,5.0001605074070845,3.261602421478214,4.641553810693325,4.800070076881584,5.7429033054335985,2.929726455486605,5.041179516948935,5.513675215793306,4.338512114718481,5.0746280098168475,4.372963490850156,4.270427066779609,4.591580149868683,4.2893080075329895,5.683618311936333,4.265048123164622,4.097089992952073,6.767928666839533,5.9607400118240355,3.1384866393407997,4.235231710147467,5.242462971722711,5.3237550672314935,3.5095071342631066,6.158565492822322,5.825224419181626,5.481901632040339,6.356728490712121,5.452289992570918,5.448580879251847,6.557679271822242,6.101219580727709,4.158492541088469,5.633195178671915,4.335732135041418,5.504154550950278,5.476613507019814,3.616532687544014,4.878154388688965,5.265257023580403,4.563709809005843,5.31470994239076,5.805897777001069,4.9694069357692445,5.224599476708259,6.383424078555975,5.473196583225226,5.200824289674474,4.041920620358639,5.671026011388848,5.330149949391939,Dog
6.283739433701408,5.046878543303311,3.1837334998660043,3.299879131171738,5.735680763759733,4.429806402301847,5.436767751110497,5.114232644502356,4.833160332306079,4.903638714411777,4.1346104949547735,4.984222311100329,4.415506567205601,4.627743479874296,4.676350955290839,4.773306730101281,5.922173456507086,4.870209170795307,6.023702336590098,6.537854951326482,5.854944651056149,5.534468535068511,5.32683220948352,5.86535870905007,5.089360738596239,5.984569845957198,5.614105805289684,4.640159539219612,5.895850880102806,5.0914800059775684,4.893867992387684,4.523800839601013,5.1660188478745726,5.996462615412984,5.888940005593037,5.353393797458957,5.599643640725035,6.271696791522558,4.850033708829139,3.884579996469794,6.301129852178573,4.470221747969282,4.3096618766560955,3.2038022446654484,5.571283053164296,3.378547375447779,4.249741192308263,5.588236794515058,5.721921252408372,4.348295851781766,4.865846673007595,4.127405473593847,4.451603212188817,5.266215260152907,4.498353321203543,4.7557849598243305,3.535293318382433,6.132956164806138,5.510066593171066,5.792905371837202,6.290425324616862,4.174787124454284,4.6416055169719765,3.1051656324177888,8.140422910102238,4.850414684682624,6.038727899914912,3.761838855664541,5.996388425643009,6.857590876649666,4.9397192509720185,3.9891185034103986,4.861203599054464,2.7732384750427737,4.962113298978158,5.820967139312996,4.964242355626486,4.715860445311033,5.527568116112033,5.604024846949553,3.3400944374948174,5.088822962278789,7.435985124229243,3.664983754351976,4.914581167166934,6.941746122051702,6.1041751565436755,4.4866033192239385,5.206135379622604,4.997888320015177,4.251928195678333,4.925747892506918,4.720033867193471,5.1127489380767495,4.251616819308967,3.723381799755339,4.958719226607629,6.71511821817878,5.082202926262797,4.668406221068454,5.754085805038498,4.8416803874046215,6.86803292495911,4.996087490704921,5.7004970631581635,4.245395617606727,5.503089253336663,5.275093476943754,4.943493875340792,4.498242238830279,4.361969834347626,5.282352663979653,5.628939109696473,4.872837203705869,5.287267929120793,4.962085321867231,5.098526024905388,4.799555017322775,5.017972579368308,7.698040456817426,5.311634298807425,5.645296958431043,5.438023605328097,4.73718317670294,6.293989213291668,4.7088362295736585,6.055054548942551,4.665793001933551,Dog
4.040027480855959,5.365396208236193,3.8953316438978933,5.535640225016609,3.8058413439086833,4.680991969527147,3.5682703034752583,7.824167009402729,3.3460404403836854,5.009813740396404,6.1433042743300135,6.036385908587025,5.851342122173137,4.6827716117785245,6.351088946337002,5.9133910908021825,5.212299617660476,5.240580757726592,4.696077352384627,4.090347974166962,6.237150975478716,6.312207993601532,4.1158908589700784,4.846214834853808,4.856576783541071,4.96734409625969,5.064294878587582,5.94686146164618,4.252782691513256,4.15365300848734,6.236619742142976,4.537355258118701,3.736964646422934,4.51487005790013,4.669947264755999,6.554962727725765,5.924826212376737,6.147520616632242,5.8199736423467865,5.946243671615314,4.311917873419682,4.801397844646516,4.010084686976451,4.789511969462967,5.684104990934741,5.134583284812247,6.311480818960295,3.8585842077727808,5.50023835069824,3.7516971981306817,5.094176469173642,5.740333422556478,4.785497433175781,5.551126604086956,4.040267665167066,3.336310021803617,5.5570296224878035,6.744010234075732,4.003955059830108,6.222194180106795,5.043423408816411,3.664308478306924,3.8684946986478375,5.01578477336065,4.595537712075896,3.687087023241761,3.305960718774595,4.153280672073494,5.193809008331118,4.993599247396862,4.498762042499922,5.201887194291483,6.040026719862688,5.394126510434148,4.87869132861042,5.928072006660689,4.040149697783705,4.775080460444649,4.798912064399632,3.7630467415571545,4.580125837715642,2.925040319104697,6.9121780476629535,4.062586211563687,6.586114131421311,5.0380845057194925,5.564864132155959,4.511200201649069,5.207929691961675,5.650489639988436,5.6645524143941826,5.774773390074357,4.6316672899608236,4.519640327508645,3.4058236747323964,5.523219011176937,6.082378711323443,6.61598167991793,5.305172634580508,4.2335202270914305,3.302903856710545,6.041666733083351,3.2037234332224642,4.659395922256233,4.7756931720563545,4.930544862148981,5.03580260003584,5.138147556367575,2.5846367379214703,5.014655909870127,2.7704244258881228,5.732218073090995,4.444874844196388,2.8429632747766496,4.1857953226146245,4.429924660815346,6.190699617555005,5.196637741750245,5.34444494435058,6.181221634220601,4.903855712075511,5.754187961032403,5.683861113931992,3.7135305064305877,6.4729835776298295,3.5796982199293055,5.917366649477848,3.4829269630943673,Dog
5.601236788151673,6.861914878150173,4.787021343449789,4.743644357146854,5.610439999316849,4.670603544037457,6.818278703742822,5.192192249458696,4.679830491779274,4.4597144721043165,4.06705152982698,4.372245013242511,4.649326606341403,4.51236092650142,4.341824725862896,7.0988412303524395,3.9699049235105104,5.146632587646175,5.592521009760872,5.6301079955837325,4.941392924217528,4.75929742815269,5.4515474912395065,5.266521649978201,4.741041165232486,3.4381214282755694,4.532076277666753,3.8534498362925422,4.3328404499336735,5.0332232385169595,5.358736143996616,6.780452751292406,4.462593621096186,5.77462563527515,5.305960024437836,6.29599767063979,5.576228719595626,3.9915185727136837,3.2769539707087687,5.311261699667504,4.471549002099609,4.019686254049403,3.7324222954669226,5.160975497587155,6.5077076993133645,4.591327654293958,5.590270311075322,4.897733649782407,3.710617910896607,5.734811343510417,3.9053079559726287,5.021626630593564,4.658479584994695,5.893077434565692,3.9418490075293136,5.39086990780196,4.160202592651299,4.488894787671215,1.364799772459898,7.092098571617909,5.550556932826232,4.232652514061836,3.875344311667006,4.50435124712066,5.716879534819451,3.1079150744150743,4.858415580705662,6.770641872462673,3.866053664032196,5.080385038763655,7.203309815257757,5.632151629690773,5.125923820485455,5.506636454909003,4.599134664990298,6.29963128530344,4.600669977099788,3.0408183912640228,4.6086968960595405,4.033265470123297,4.718805987802571,4.740915940919369,6.197423199804907,5.695292726664386,5.263265487575397,4.997054588667405,3.941141991142006,2.8188247623343226,5.113160011392783,5.794641203573659,4.8916661167554105,4.465145677213299,5.4645021652142125,4.916667799375653,6.685744191973962,6.232728342068285,5.95950805702333,5.757734114209904,3.709832585548543,5.662993702052599,5.376325957646575,5.606424728391163,5.492609486813053,5.452762587848065,7.700866469549595,4.923814330048081,5.936337380829331,4.529010189735997,5.7906415838876715,5.939319890232455,5.364426077135348,6.6692469423765,4.115723963639582,4.512779058331778,5.212380086023489,5.880806853484222,5.179429521294933,6.285759036510566,4.3383101290336805,3.8594215105114458,5.308128336536504,4.922819723886303,5.54286372035822,4.972597709133496,4.659980209376543,4.925062428276276,5.028848894793185,4.695018700151669,Dog
4.796867953676572,4.59640666301309,5.856665119869406,5.1940210045057995,7.256752472168767,5.160704551278462,4.449142529671338,7.670675374863064,5.413626377714335,5.9901247868928165,5.5921029832024916,5.623011029297748,5.535654051352474,3.8979154352239345,5.367529047561412,3.675138696149761,4.825637163587466,4.274382543436713,5.357470185848724,5.334126247338235,5.481145890765187,5.287296572749087,4.393174658213601,4.73899651064832,5.920396161254485,6.0678566772944,3.8532169013734507,3.4690723674873536,4.273110616795288,6.04520758203225,6.214884030183034,4.075288119598828,5.307309353736338,6.834431333140087,5.4153114772403335,6.4215032852330935,5.9987265700830985,4.089801293772089,4.810018576502922,5.034754478291848,5.10413338802134,5.916328953438571,5.408684762275408,2.063799056221885,3.6871597269072742,2.812619085023957,5.175365240655334,5.240487649467761,5.2832249586107185,4.041071732285384,5.674144005119989,5.716262496468529,3.7448509327948423,3.533961798551128,4.999868313773062,6.791782273613359,6.699742742198643,5.563404360448052,4.270003328419923,5.886842659488585,4.547575735190959,4.232492963326189,2.856033168378006,5.1023821983476525,4.370132650862625,5.096430379528504,2.7006423037629386,5.169826672583687,2.568878836028372,6.0879402532685525,5.521891234135085,4.721335228575413,5.562719860082079,4.021925737336447,5.072375515614892,5.794774038460336,1.9057107509086104,4.552775640322476,4.977355869863626,4.803706382254234,6.457101826227405,3.8760988750771155,4.378840756554771,3.0841309736915514,6.510286651273145,4.7537098573912,4.561591111963293,4.947517317689286,5.6362358284303244,5.347363403516125,7.647884213557088,5.453935888403775,4.534754570830919,4.438643262476053,4.607241047583191,3.498163075370162,5.039864207491586,5.783468106208917,4.386636399376764,4.192619943715888,6.515945146294234,3.573516843378835,2.9321816235226987,3.8470980563526176,3.4595672828757036,5.386226064104582,4.6392954995504265,4.78031295497616,6.152934176974773,4.308665138837224,5.775089411745641,6.511322799203203,4.544337501986339,5.737022855556313,4.75818208747102,5.9240981288407895,3.4285108124237267,3.3544877548746537,4.60873228509246,4.111075190940229,4.483290890570115,4.7804734175528605,5.720013531836251,4.592339421434065,4.176138689376914,4.6484866232411015,4.230854720193382,4.065994497937286,Dog
3.3869831864230306,5.069478116221078,4.431294293402947,5.966278739234672,3.5526039079410596,4.457916444952121,6.812907220658749,4.06039048290215,4.763466747903876,3.784156017174632,3.6515724872190187,6.547310983087678,5.1710394926371475,5.133678838237623,3.303683764883778,5.358741388108303,6.157421945993826,6.14947706082853,5.66833322960616,3.8705144224045958,5.313123417192991,5.667584960476607,3.205556414911099,3.878720408518215,5.888157321743441,5.876045776671928,3.4514169663786074,5.795021459269172,5.095303399153618,5.7810089546071515,4.365478676566059,5.645183496480902,5.843828774485624,4.648665064544288,5.017752546173286,4.351478370495347,6.651638948685879,4.879728060674234,4.077975674822818,4.28417408612525,5.1267706011421135,5.753331171778211,3.664173154849478,6.847660002942449,5.308675294055616,5.466455972969412,4.902810456176564,5.019258967351125,4.851716862072597,6.01779596903596,4.99207141254663,5.7670502184927095,4.566152476647428,5.195640528312316,4.196079655760579,6.216528232549537,4.1662527592808845,4.675020555738674,4.685039587545255,4.646048612326232,5.722495769442937,4.683342235263356,6.393924530541073,4.181524913869832,5.169377469942707,4.2242140106874,5.420972782531467,4.98405027302323,4.844937955301521,6.188474966503524,4.345658128944897,5.586515157618,4.231040087325208,5.1126852001603735,3.8044246717765544,4.33748285369326,4.917856954427135,6.814649167323077,5.1008038704597745,6.654668315866706,5.220323291690918,4.612915755525061,6.539356522600693,5.4370176220734185,4.3572784061172865,5.470571459400297,4.70740525009239,3.010965803828704,5.935973159265617,6.094934055641929,6.837942029992275,5.422143692195263,4.751276575917467,5.834989427378586,5.849820365318906,6.638281183136422,4.955372376933558,4.8344210274324055,4.284455580241472,5.537462086725202,3.451738331769165,5.776087372862564,5.58783512186579,5.585070202458372,5.138225236501841,6.5329782475310845,5.871993465426863,4.3929228086243,4.410820950302353,4.1203261865853635,5.551283332775587,3.999861078760043,6.083392143583352,6.322973308345543,4.120983731049549,4.814451465407147,5.016620981362414,5.8839831604696675,6.6093433756098765,3.3145076071314223,4.681819282473317,4.733983304439653,3.599330145113452,4.514889980695939,5.427768944350611,4.721321097160443,3.4553788313925864,7.8740826980099135,Dog
5.26617786520418,5.111694130106675,3.9020736369329536,5.260706161971275,4.835786215958506,3.111476587284594,3.9297445599855836,5.794926017673945,6.944017650000442,5.367165405043044,6.103083278293367,4.84424469141679,4.913453839319397,6.090979027619465,6.662777289179469,6.301096693465622,3.9336369246151808,4.933041109684754,5.277524684476295,4.740322036492471,5.3878575434155955,5.820576811668947,6.002809751955141,6.685870152221523,4.670558895275166,3.635966835160686,5.358234594014453,6.883811031184802,4.5230241400459406,5.68684697706372,5.695745792472643,5.191442047344609,5.006924721043714,4.076570794278608,2.7183379275794226,3.888149293335971,4.609695850888301,6.097422687422707,4.8968719376486245,4.480974281081852,4.109014558046569,5.65680582850948,6.358357166430605,6.063435721867459,5.606149699758469,3.5243872536170597,4.648325757156228,6.947304228889675,6.121950491915225,3.462496781765275,4.944409476800729,5.3630984326610385,4.2378415369737805,2.6907959785911513,5.098824045016432,4.212241742379561,4.216158260915316,4.645319640069242,4.866324085345188,4.990917205904314,4.116010101077999,4.779790470365922,3.242576629597245,5.311039065368078,2.1437245866588426,4.71050991956638,5.919186153676954,3.9406593127251734,5.7164302036574,6.1557327121208925,1.6921000475026116,4.848637096424258,2.124226572371725,4.8817915544290535,4.992828789018673,2.5174560140891615,6.924838362079866,5.286015807634625,4.150976567917965,6.465379427498519,3.2043867793576832,3.770828966481683,2.7005444763301014,6.801045196539334,5.332346371472004,5.659401789848495,5.301001233918476,5.573767761144585,5.07807771389599,5.2709213427074415,5.10760343622295,4.3914081944307215,4.953375234785331,5.273594573261677,5.110549119552131,3.5222278922466828,3.655013331391591,6.082841433916391,4.6930059541165985,5.58472534703594,3.9078800902776036,3.52685412335347,4.156403387468287,4.777434929228587,4.334859700715588,6.293933523105714,5.179523301537461,6.848938618561858,5.404408154071417,2.587449182080189,6.056041606458555,3.490448377530045,5.230533667211339,4.225315942336155,7.142711034464186,6.439597927430135,4.258179358298242,4.872642331878888,5.244598069649218,5.8634140715616105,5.029151912325013,3.975105100619133,4.282441360799947,4.995518203623209,6.234456978764691,5.427837860536044,4.226585073384984,5.64837277770979,Dog
4.61301516112184,5.890408005186841,7.527010418328605,4.641173629056451,5.801605159726371,4.25460666796227,4.887736232808702,5.0295622868721015,4.806316339955619,7.463013688775024,4.693406925321618,5.586851538784868,3.069913130676568,5.43199656336961,6.142054592352247,4.4724026574209494,2.489777858959587,4.961348231172675,5.017183850385528,5.724075050744304,7.010903035413434,4.619946349399693,4.14371187633972,3.833082198628557,5.1980786170316,5.479354258818502,4.454344605637416,5.778682745725789,5.465384076819175,5.04323168964489,4.097585279255875,4.518135684515277,2.570244702317455,5.235787064198034,5.026341288747435,5.188478991089487,5.50431901556456,5.385821486432223,4.889616819353964,5.048668043162753,3.5956835833038303,4.416279354310574,5.050471053683461,4.26414642408764,5.8601507958725465,4.34136791904497,5.2163054112483165,5.116565656815336,5.74627759361041,5.900791174028302,5.694032610967939,2.8939937986168665,6.194148148013126,6.527308224194598,4.517875715678531,5.23664691267285,4.109168319869218,3.0516214932678487,4.261284734457614,4.45986096053639,4.645149268648185,4.041085909994012,4.266574833182761,4.9889936783715925,4.229773016889858,5.543524332550028,5.68166065139744,7.380387746164489,6.125679932123462,5.243103058328415,4.379735703332321,5.293747351673999,5.326595959916356,4.486686910994339,5.783731396752877,3.6019019853181247,4.755600164462489,5.555858459317407,4.712415852407903,4.793245596570729,4.86221413880772,4.164398759312254,6.173900931574208,3.981962328077185,5.3181593274098855,5.413647898282374,4.051378098791033,5.073104254380743,4.090367827255298,6.391042475055945,3.861217063023787,4.346102905768036,3.775774991644419,3.642301273132448,6.591215290882293,5.542774673912562,5.140293425700544,4.343423036653078,5.907611811046769,4.175777560632547,5.793639294330103,4.127488723394364,4.355492298124328,5.758282386117921,5.863827344155768,5.5974729338967615,3.950325884243205,4.5532731342771715,5.156898741198513,4.150719038089909,6.370962760129293,2.598053056049454,4.2212604846308475,4.4904334971301685,2.1560563352282323,3.6037708697638093,5.625289512542069,5.030283636552964,6.5731360220429025,6.545226445884819,5.4330463786039465,5.313238249000712,5.0659311085789005,2.34491798212051,3.605440486673925,5.100675503098934,5.616025708747672,5.289669812138141,Dog
4.107535032284343,5.937406282469496,6.482444028754637,5.93798960029134,5.989599329590471,4.440774202044789,6.075934122700799,5.145758639327657,5.511555528522004,5.365431842824709,4.878512894559589,4.139997524877698,4.917863336445953,5.986761617482823,4.558524194687091,5.893347262608146,5.737070670617672,4.70106260298017,6.388800103619577,4.644453328809294,6.509546862612631,5.434126981540972,4.984134081546486,4.112198619662347,4.911739769864958,4.79624048650558,3.7417036147490945,4.782384577282333,4.196196819902914,5.585991768978782,6.306280475728203,3.7730843237047593,6.712307728366922,4.87144896561487,4.024978615061486,5.757754780208184,4.553545521744952,4.918263323968506,4.595721755787921,4.1832620681351,5.723997032401904,4.713698597105813,3.563348207820754,5.551060124215933,3.7944176489762445,3.8467398273247415,6.1926062049773165,3.803660100789788,2.6835551430725095,5.622861484961495,4.69613657051887,4.782344878861884,4.6854996066498,5.231669939018727,4.247280758096932,6.476114874565765,3.5237695196906014,5.444874916677123,5.642121003876584,4.240348239166622,3.9762655547221817,6.017174214170156,4.009139245983285,4.3933360592494335,5.8873089624597466,5.034741233539024,3.2028563323708954,6.747059144553514,4.469989241220034,4.597242710093583,5.255784252326365,5.6250767970040725,6.961104291291467,3.3399318505943034,5.825952208925946,5.743009694050077,4.862835089125883,5.787273694816222,5.934274017636547,3.6180372150129956,6.74976650588083,3.4412377468618582,3.864683718761227,4.738212326375904,6.924940513187057,4.691743370246614,4.96806610994919,6.432078603904563,4.699681857434527,3.821563287069324,4.582765164761685,6.370791833805777,5.0708649970551365,6.93065825905626,5.737934926262155,4.355191063606517,5.051076304465078,4.146781881858121,4.33156696935123,9.479084251025757,6.018624510033811,5.861097989006673,4.376819684691936,6.569584066281079,6.099415601792937,6.881621289357771,6.833114148398449,3.520910711902478,3.8901605107300927,3.996212184536364,4.056059356667563,5.32345236426039,4.433196547904182,7.0725985407625185,6.904679882081638,4.99353840592096,6.95532621614979,6.488134627240202,4.5492934408227415,2.9907846559744384,4.782031615039271,4.3553778689215275,5.20650562514583,5.089228286874749,5.063017658899229,5.5236847413791645,3.7874780529163212,5.411360277569708,Dog
4.560383846982994,5.199982199863687,5.95740984523219,3.7756002267789706,4.71870634733043,4.881465765971136,4.485731028429359,5.899829496132957,4.279611641199528,4.444599600557662,4.290080867047935,6.0920554114388015,4.507555887587783,5.460045390883556,6.975705101230075,4.925181579649415,6.112060680033157,6.671354084093128,6.027191560040414,4.98319868402226,5.6421077589986135,3.7126214068646544,4.219956841850048,4.395324818368081,7.240612120174282,4.187415485744733,4.1725232487381705,3.9560790197510167,5.559811761930761,5.142621392668882,6.086758977026565,5.671259666077354,3.6196101532759326,4.192722229989629,6.365328748275822,4.796701755423195,6.187591818018013,4.850319052084683,4.032343571711479,4.696739222333294,4.031950204450304,4.434447237597576,5.200925706565246,5.51160509036902,3.409808676745702,4.9826319924909015,4.413384264440247,4.351585191041187,5.132684619133077,4.449548127310788,6.3821379948466745,6.18806187625106,6.18182829394204,4.505089804509698,4.037501165080678,5.082029929388115,4.849651633713733,4.391176837576635,3.8242655533330385,4.958482030731928,4.595930549747527,5.68834703703802,5.665106051521479,6.100799805422717,3.7407044481199616,5.401058307693632,4.272534293766328,3.779585789188915,4.57139776305129,6.068704980134617,4.627681646429516,6.565454659959112,5.548878515520333,4.605909521019423,6.160048428906409,5.445396772114286,4.067440611553295,6.858802635580515,5.259478823086477,5.0187961919854915,4.144467330094384,6.179538267607738,5.517275427361307,5.629238180295241,4.492468656474232,5.834100571910068,5.911813593570802,4.3312217612188775,3.583009860319009,5.581373059338924,3.4266530503942603,5.1520157778377795,4.552754895212693,6.218665210788921,4.607156109232792,6.107272972003804,4.4857905556369735,5.999991005059611,7.060341543836832,3.93195286163376,5.292035721730908,7.748782415910065,5.066588826902922,5.061788270229648,5.7884989473510196,5.041080864094754,3.2927740054294476,6.132287374838938,2.9970515861348073,4.583208348861659,6.2074257491566485,4.643457571357215,4.3063035075355955,5.87926390516656,4.148885213165613,3.777774280408046,5.274513987493283,4.817076701587409,3.7563268858111583,5.63695253999487,5.464487605577234,4.640244983394368,4.7086679938750535,5.470392742009157,6.190361419752066,4.7172067898906755,5.654688493008145,5.565200217084599,Dog
5.879307292708976,5.0393091987434655,4.0876744859336425,4.537500846800031,5.342853465781648,6.818464378381593,4.515980376803721,5.804787443527399,4.67194354932324,5.110468755886136,6.5153967492635925,5.764292581420433,3.7587007272590434,4.427524976188409,6.256221344441359,5.141878042628496,3.8511598803841363,4.181047555026279,5.703493522711172,5.99441028121763,5.017855301482174,7.475313800936102,5.824152363455639,4.7565189303671,4.1842939519006555,4.025115695360959,5.3354213204803695,4.511222955086593,6.673743753983425,6.4663118029178595,5.6330665474972275,3.8210038270431044,4.3277811274475955,6.255677525741101,4.436933800204898,6.122141733919524,5.474603923034761,5.051717884813187,4.297167187064559,4.905756156475248,5.189647954874898,6.032538898301121,4.114264399366245,4.7371831574738845,5.044823131932285,5.662678357686165,4.091535662477223,3.683430207112785,5.67396515171005,3.4820508850532965,6.284979714762168,4.844073902517092,3.452468917725554,4.519579780596506,5.379123633069237,4.467298912445022,5.0200297488243475,5.740078365705287,4.79780966461238,4.062942323533866,4.701016002628159,6.41484013645926,6.685064345333184,2.980073826057725,6.091027909191477,5.2501477160353565,5.92398267912015,4.449511739732371,3.231736490498514,5.5844887886474615,4.0590227387172835,3.611707568515148,3.6815986175265336,5.6009137824153346,5.139452466029197,5.782466021874674,5.669075254496365,4.579066435416234,4.929526426122544,4.4885624712174605,4.789672227134509,4.032745262018934,5.390484293874335,6.075120748981757,4.183386970179013,6.281269645401343,5.113521496477942,5.241078976405813,3.300570480392482,3.192737690434266,5.144116362779682,5.789732124632008,4.328619556355047,6.6700939005830895,5.734935974254316,4.091658748292015,5.030848667053507,7.476929133723412,3.7574359972002944,5.5282699389151055,4.677255447276657,5.706896290918512,6.267273646318381,4.6137629112886325,6.118912271707174,7.221203394271961,5.0662747373442345,5.784888687494186,4.409559229796725,5.019259309031212,4.823324907291758,5.7969359256585955,6.204675935756925,4.890345150882541,6.533622845732923,6.530047441561629,5.846853743179901,4.483973468278272,4.388171183260098,4.1876186453099615,5.949166070238161,3.7882317925106355,5.676837654111007,3.918890652175887,5.823546119841973,5.017219582730561,6.333638561859828,6.141454578321271,Dog
6.435065412002111,6.460818718289113,5.1436308339881975,3.8412069335753953,3.9474769450026215,2.9131514706840624,3.9163341665719065,5.068823657704649,4.440345819174838,4.819864395590149,5.492715419461401,4.695934741934242,3.878171199587416,4.946766332436568,4.101509513227155,4.729213503020937,6.342776964423003,4.729494695903825,6.7709575533477455,6.43163598693797,4.420694691420957,3.8888762335842246,4.9474458380798065,6.153327763396889,4.509809093771311,5.908090298262139,6.208439989136088,4.2259743496373945,4.323948911711413,5.712662032127007,5.1518475496415705,4.3139384734563215,4.647819551880413,4.929480447272581,3.4351455750445394,5.765643106482695,4.521307811060809,2.216283776201901,4.976129031690547,4.258428741106492,6.688822192302677,4.414554979080032,3.902356636421389,5.507932669962016,4.339552631992417,4.220543798747768,5.509501382824406,3.959532692110434,3.542726341800547,6.725998002094337,5.579498737600645,4.735790715005635,4.996522790298064,5.505864358116156,5.973337449613421,4.2440247086849885,5.366146525965682,4.493295823789762,4.811018755487376,5.160692867464904,4.993321426947328,5.735566898302572,5.487086559115594,3.491830790627822,3.642176792934558,4.630283315240707,6.828625262441825,4.148408167498397,4.791777290387247,4.463653973043478,4.44595561591192,5.178239743905055,6.400777276195651,5.4559683998805895,4.196469038572908,7.753229510803207,5.078573220961125,4.422779043617886,6.412096374677589,4.530929382056182,6.662913654987443,4.1293572090333335,6.430030388921369,5.2010476642816945,6.291052232702434,6.901765708701545,3.867392709478746,6.275771820758322,3.591096095574595,3.9528156447517717,4.196590540207563,5.503636636177861,5.03301587693486,4.832863915837164,5.146235279022361,5.591289589293472,5.6682481239413525,6.094166835615131,6.82003481276744,4.978637627558523,4.478911037869084,5.613536129185189,3.8557451837353796,4.321295867888389,5.99938094639279,4.875871625182296,3.791807541641961,3.510196934634826,5.048716679393808,6.14189653696801,6.128545777531187,5.1108805028928375,7.008909419096128,4.895179634059537,4.861432376602589,2.432564090261,4.552637050838785,5.8520150349084945,6.563961336859704,4.169765366332715,5.462252329293048,6.046879032323288,5.011208153195899,2.7167195424727697,5.247289999574252,5.7614306240608935,4.052577104981541,4.745845469125613,Dog
3.844503957871236,2.4298524514196473,6.027004411787656,4.9962514661981485,6.597674996704983,5.857322191906177,4.645790238334551,4.916819339895591,5.566177390770172,5.966883416755744,5.322670630742011,6.105593145289484,4.703331263325529,4.002856453214314,4.935190746438869,5.2051848907361835,3.798464605260713,3.663277915853378,5.447386296473428,4.593643148629576,4.8341590943379975,4.640307334299177,6.520600901763212,6.261761160395,3.762646309960832,4.467206786919553,5.850004267969593,5.601936237103242,4.958542037670214,3.8623997950357647,4.317459953846455,4.48323243245371,5.2769943311191,6.703727154697238,4.313119765211872,3.97396475244476,4.891413523172057,6.031738980514059,3.553117033239297,6.453634150874947,4.8279686378843305,4.265679997686626,3.399810713237841,5.706520773420627,4.828828804758465,5.1707054827545065,4.099188258988637,4.680903965748977,4.513418753645262,4.899406894621793,4.33044767362419,3.4658190393127786,7.728499745296607,3.636595752662486,5.181459006942539,3.2279721715759577,3.002952563382025,5.097826491852268,5.1743675877683035,6.261498990802384,5.399546841015706,4.850189281254209,4.050399755934996,6.499012068233549,5.928851246050224,3.7536705222515754,5.037963728210635,5.144052231526497,4.654346343394331,5.7718504858067945,5.831733138348177,4.809514302194894,4.719130754202341,6.498958462667532,5.932838892362237,5.0723603899083844,3.3707909609199467,5.344000106305036,5.698083464917668,2.245478371601627,5.2518694483180255,4.583308013204265,4.779145719870448,4.0926190472366795,4.851810709596358,6.391991576181331,4.553601501184485,5.965573558793183,4.193668781120389,5.758756192656039,5.0016558556219515,5.352024828789281,5.007153256097488,5.641625232441209,2.432414882066242,3.5801746865424304,5.417080498008644,2.9564616461037643,4.469419644352791,4.94565915896335,4.1718598623871035,4.3084385973062265,5.271582200153592,6.00929495577981,4.041550618745192,4.424941803812629,4.2687390266729555,2.5786202481227214,5.141711790317509,5.934717745828492,6.016643207315882,4.129233623559261,3.7483019514798572,5.021605547591685,5.829273686566467,5.154850448310384,5.289304635873761,6.141830927736233,4.260863440769296,4.78002991332697,6.634605511761201,4.803188876902373,3.732663034033429,4.3306439037497055,4.061820148778757,5.35716258570127,4.104052996411221,5.271034252861245,Dog
4.2639347814593505,2.876621461601772,5.306619786981922,5.148463681546889,5.5177578157088405,4.327012780834743,4.220455524640624,5.4014668584815455,6.519019572530981,5.011168009506328,5.424585096047145,4.678412315574293,3.456369478126315,5.967429419154058,5.908414239086162,5.710774025175194,4.818054561657581,5.59705609973854,5.893761797387831,6.620158684956707,5.988526104647442,5.063821225033639,3.6917467445756285,5.155658297671741,5.256577395849308,5.709029775318304,6.353891859323426,4.9048494879432205,7.100987189813111,3.2407129799594228,5.419341872461625,4.201479607815972,3.0927780003111973,4.798225623700842,3.5428273015790435,4.838572101967183,5.034769248094457,6.11854140933595,3.4924148652360625,5.908445165645772,5.098080450279794,6.0288491536095945,4.568248824968872,3.667755413236555,3.782500673784134,3.708192546332884,5.477814152920655,6.4769220222146995,4.4350484733447795,5.629135298257784,3.47655794186438,5.180321249177299,5.668562616337127,3.5518752247231316,4.796116531020146,5.7159171404855655,2.066229352770523,6.335453061701743,5.353679375891048,5.7167276477173425,4.587280720805236,3.2772775184346443,5.534062956316951,4.917409674583488,5.03211545543232,6.087606985198954,5.762063873862598,6.921237417089612,5.153854228873499,4.308787562208883,4.811583153091274,5.4156633725386065,6.015856518992978,3.5329660485612813,5.0085376151791685,6.609541657038369,4.75979112899748,5.931011854869104,5.493117527216005,5.95586060652498,4.190239458400067,4.194598329934419,5.020271892122288,3.4677782127596886,4.730259393388343,5.252876657515667,6.784635606949772,5.402718189269821,5.625228470873102,6.164475847050006,4.035342411104944,4.834917337629014,7.425412591803893,4.920877777615491,6.116430748782207,5.9637378771731075,3.521886285612311,5.310479277005934,5.1467474722052255,5.329958787840435,4.24588752020894,3.883080488087841,4.523989999979149,4.902205002915797,6.184984447600316,6.817310819725607,6.396597846223178,5.860185210781844,3.99565973770041,4.591103825010505,5.209926052412998,4.367560961923825,5.577205652527951,5.7204861082542875,5.5362900625654685,6.025134604557581,4.095408786286926,5.932828704092198,4.304354549879804,4.059064047357115,5.532116134186381,6.215873562198981,5.48801348637601,5.020804023772544,5.310153826101507,5.13642691806728,3.874049103864606,3.7573798550550848,Dog
4.921174120526545,5.079856835769304,5.011332378367734,5.676101613649913,4.78452328383566,5.562979181904856,4.855413232673552,6.823358962036466,5.080713726726446,7.340722611525678,5.352011591090864,4.786322829411784,4.100552023740326,3.5571114259423062,4.008557715603843,4.120393690836011,5.394820020412177,4.473834628939812,5.1869270525544975,6.281978362376686,4.912191648365146,7.079156698466804,3.8241890196608024,4.849416451625072,4.460687076389021,5.936506606057008,2.760208369633879,3.556884710822189,4.892653177549037,6.5513777210094934,5.225841834037308,3.648452545735766,3.8028334073097696,6.672989702844953,4.378865201203759,4.057036627550236,6.477372560630861,6.011097005586991,6.274059643266796,4.049958119734184,3.4748943589856394,5.133166489362706,5.335126133073664,5.364601803704832,6.478183935639002,3.2662329099917518,5.8596950512977655,3.9033749558526822,5.855735320860841,4.525043295478622,4.186028204109489,4.390097293050798,3.5543897992234372,5.040428939833467,4.227326609339543,5.786298230900278,5.640056081032918,6.688157052902791,5.3663274835410775,5.520677767080073,6.400099811827814,4.372337303973303,3.5117417871769674,5.200094059128394,3.577366530785596,7.45393867292539,6.455498292078943,7.16397633330158,5.0624469766631295,5.550573593701598,4.540524568047356,5.882924805586752,3.784456787948943,2.456906810525221,4.209289380511433,3.5445265243826842,6.477926736159535,6.815677455080316,3.597070927586889,6.2917156075212395,5.951384983500771,3.4302233152811237,4.609732469068382,4.41983627787548,5.7479953986272,3.771220649094986,4.9011273743405175,4.314065496050382,5.473341183385143,4.7832079683120705,4.4647542960596045,4.786703424367922,7.036042832840112,4.583100363880611,3.958994781716213,5.583433569155965,4.856475330577044,3.5847660691335275,7.231496335202467,4.647521054413352,4.622130546038649,5.1598353519080975,6.7301167692088395,3.3202546734810046,5.27598584942054,7.087272161793628,5.128728680739648,3.76466602069652,4.381603147039347,5.206882529756791,6.330803915639862,4.660664155583939,5.826651797432431,3.564631172953111,3.5562816304049454,4.51719931131505,6.438028721873263,5.068874639513769,5.289811195566619,5.278079595573527,6.109207982586731,4.389779307462146,5.688285108488232,4.16911733614487,6.983272655920761,4.19960889570331,4.117610696921379,5.54966981348805,Dog
5.079788431432323,5.326852406260934,5.227313795492318,3.9096078011925615,6.613358929079484,5.893542205889109,6.358949951267116,4.471669110889576,5.416523544715171,5.197368462234691,6.128002626201508,6.1602481318296185,5.193050802958115,3.482048868156748,6.7796618870876895,5.555987433690139,4.391562958608858,5.406542138266695,3.488906451547477,6.055353067471044,3.5287882557208468,4.779165507962918,5.244454449605549,6.038839711982094,5.106544676434374,5.63496287361255,4.971833091550447,4.967814049055717,5.085477250348298,4.810942079147625,3.3134297569185645,4.231676506303372,5.244774841111698,4.750878996511281,4.844190917818094,4.676646330561285,4.136401607268182,4.5069005390237065,4.693168255611405,5.00514314054185,5.3933783444697125,4.819449709114261,3.9703447443075808,3.6019179600812166,7.597437207375224,3.870184969735437,4.4813749987356175,5.517000302513935,5.360860609565681,5.520865692561572,4.557282930467824,5.238558070639547,5.061343664240864,4.687868632458713,5.24540974177134,6.055365546750707,4.977799776564675,4.984452846356425,6.068161034875985,5.961360359818813,6.583936440963483,3.2437697655204234,5.90511918316939,5.601580045402179,4.114347602246735,5.251587917998845,6.051121747757998,4.1708410775146,5.442562429022807,5.871353675731017,3.928980437468512,4.857714307554852,5.300968376642411,4.203868494457045,4.120846800906454,4.8649553981372256,5.801639716903692,5.64373400119211,4.138587270813658,5.652167885115686,4.164060223833491,3.3898302020065656,4.632856428952769,6.122969371585736,5.655960552141374,4.998428192626806,4.583294516408943,4.610237863883569,5.108784905860796,3.9315625141541712,4.6518926547987025,4.7844305386402315,3.6489255415485022,4.161551749102425,5.410506791486381,5.009511839940994,4.691238208806617,4.088572562462036,6.576849825589217,4.162020785320681,5.251592807261737,4.512130911926205,5.036279292638335,5.457609741940372,3.629743410792114,4.993383755846512,6.190728648979846,6.761501893492003,4.869986026744869,5.041681207216909,7.211333028601533,6.134924281599198,4.382715430744781,4.381016549113877,5.956549461787269,3.9889628699542694,6.087726751338853,5.3342999637510085,5.5177207640270725,4.743266196519946,4.37017519575359,6.46199283086832,4.753262719446525,4.589064923426138,4.919862932120191,5.193022132717942,3.9691748732805516,4.435128505793088,Dog
4.381967926093942,5.845280304606848,4.114037432000111,3.2442321422419464,3.032905437093846,3.5296198653242827,6.361538202848111,5.016206599484051,5.501249086807203,5.5364877271213295,5.05618391839232,4.925218703348691,6.0445264298181405,5.14599591431264,6.399097479263414,5.6208299452898665,4.382203726518972,4.502865976130064,4.27253519354572,6.217548021950716,4.594949047054447,4.201527203200367,5.3197780411268205,4.9028328936274965,5.294568512575164,6.8898139038938435,5.91307080592886,5.027010554301906,3.5915766157939917,4.500037502791365,5.711046102545303,3.8289589603381837,7.140970296330353,5.014416562635549,5.048848393209485,4.3333548070420225,5.496737756775718,3.8419981934777683,7.164892589101457,6.317351304652012,5.984296445197046,3.6095709942101903,5.2054132704577505,6.209086398014005,5.593105399357739,3.997890895366225,4.349906244691344,4.5480638619940095,4.3965621655113925,6.528778835710307,3.0789868611767437,5.655919139658836,3.7076966250715486,4.038748512548932,2.9902666331312826,4.450945568841134,6.5107316515392135,5.264824242464778,3.801638453000903,6.017147674379313,6.231304263568686,5.104046481039085,7.03474915815259,5.821564124624614,5.682652507292588,4.19662129283371,5.627398485621341,5.216791277604493,5.519829002671027,4.31541438085867,5.1280988843589865,4.183138499785042,2.852867900033968,5.998304568578384,3.497611018310483,5.107186464782416,5.3330021294490395,5.326563015863055,4.71692092640175,5.271211475279974,5.4709670697851625,5.734964815751985,6.733441339384263,5.2341941514982055,5.064048845017702,4.093271034649906,5.435946323899337,5.667383103140569,4.807696815718373,5.5446125041840375,4.707483806450658,5.670992652088924,5.912602314029743,5.898627866730486,5.1178443261413005,3.9600318483829486,4.388086947358179,5.595157323884728,7.448812305740227,4.659279228467918,5.45583767838814,4.443947442520597,4.0260329557509,4.323684136422638,2.9175280232973284,6.353435062907751,2.7698697470853864,4.736171769599367,3.8218721046499455,4.115619784637795,6.376522659738668,5.201066990031392,4.034603840818299,4.4104828675034895,4.234518779557915,4.9564543279211195,5.172891684787692,6.89557477322856,3.0836992340022933,4.965187685242047,4.684432307465478,5.946548527716782,5.354818118178393,5.5903622081149456,5.345086186015083,4.06800887471646,6.211265496493013,5.798504904615669,Dog
5.915529791724743,6.264050170507165,5.41767510065196,6.480992404117493,5.377639571786641,4.780941411975391,4.993396089516636,4.976156231863883,4.480608677909457,6.63188884837022,5.296295365503668,5.094738475832907,5.388274254926434,7.979854516737147,3.8682758114003404,4.154961488283725,3.6194289825530035,4.767400761564514,5.24551844332736,4.534677481658923,4.46027320184823,5.142404866628132,4.4978921751703025,5.310175827182838,6.114234346742604,5.6770304698008065,5.881013347165203,6.08591841150672,5.282828160118703,4.841358973956899,4.227746929116805,4.608821836364279,4.476314467323106,5.731672326620911,5.3467825545941965,5.696757862714302,3.8396631438998483,6.431749484241079,4.573019628493237,3.899983357925337,4.560782235178188,7.483765992587508,4.612283133508432,4.674903528529074,4.807895319370324,4.851379616568544,4.218523934198746,5.14321308320613,6.0755949081983305,5.314289315478707,3.8888347011000146,4.655654095066292,4.44847259989837,5.0529394682348014,6.330451671562317,4.851117203979117,4.911845131129609,6.77764481881943,5.87620599167166,5.574081282106535,6.958131615301776,5.489811254794013,3.0134728580224777,5.832665757880361,3.4079915428813496,5.452005368582448,3.28625642587076,4.533144589600081,4.636215470390129,4.2298808927682465,4.6511480028088,6.032561720360553,4.286047087840447,5.545140879510541,4.0343503603927,4.810500423607871,5.32383926632745,4.00347158338144,3.6882795670893103,5.491878150578888,6.123080399340639,4.9209349805126275,4.542687093443296,5.155675387688387,5.05547991876538,5.242902540711252,2.4717548996862857,3.930895708834037,4.154769894563146,5.150867628511563,5.1858778836222665,5.636180488684036,5.257581749210437,3.6992649296126645,6.44700461758506,6.271918303422366,3.741802709973074,5.332705294374183,4.404575614756984,5.138863989200548,6.05331027964187,7.130104266320959,5.75127770514261,5.294934735110136,4.660178831691703,5.1821348710111765,6.359771893328314,4.955291243240414,4.11388734865235,3.3803101344833735,5.5130478674102505,5.2472881256277395,4.354091826737704,6.026014125707298,4.57822313561237,4.8653559081752045,4.983335866702056,4.649047257861912,5.235865065749571,6.151515145933001,3.857518101881577,5.4885201384740085,5.172158669606441,5.153763829544706,5.87184456987409,5.0492974252171585,5.480229261905703,5.715864629571147,Dog
4.495634799619394,5.299183460813798,4.749212392789368,4.867318220280104,4.677938603521668,5.471080404096886,5.081644709018254,5.394544034316675,4.982482637104251,3.395878987529675,5.031368416099708,5.063537955156817,5.24259593715346,4.406270806314258,3.804530283334488,5.624606644894278,4.726393443465831,5.171244047684996,4.718539920111704,4.993938174226405,4.550714652064192,4.031916410846172,5.4737316607686575,4.39687991177388,5.163951480894811,5.410460221902078,4.413187284396918,3.796114365627015,7.426085613853052,4.472228124054574,5.623417158601159,6.9394635495701245,5.789907746853893,4.699557191172448,4.932883612464889,4.167392780261151,5.881696426957742,5.566270708058688,4.485574181738257,3.9578251929015558,3.6787662623363087,5.986514003804201,5.120373128955561,5.214984536332752,4.177051374137642,3.536496896695594,5.962613574711632,5.042039036997231,5.90723466005762,4.614066873484436,4.763182156963142,5.713298176620632,5.732348079650524,5.797565622685954,4.704798746897303,5.614547237650868,6.109099465476719,4.8952279883184655,4.486511636225947,6.342747603316766,4.345554266448693,5.629476497114477,4.941577689480138,3.1584343835154396,6.128594067478581,2.242146370452632,3.015871933242391,5.527330079480672,5.527071198678115,4.362420142122464,5.147822090303245,2.468569954221995,5.706975464470599,5.249725487053597,4.954357146666204,5.020841482137772,5.493254176193032,4.971098476502139,3.1259444972687795,7.196332234522522,6.200800819428451,3.715055338045172,4.65486276952341,4.763965809843959,6.078849566508963,2.840731064680232,4.500991735570211,3.2393635566624965,4.714904484171662,4.527499106915096,5.079694067382713,4.395125600990816,4.248976608609476,5.619656691763148,5.454672740942581,5.551398342778242,4.823099909509157,4.42826141777481,4.88114751797923,5.501162070068452,2.8232202990281516,5.394111930370858,5.309138187334798,5.062150906085727,4.850686578128325,2.4338806140675864,4.560146736899594,6.7894387110773735,5.012901295568306,4.692710161325282,5.016906195590113,5.354772868628008,5.658820244689465,4.771119836842058,5.424919602393683,6.67665080276136,6.006250799432715,7.3403002158569794,4.343229641648284,6.6761895075020155,4.209326360077405,5.353566146740463,5.7324765292381,4.489222808095527,5.087964277474276,5.910461102451841,4.289729101688092,6.669383459547647,Dog
3.615403375272651,6.9396914427283845,6.0013261347995925,4.910274423672221,4.5973317887632685,4.492971737208976,4.864204359742985,4.951504138451174,6.255226246634582,6.968654100384584,5.199379920654008,4.154371512010596,4.454273959363806,4.816909215388716,3.9698778947032247,3.8210585978926215,7.097127212373027,5.302613525946254,4.166866866319653,5.816603570357713,3.8216538751931544,3.9039879521289462,4.196957598935755,6.654513280865033,4.747119934221626,2.5582930130975132,6.210065933175593,4.693618635837643,3.1505919941215943,4.6833165120365905,5.521003896604903,5.404049166532969,6.79841497916482,4.14723213743007,5.046720120264972,4.300430721421578,3.457807105812777,5.885527372305955,5.463269569147521,5.2836784496988525,5.426790193258644,4.31452714731158,3.9943049126818067,5.03764737216936,6.161211402411614,6.608077135453547,5.795432706807433,5.029174426768096,5.269783929399936,5.011593859325371,3.9740566603005716,5.024647378210543,3.6651731824115066,4.875922773896961,6.636105110596319,5.822859222783352,4.07688081576347,4.927570930357716,4.165623688245262,4.93748623182279,6.041107816524563,5.653007938309904,7.484144080745336,6.1924774025075715,5.204000381077692,5.677149974133293,4.797556825816664,3.872495752913504,6.305776578287521,6.008991476931648,4.758945785406036,5.273935736931338,6.240939187384806,5.84635142620602,3.536898748750301,5.243620021489824,4.832368474511636,6.113000699138681,6.031042738782661,6.318607828178045,3.8821056612797924,4.215888465943761,6.114082436135439,4.408354184657554,3.4785670190856925,5.532596487614065,4.452781559734027,6.7897907703084,5.296184553988463,5.160259286641666,4.630756108384243,6.590835333926972,5.358554459889821,4.591500481843793,4.205916293394553,4.926526945435782,4.022353162845194,6.028877441678944,3.191657945975766,4.860485971666929,5.610133545087934,5.342119420109658,4.282717026984331,5.660258706706549,4.113960611614092,4.97761534350319,5.651841571980356,5.462912779493113,4.324960988580532,6.197494516564364,5.086694571485534,5.742995410939152,6.5291010066732476,6.117520548774607,6.120129406331044,5.192679929849472,5.793935120910509,5.213596574564316,3.7906755322215866,5.3027437925050425,5.256360983738466,5.5837293615218195,4.872003024786605,4.238544443236149,5.656506083175227,3.686727712747752,6.458819135856469,4.768581938795007,Dog
5.245528172056169,5.558558153281572,5.590688044844191,3.591015700048265,5.824086580544264,5.303153828376273,4.364738615441391,4.2503330490540865,4.665946917943154,3.7012583133895083,6.722267390987025,6.486151325143345,5.45170020097594,4.776601583657909,4.802892012062605,5.758065706173968,6.757826899501951,4.4296032604032565,3.882413957376676,6.547640773595271,3.2128614124155486,3.9914691917473535,4.753142107489147,3.439566532194969,6.112149062806598,5.8569052705051,4.425206772784683,6.279614119177747,6.449292428403826,4.886829351709936,4.549331822431992,7.259602027742478,5.721161822084155,5.256324652968853,6.363545946639612,5.301930635003021,4.494379414080812,5.080159760487554,6.038654287319735,3.007814433650786,4.711969260560779,6.383057398581605,4.488131598906483,6.54610856043141,6.4147438193598125,4.9344708845110485,4.431460695110999,4.712641125850365,7.6646144920014345,6.874424446933244,5.1253909718067385,4.3918464483795905,5.117041035581263,5.243826926616765,3.756641262390646,5.08004126921526,6.32240432481173,3.2006433187835266,5.826583965137248,6.37479797005478,4.439442654905632,6.694175758191056,4.309662937551654,5.441082661860404,4.69322731533637,4.693003642837397,4.382700930241954,5.6985754808620195,5.848805457731449,4.935577800422811,3.640031786327726,5.40317016663439,5.422014359410694,4.783284988613572,6.867231287180808,3.436070735099346,2.782716289746432,4.269165100302329,5.71042453409145,3.944155362566159,4.019029081473924,5.9510213361781545,5.46254792279775,5.377060909628399,5.781428919465528,4.574807046727115,4.621015925941808,5.809779272561425,3.6551132192188005,2.8572801536014536,4.566715826372145,5.9308732890656914,5.255559698986803,5.857291504123015,2.983705689576835,5.315496808323492,5.653864504642378,3.6492025773893153,5.862057590546545,4.8884811034942075,8.071336701606002,2.8227639311032644,6.369114367674751,4.605841903473927,3.382848285559956,4.473044856435008,5.277479241337466,6.037466669565044,6.721964288132176,6.421893088704342,4.034617979295506,6.130164692266117,5.391284957120874,4.345396979071012,4.788089406522519,4.290157340555276,5.0370923419364555,4.27034211770588,3.972005926782561,5.479119127782772,5.628730548259637,4.812402999908388,6.367651303935972,4.739569413504887,4.697225454874462,5.660488982345697,4.867574415056663,5.0847977290261435,Dog
2.479561529380935,5.016707384737975,3.1728040625287397,3.7790494290011294,3.6646774612444952,3.957416846466174,4.451146140367747,4.513507384454515,5.664275204257126,5.222387814134697,3.098925571182014,5.083294637546808,5.318255246583427,4.671433483747042,4.939114023093297,5.1903101253970565,5.764599597635581,3.425120012537265,4.755682961360351,6.508336098057729,6.4166613082979564,5.85093692777578,5.536824683955676,6.6546347484020885,6.917848001606666,4.870920011953148,4.03056755671168,4.729707682375505,8.096695513772053,3.430643657274806,4.529460860470583,3.5873088475073684,5.124763862877385,3.7973089711051324,4.8912489771663825,3.0499048399812407,5.61762066508465,6.222345256467975,4.616056377936541,4.864869992924298,4.836592769268687,5.180910675225025,4.961830413033572,5.768116952430694,6.233039133450946,4.185928777507817,4.690671507225703,5.901619448924745,3.5783309519409676,3.02927871815443,5.226315952898479,5.496346411070492,4.277699812046408,4.4213489458795445,4.239807678259101,4.133074760655566,5.6934958206046,3.8195015130023613,4.7344771385666515,4.094663832485147,3.5447110240987847,5.870178174746771,4.480174777826461,5.188440080420757,3.49192412019899,4.258060546243524,5.756087880695006,7.587271455845309,3.0237839356096883,4.798892204710573,5.4122805981435,4.383899846760716,5.849521986994124,4.133267329339687,5.153847660216641,4.47792809550164,6.219431082954772,4.323635496964394,4.648126203713484,5.945689037497155,3.9719613409071366,5.068750056763572,3.177465656313398,3.9120665413709252,5.382131275890804,4.009302490463767,4.455427068176208,5.493086402047938,4.420813858853069,5.822842073216358,5.215662787486064,5.435683111924503,6.240965598738532,5.3198230626140655,6.538847290469344,5.911262283037823,4.476547570165543,6.293148075021271,5.263866020902945,4.605320291339496,5.278385695320883,6.112326824390263,5.455045094242222,6.822392832551397,6.086530557898822,5.523160033402163,3.9739319172588425,4.820267485989879,5.071664139750851,5.696631501217747,5.637333041272193,5.1695404102182865,5.120349915377171,5.72045689507607,4.141413774370014,6.695515819249857,2.9528331148365288,6.455409482172029,4.954814471574838,6.002579814271594,5.363840434292613,5.346034410910802,5.554254476026521,5.809054289087778,4.67116917341276,6.0347991305262365,3.9155293764212162,4.994669426673875,Dog
5.835969924272277,5.995017579615889,5.460788848261401,4.606607562044265,5.896707778368704,4.330633760881247,6.751409073748911,4.915329102500336,3.4603743057940397,3.805316531983448,5.043643636879588,5.139825271326053,6.9696566849510955,3.961500662385774,5.039462199303931,3.9405785929179435,4.507345146786596,6.683972030069338,3.8636637768440094,5.587042424067834,5.392907359014392,4.975828573641792,5.519436623191737,3.839979618056711,6.656322507803558,6.924845495123521,5.0471046977593135,7.423106130613554,4.60097206845008,5.40043199385628,6.431889063774514,4.54099553977709,3.6184509411205616,3.388282934381146,7.060826563902658,4.470975349361222,4.8142632365815015,3.8872359216789456,5.948339279329188,4.2184401407754155,4.508736972338678,5.299520419416161,3.9359540727544275,4.821417730485774,6.40220958950327,5.428254397516863,5.130542292428358,5.214864709463865,4.610864904023436,6.996152319754925,4.187842869465933,5.21092616196393,5.1150255663428075,6.008762507133135,6.10317393879364,4.967981195512929,5.29066649311305,5.3285347539139485,2.727858344429393,3.4110103975222246,4.394936309278029,4.438401323623131,3.8007175780358677,5.7495825713736295,5.002118421017473,4.785305452613163,3.7438447254926133,4.955455135755211,2.3733152440013883,4.837043689194159,5.063183668807756,5.2419149843214985,3.4358982365207202,5.224816736691475,3.9585687301354575,4.187530167707666,5.717931385822665,7.014113723359744,5.05135875880268,4.182904541359767,5.188670447509999,5.939029157499146,5.620997565872735,7.743112872463746,4.284662430905334,5.252231479919298,6.548917953418203,6.486159237018532,3.0499220734756194,4.996642379960019,6.4845207658487,7.8906429903991375,5.703795883750819,4.632136706303516,3.99079684756261,7.218743357530849,5.728741586465759,4.1519330731145825,4.796843633666219,5.310186516828704,5.543806653888118,4.10038134245421,4.385809581874508,3.34706543762704,6.039762289604782,4.658381533229684,5.466321649183292,6.422258508576327,5.219870142373946,4.887029524050932,5.193921476883935,5.063193603850227,6.246164997877945,5.31083839753879,4.455598980421088,6.04784905688975,6.230484356358352,3.6616693731795364,6.532783884768105,5.3647117732084855,5.2832699501465985,6.006624631596515,4.433023608995721,5.954164514190924,4.623224530262145,3.5250493202896616,4.002243720893066,5.567021832903227,Dog
4.054531660005342,6.610076123189649,6.189283453439643,6.333439166032965,5.124778579677412,5.257861617294959,3.8062881457557225,5.995783510157491,5.379833455037085,5.56730562529226,6.688311811452882,4.39403701605249,4.873858450122682,5.326670921542168,4.064564594541293,4.81240117872316,5.492949810466969,4.674578728627169,6.308989409729112,3.489075438183006,6.122771240233342,5.661185474816005,4.431171412443409,4.075591431770002,2.919717382757548,4.204824987586166,6.047176655002997,4.943914273721326,6.162980880391841,4.380128929375448,5.707106160106563,4.282501397915579,4.034424993790161,4.892872782829324,4.335033488680003,3.4571778509627875,4.817685299283006,5.106435416431289,6.268358611496067,5.93680567713306,6.219943199232832,5.720357498393509,5.332612758949975,3.7710550935281075,5.149872197935275,5.596793777330814,6.457437949370436,5.686288541731813,6.240383434605421,3.968002108634761,4.673582373851905,5.429350713661271,6.160952690742562,4.85477135416108,4.917554040850846,5.687140306002979,3.8741291728548757,6.607404549823429,4.120863906892315,3.081410576440697,5.01006700852258,6.698458702375565,5.58645313033361,5.751090543003633,5.041385762307114,4.847622502728823,3.4550906304068842,2.740613742095814,5.196272338440863,6.312549194340226,5.3441337048280655,5.623599527052013,6.58371754563954,5.328766851441058,4.87734489969238,4.181475194349935,7.022212562972086,5.52654777915368,4.056398284080669,3.828832332198763,6.253063726928913,3.9625583035916745,6.853834157502221,2.243537202909289,6.422595197789977,5.486894811161965,5.118594423056874,4.8245415649582375,6.890729848594029,5.707058858401203,4.096796391104549,3.2810900439711186,5.177297213147308,4.9989288664625855,3.480131962624491,4.9446064745176646,4.426065366925799,5.0092900683066945,5.725923611648402,6.492609947464036,5.908889036369287,4.278559250169795,5.368915128829195,5.063107121492024,3.667871045369099,5.398232784692272,6.856672337917714,5.032426604187004,3.4058173202745996,5.030268671108619,3.7862878010267496,5.863605506886287,5.524864991725129,4.829089946525257,4.668835734144179,4.787765698384454,5.00827449434232,4.227764978658458,3.6122469189985633,6.138698946694648,4.614599023503041,5.167043104169144,5.285281951167494,5.3220204796552135,3.826182002901576,3.3241598354481523,4.411307475308008,5.395711532416954,Dog
4.2720501325256865,4.6450786463007665,7.127297413749568,3.1545761151954643,4.244966004089502,6.896604068573929,4.955401328004776,4.294014834501089,6.16876891701112,5.055230436481112,4.651691604955994,5.192368927037511,4.3418911906172335,3.9825089371119216,4.886403072365252,3.989003039923993,5.01069331179648,5.354406567474339,5.853060456051611,6.127924985516827,4.594263498367749,5.4994146079390696,5.492523446206357,5.327818715815984,4.520540589049541,3.9719321875358893,5.50200188906656,3.29313743780695,4.732160567431689,2.446368984351402,3.6635975766417364,4.122866061552576,6.0967242076292845,5.6881080244042685,4.446065316157758,5.729369795129751,5.887622963380396,4.839335151625279,3.61562185578631,4.792087689933886,4.902107594827863,3.7675456091697743,5.367046792929968,5.279811854302356,5.445042699894187,5.278923097167444,5.729843035114983,4.820671972126968,5.201785107370953,4.602259715754468,4.415500784378049,6.338249630762076,2.9562312984735035,5.876759989154264,4.379459124554339,4.249961822356879,5.261577484065407,3.5103903876489975,4.183976928053797,4.150860353487008,4.778601741814905,4.195862311839312,6.601118685639269,6.797016516497954,2.978006477251937,5.544322704765737,5.858663439077574,5.5429852023911055,4.341886506908305,4.755904437841458,4.2517253452223045,4.579735968841171,3.790034971332824,4.8852111783654495,3.49719828869493,4.799865445771863,3.7514183109002355,5.206816361791404,4.320580439057109,5.2905803478745375,6.0815807283647825,6.589446936104708,2.4719954109795097,4.165805906126217,4.696913922887986,5.460327818381483,3.3496454958454707,4.0179075931997845,5.13035720265711,5.084888241526667,5.377618406420093,5.443675726888117,5.338594433115863,5.193655316631492,5.055739773326368,5.664763089724363,2.760677333435775,6.544333486971235,2.795517949119676,3.920838183095508,4.773239203349855,5.672612891089843,2.0047331092003837,4.971875676058166,5.792395039415735,5.994518116028477,4.302670341502541,4.699164713044968,4.383851871107372,4.607325346473916,3.968173449271565,4.1107478375290825,5.434376922028368,5.131615373272742,5.4915865075904735,5.214014389700837,5.704338601147596,5.878213998154995,3.258283380133896,4.145690349585637,4.768624042509961,4.9773224745126585,4.329909426181967,5.912023670988305,6.979948368290598,5.186161955581734,5.084341032198211,5.849456255104331,Dog
3.134160244796564,5.028468940438411,5.979035825467517,4.356846002798888,3.7734394200980343,4.814194389900222,4.939314566798079,4.091347718084542,7.096161276050951,4.521303618992055,3.846340648573431,4.906378680929389,5.907860637704491,5.017414248998231,5.4855939200440025,4.128489405666842,6.487688446403514,5.561711027918443,6.04770156887761,5.3651606324751695,5.8248840377287845,4.126947440322772,4.508589583310438,6.34648059555603,6.559741947283964,3.8529344002809234,5.249736067863812,4.5690561995147725,4.302968530635138,5.2848396953554495,6.140962932365408,5.451662473284194,4.680487550080965,5.51486117993516,4.640023826419099,5.412114300730602,6.3964657004557335,2.9228403406991723,5.797252298540034,3.4609450784295315,6.228327710544462,4.362974390127139,3.782328622393516,5.6952692270887475,5.364170063142411,4.000813097038342,3.7470002428316063,4.812518512508718,3.7959130498288034,3.9385270270763724,5.115620790421434,4.034128365744904,5.426539290026543,6.490143595883477,4.851444585099418,5.130151061985584,7.018096732835486,3.812398882622653,6.191235195180742,6.070857597912482,5.854317339173783,6.291747850732631,5.2805749659586185,4.417070504400733,6.094573291220567,6.1328422117128945,6.105313901493288,5.044502082319236,4.283805486386673,5.191362254111612,5.9422300175678355,6.024351789859965,4.570323872925405,5.31537289612739,3.691221695514044,5.984950103005851,4.216691243274936,5.785255359571547,3.850695422609838,6.031415906434008,5.32183519002277,4.218642304383054,5.691356381080525,4.409638308194669,5.749555037445129,4.725888524619279,3.2789528743703373,4.017583759519063,4.569585291312715,6.368189023748577,5.901143630529225,6.623861412322142,6.653635216029858,4.465249195409085,4.81151314024117,4.588720075669461,4.328489394698924,3.1585052906635416,4.985252281983158,3.7144344062888894,4.965828118465673,7.115770809562985,4.4906549036692915,5.194774005628068,5.906648385809283,5.280291291965907,5.2924841879422955,4.6375975663119196,4.7681220249387675,4.039989477812171,5.846045008889408,3.258508343385904,5.971088338382202,3.5963016152547578,5.962607274076652,4.646182473787819,3.7681313118669197,5.5792986450796365,5.9287675350757745,4.561921351896463,5.720610548678933,2.7149155053306497,3.6794037102534,6.292408930468729,4.776330725802084,3.1377866735511524,4.301133819558006,4.07659952747492,Dog
4.834038268527075,4.629249016192353,5.178931728938161,4.930533948387425,6.359739255037018,5.424548599719669,5.457671611193586,6.165157123894522,4.611231249570419,3.738122556641515,6.206970324632249,5.1358417481081124,5.139351207898929,4.366670078469763,4.383144666896422,5.846722338770844,5.98465579813761,5.783823405746658,5.792961605445475,5.569029537259759,5.1315227300781565,4.824620315679019,6.210323849941553,4.626279129509566,5.369979213880747,4.1959870020457535,4.3407009631495495,4.763845432142774,4.196061623272836,5.7978518254783005,3.6519657484549706,5.099229623381073,5.132508096842181,3.189200421680319,4.558976179476391,5.255699538048143,5.428727993294068,4.795692791399834,5.676888204480715,4.890683742763959,5.013652912075057,5.251653868986554,5.926999628734169,4.324281997584468,4.513178127481702,4.331103508270785,4.667802283858067,6.426234258079765,5.572725319329822,3.868910254831158,4.399553034411325,5.372767224276402,4.09349221906723,4.274659959185243,6.344959666174149,4.386624371526813,5.954666816029387,6.255323189530938,4.266537908831036,4.110037443442859,4.723867913518835,3.911372279326375,5.121033878502742,4.794348088146614,5.360580015886302,6.396943456232821,5.8174849807703195,5.489239775412356,3.0339515870320817,5.443375982102375,6.722627660704549,1.9894774836864833,5.6893825429756255,4.840641425243536,4.150204996977055,5.801128583911954,6.7097059006073305,5.775230728837753,4.628808048738474,4.056530175591844,5.144627633789543,5.873169292381588,4.612946973766272,4.709617008349204,7.822000249838398,6.0786519459597255,6.150128678393632,3.539714093941188,4.29281132070654,5.074681639454239,3.9988624421148504,6.600397298889295,6.4103123065906455,4.466454662615947,6.783918606607485,4.995747903280058,7.589389717389048,5.144686130525036,5.576192750328422,6.399903441169558,6.277633349807809,5.510732066135893,4.858859680556164,5.5141326999931195,4.183815828123885,5.152133718864116,3.890692467502005,3.2191183599196984,5.050426764139443,6.2622778906716725,5.925804641596059,4.918087704274392,6.746989698175496,4.430938609153427,3.0821673382019767,2.817898705799038,3.818809059404283,5.816624743262229,4.365197316532614,5.460958641857302,6.646283383583977,3.899903037422194,5.47849973179589,5.538963072655722,4.139262011526897,6.354210925245083,4.712292944450524,4.616247019086991,Dog
7.111613218417973,5.522766742366718,5.925290549685498,6.354892931521839,4.349526000540783,6.24982109705368,4.49810588500233,4.455376610661703,4.728000027691864,4.377935165055045,5.822156432657163,5.267210655145056,4.508775585382887,5.674505033154822,4.724817562613654,4.671929629635323,5.048683884901544,5.463460355666217,5.38984764937742,4.63675081774717,5.8471112074394025,4.777605848920344,4.345015511391281,3.531978351232649,5.983178480999022,5.0123900761940074,5.210872358510515,6.0458029156995154,4.522593768402184,3.6256007515258712,5.069780702215218,5.307961552080295,4.737150933839628,6.473737578076169,2.5138334322786435,6.120056637899783,5.791153650364226,5.456770777700459,1.6640984505309038,6.283888783270268,3.9735658893641146,4.492308021616613,4.829407335209932,5.407418034651975,5.63942804219255,5.892840554319297,5.815853510078516,5.252927204213126,5.415922659057591,3.9092462841777538,4.248973193180978,5.895460223674832,5.837209486728681,5.723799416444421,4.485583238343472,5.910492131943696,3.838755547519642,6.077359809862273,4.73912919875411,6.684170406340632,3.478557907934515,6.763404045918522,4.638535670836538,4.620520743988256,5.1948388189855965,4.302921087199303,4.927670998697693,4.262373734729145,4.298936469020813,5.486885950300572,4.098434504696484,4.231805764994518,3.6272087502535912,4.496069320038661,6.311602029723922,4.1540663598970315,4.2683667348127585,5.193921946481535,4.629203566200474,7.2281544333496495,4.837472035323743,5.3352183462173715,5.943768784799322,5.924577865862851,5.233287581557379,4.838872513313999,7.024028536379257,4.900239724685734,4.5583098955715196,4.354151011705982,3.2731967972932443,5.821615752237163,2.6519316028991735,4.99427715909508,4.795139365728615,7.239965192231448,3.1683487712863734,4.098896713015643,4.863903541318351,4.8024706625308315,4.4504554091899555,4.919012090597833,3.7404372711302587,5.357192878994939,2.6785146579224217,4.974230644122743,4.399643305736427,6.016287942756636,6.755311070633304,4.668947831249643,6.390725929141431,4.6838837193695895,4.03387347687091,6.74590363218562,5.520776444734007,5.0044385226098145,5.687177475098649,5.274215035130167,4.930780592058482,3.6735651726920038,4.729463262838733,5.623255423458473,4.87722857431319,5.902325761130386,5.383655023866789,4.1218636819145935,3.6808280421678763,4.842821500069832,Dog
4.475771551895413,5.336321809621686,4.28186234123727,4.384607674245123,6.053069717594912,5.148202968627898,4.297272934572707,5.01764180873502,6.378911243001682,5.293786688274722,5.59295080942513,4.2477654634725575,6.026419377134601,7.318102260463801,4.2085323574871465,3.8181060256280106,5.175542243835149,5.87550504984441,4.908610327949739,3.946793603957337,4.89141583821961,5.598092272777454,4.592968173053941,5.607255017754921,6.16471078523991,5.240230625770447,4.972052228721707,5.829343925226282,4.14389917256277,4.045290166307077,4.733427715071015,4.508120545185533,4.196658024709524,6.830468474998774,7.171993209494291,4.646294957744418,5.0917189497483655,4.812157179936209,6.107499240118156,6.305645561840047,3.2227362013103535,5.476010800065626,3.6931786588388515,6.758272157875278,5.440248030210398,4.176650461637363,4.7586786120621465,4.711022741733841,5.525112942885816,6.041912604177478,3.85179270802829,6.838754500912113,6.605690107820843,4.124676432408955,5.072801794362309,6.710808544114316,6.232918586677483,4.663256969952104,5.814339814567873,7.997198291719139,5.105159981851212,4.36735174855998,5.172419852091399,5.246552095497318,4.475463260999902,5.441625067814217,3.7455989402724987,4.334466132991321,5.758244776154798,3.2451291484577487,5.903167591994777,2.988018634294297,3.2686754211236853,4.501021256944115,5.286863842819351,6.325263603127389,5.057622763159595,4.75344639242401,5.579581247984804,4.129101179532066,5.139415159346406,3.80055374204464,5.082590516875413,4.8701636741505965,4.1957320785505825,5.165040636537739,5.158549653159643,6.175454012339134,3.3943665969372123,4.923951092302957,4.239737600296521,5.869762058176292,5.753912065192133,5.507879845068621,4.296166741930537,5.885470582940095,3.469869071256668,3.2646892964072283,3.724129000098076,4.966525189673094,5.675164400988294,2.0239675259904755,6.322742831879786,5.131112196178434,3.4322276524102246,5.100946970289581,6.09252541467842,5.599441015306259,6.099073062553966,3.6337533706028893,4.585994764861596,4.075307769476468,6.717580205044318,5.63936284348663,7.847009588957641,4.532390466582773,4.275325788317695,4.85717336140485,6.378357221422549,4.633880310624653,5.124437597906944,5.09669070288682,5.039496761202189,4.347601539537522,4.8627089320896335,4.819897398648642,4.9924353403253505,5.943516818152708,Dog
6.760628034624492,4.159565237330293,4.608006375212285,4.174988101593813,5.187101537222273,4.461650542489023,5.2397968337419885,6.1036269104447864,2.4741683141953916,5.491779889600691,4.539812951102121,5.460422267984389,4.1035305622498,6.196260988306875,5.913280618040284,5.568352148542643,5.793225717810098,4.254379532827826,4.3803762453107105,5.752436200817479,4.232270857231388,6.4456350466580865,4.676408928718969,5.501894389860622,7.09924951925509,4.293776645931923,5.068761750844783,6.054183164637307,5.951277388876531,4.672184689760642,4.483269562478146,4.766864067454948,6.447857766151364,4.720894143640053,5.078115692483465,4.5732135290765745,5.705548564795986,5.155525037583656,3.996566189241771,4.0311758859650055,3.001394433444493,4.168678590874384,5.793945803632172,6.323760538012268,5.685558363217184,5.554632200640682,4.87347395047135,5.774914554913987,5.286278223081884,6.804448971987124,4.9015546858232515,6.343008083736131,5.87411408181786,5.735443286204159,2.98850867453818,5.929189561547711,4.872492021090847,4.5560735055651085,3.5170869588220866,4.9944128660318166,5.033551596818243,3.6969980781851954,3.526719827106308,5.486619480128111,5.871705131061377,5.190282909922422,6.150834649684363,4.913615015648501,4.945648725599797,4.08297197125921,3.4397580224462825,6.854662133859585,6.131299050249746,3.6074874328615216,5.155751907831281,4.899953688896334,4.726007526836957,4.5909821521850604,5.381269146967979,5.818175525471474,5.402391169028205,4.879481625620806,4.84277328310888,5.936814316922667,5.463444938116062,5.0726894630354336,4.964098702399892,5.345270509612289,4.531651311440551,5.821538817308211,3.9241414381621333,4.588543490233518,5.611106095446024,3.867117186645727,3.4269914573505,5.06307767542924,3.3035418455535295,3.7011964459481383,5.756594118506432,4.795214742394264,6.285486949708986,3.795185659062545,4.906047634367716,5.3995845532077595,3.829485069871091,6.031761904499625,5.5106788831660385,3.3907129133125657,4.962258203791399,5.385956736258633,4.409943326471943,3.5201350944911862,5.27845878944741,7.2112429502825615,4.61301590084231,6.569241181284709,4.247711178238532,5.215545635009952,5.771522530876119,4.991586334028635,4.702264351118769,5.7261275213503735,6.8914551152692205,5.3005869246391315,4.483939823469653,4.810248442740317,7.519707645645374,5.134907116338128,Dog
4.405586301422027,3.8549320835174603,3.1740989058873943,5.36358427384619,5.654641992824503,4.603303820034793,4.985029581969046,3.829538290711376,5.132928464827501,5.481495320567125,4.464835732832363,6.69045266958584,4.162893673253088,5.283476604018983,5.848317219704605,4.922710499850617,4.811523181105509,3.5711338495503377,6.357341495716284,4.830106798332404,5.5373654249348245,5.672720487860141,4.371701507982247,4.8024713957087855,6.334482350743504,3.882802334259555,7.127918074757257,4.255127214723726,3.8204825433594882,5.132309020688535,7.208348264339871,3.089034064407795,4.858984281510308,5.476265017256556,5.033649958535531,5.38192167000301,4.2819669178277255,4.400278154068619,4.8515773528408,3.870111912097249,4.95531359855981,4.6112547063284985,4.529954814845132,5.320506412598638,3.1793405068006964,4.770909896616846,7.317353765614861,3.913890313674375,6.2855004964844134,5.054656120912699,4.397042191118582,3.6793583404701935,5.139681965285232,6.453397105814677,4.6107888548032365,4.919038575263227,6.010370850190332,5.340870791346281,3.4277242202754215,5.098887215855184,6.512234910665598,4.963058813532502,2.258510570522623,5.388214991591073,4.801543560455964,3.170905586078783,3.320791909946216,5.975107143288809,4.26761725440492,4.092503619264008,4.964361439068331,4.355797001680061,5.1000486277777455,4.79727997056333,3.800004419906357,4.488802201438615,5.442753321309104,5.041918040238626,4.918057517608169,6.937384241179385,5.731037525385536,5.852441264821342,4.834031592205076,5.220145190351275,4.568900010474307,5.777549765524128,4.889600095900956,5.2223777489305565,5.160611302155168,4.981833118594546,7.93818806715577,4.333380722505278,4.324288469841307,5.694096746811757,4.404831000924821,4.708593638651107,3.9135890466443817,5.491557919402587,5.504257244484151,4.684807940076555,5.714816688480073,3.1418749862664086,4.293146598485657,4.830020813789069,3.8277175030970474,3.251286962581278,4.692104034961553,5.694020087060742,6.282108391426512,4.452712116794627,5.733215837621594,5.6365420380756674,6.218608174334497,4.649808969645998,3.2014995048153256,5.070185852422744,3.986206259030277,4.276494890937992,4.698780855946818,4.661072368650857,5.141559266895794,5.7031563164196175,4.632264416724033,5.395697506608005,5.014816009930505,5.935494395878445,4.811408148893683,4.9210733242254445,Dog
4.625599552001093,4.837751460041504,4.216511871654125,4.117402713856487,5.775765385282725,3.916798316815399,4.680881910302096,6.015342786270996,4.647299204996393,5.828740453685575,4.408954279273158,3.948836393649806,3.4051741450991795,6.312724069272662,3.8631288183655847,5.747186590125093,4.000052973206618,6.3173839179398215,7.206782724615101,3.3134699403096635,3.915243565841186,5.773131863803225,5.5130429233658145,5.776921854760191,4.4262444495956235,6.987534161023367,5.118049466689774,3.7830374231564803,4.746851499957055,3.796433103771167,6.5909413585541055,4.339668737199884,5.492483484744622,4.529326855017819,4.3846126902374865,3.0897458187189493,5.598174602990567,6.299181252629184,4.084032418634848,3.454770885001329,5.803316042737829,3.3537586508937487,6.2195329359482585,4.095604877045379,3.8967072571753736,5.248462421131292,3.9618607149885623,4.29288891870679,5.353981932671006,2.570887662833354,6.6424192459283224,5.043640132465738,3.707033987596472,3.9827546307131585,5.9916463782608025,5.601052935074104,6.386780657285211,4.317257155195765,5.296583837150803,5.426567911783677,5.695267500252237,6.12728112343207,4.282736094155653,4.885829732239519,4.389850254419855,4.947388126643625,5.698432782062975,3.3459644997392974,6.109371569459285,3.8608178757362506,4.692629680302769,6.2439419249661245,5.328009717983405,5.33952994826366,3.819373954704889,3.9559140641761594,5.941256396668919,4.41085645451561,4.505088126700151,5.963951251054712,3.9500864546304726,5.269235132886258,5.0429073261676916,4.997314274136758,4.481564368122497,4.420144818536672,3.9216358362051347,5.482665026041307,4.331850808483264,5.968744621167252,4.775444958409347,3.9415495105789624,4.762186117851579,4.5891428008635256,6.009103411728052,4.630999810748468,4.723789618799675,6.4115467054924355,5.508267321463349,6.662706016003496,6.259045004063905,4.112837411637146,5.989950854400107,6.525303292074591,6.53281313232342,5.988095983576687,5.967522994909176,4.69733895632445,4.162617915650426,4.647782681102544,3.335210998567237,6.342795315421705,4.716707040582288,6.29133072906496,3.7685004227784002,6.0826249210022105,4.505119341820681,3.715630591690826,6.627118052159758,6.107311669340774,5.211792420185784,5.033937885134963,5.439510018819118,5.1946285779174115,4.207724045828529,4.587947730215078,6.960717832038703,7.6721567426280135,Dog
6.562668505230683,5.478223940162623,4.662250967298065,4.201814106103034,4.267717589569798,4.44673234131324,7.151164041425769,6.806282296382599,5.7462783899353935,4.039386823587174,5.893055926711036,4.761382971489395,2.8469905613558786,5.2871006374012595,4.158086959165945,4.191946570909963,4.7495920064319925,4.501677027057587,4.965743180895992,4.917669449982795,3.124190907152369,6.5202779888828335,4.01662327705132,4.047601614869527,4.671446748209703,4.891665152630706,6.458979816831839,5.269423452054901,5.566465484109535,5.274536187583282,5.231461582498773,5.309729503087008,3.067265857431061,4.750081515160471,6.1622611105711576,8.942331010806686,3.7956910674604902,5.423079960324353,4.428953422125659,7.047651903896849,3.646217239208519,5.62493949031588,3.59278890049581,4.681433331939168,4.965686669250191,6.069691681739608,3.922833173841472,5.663383048847385,5.018777723387947,5.272793386285979,5.958332714685141,3.7174433069947126,5.810594973148592,4.431095146910575,6.095873454976826,5.33455763453788,4.790471618482945,4.409974030909178,5.823294994355331,6.2609516854809275,4.467148459139816,3.866993434218603,5.694211042945225,3.5514690579662997,3.694487562417028,3.937299724472101,4.584549516961251,3.6636681107845552,3.0612000906184225,3.864555805662877,5.642474446572619,3.7284559278732328,4.65973032204583,6.946698462365562,4.95082586997291,5.342530989729593,4.053959981748447,7.1634748537001425,4.458705510861571,4.771895315548483,6.317058677967364,4.818265755146381,5.047888782675215,4.718311679210871,4.725167621942773,5.370502010828091,5.552943189198105,4.356751568787433,4.23391954385307,4.390863911142437,3.5987459858002318,3.409569741480703,5.297167147224908,5.938595803175112,5.871045293145217,2.6180087268633416,4.754934912956739,3.897908044407441,5.143737437820857,4.5821764811906185,5.591911906244588,4.980846909598658,3.103998105082111,4.03291412720046,5.0057851148266534,5.090110429231086,3.594323192295998,3.4635402964538784,5.056245337573179,3.5963326939494724,3.331370573499214,4.554859487368658,4.511553908661349,4.1215995226606985,4.2962630432750375,5.013835723222394,4.279837096320181,5.07069702166484,4.619531463882666,5.167650155386656,5.878205565436645,5.839247845390595,6.288210471066083,5.83814689689716,5.2385575315418045,4.566568362359855,4.612239077183776,4.12222269356419,Dog
5.004529291051558,5.697387478711935,4.2743323971169795,4.962782141336226,4.322637771278231,5.209354330187614,4.45061661605005,4.260489428705947,4.320033305067975,5.503328773845567,4.903250594669645,4.571578269999964,5.261404502547211,4.58548378253235,6.126517893685703,4.0261338463067435,4.813028487182718,3.5952347783329994,4.653125608109907,3.32036450229337,5.746316522559126,5.766503767005579,5.784170173724476,5.028872480174468,4.120129595289908,4.199659367964051,6.530172055220521,6.435677103799796,5.122555156950772,4.484365965919673,6.36862342269851,4.30549683861519,5.228849208095907,6.351957305398458,4.1636615003353725,5.829223585637112,5.52056079584387,4.960483457768439,4.006566400866884,4.275560239896724,5.2894510728506585,3.5766632051186136,5.13074385901825,5.5410509840616635,5.9852201728091,3.6016429255397773,6.316247297161274,6.695363494179936,5.410151567713594,3.9619514185753397,4.671890711639759,4.952402754881493,5.270463508730557,5.021981552643602,5.281165142894617,4.909253242660877,5.265107094512243,4.539476578838686,4.661813283017532,4.423974829523332,6.917259534504072,6.463900786174323,5.5552941900136155,6.325308997267738,5.798461338977883,5.181271159514055,3.4944286589803166,4.73783607987486,4.664962107981648,3.866924826907843,3.513837725393384,5.492719346567025,5.324504322370813,3.832603019932388,4.254121493563811,6.161222273154164,4.12230348648344,5.170798903933802,4.810221700432019,5.506363471062063,4.14389234734357,5.090083477540107,5.168722577345878,5.230180806229219,5.079073857962613,5.34460932059411,7.191770332050811,7.561297776771106,4.360783859213278,2.681757019647501,5.595495300721973,5.186252459901266,6.061041859183581,5.284885899715317,5.058603939525719,6.128906595877223,6.268780588413842,3.613439941219002,4.183393812860416,4.894407040711322,5.098437623924584,4.774016796647751,5.434207177861886,5.9961047893171004,6.7227097107207285,5.578913023772899,4.1476663215468905,4.852623774802182,4.924647758740443,5.514640239981159,5.388168033433942,7.05039665111151,4.538486864745091,5.384750533766804,7.354711397744092,4.4147931030963985,5.145148696170355,4.055119498875984,5.0820868996274315,4.219782851862359,6.046800903491347,5.147318859031396,4.0646027400177065,5.840567697791672,5.179666038871587,5.952818777223455,3.8523373720522516,5.368824412248662,Dog
5.773341694644708,4.576622509764263,3.740997273031849,4.9583925046296065,6.228115293780928,6.1259303306340565,4.571571565244423,3.7169145636235577,4.568820279650428,4.531522349268087,5.446446783304777,4.894998497095878,4.246735788262858,6.104263067260668,5.140425867444835,5.435415652730941,3.275014565868733,2.575735129302714,3.562454218555592,4.5194565743932245,5.576356017613809,2.657753129592702,6.5928520643719875,5.1705660267701266,6.36029499294991,4.114029917525872,5.503859934172491,5.085195929970787,5.817686313054554,4.766208632400283,5.473215209007589,6.1021953187712,4.348823706108225,5.24224423248965,3.1121377627776514,5.702503019063358,6.95466254346249,3.755563952251305,4.908618739572057,5.880481300914114,5.031417473466551,5.165099551493226,4.609000558476361,4.571847746912085,4.913305846414622,5.0416714221393555,3.8185587384226904,4.933978014053971,6.568533938709327,4.580866206411096,3.762745017125372,4.8485839320135735,4.2853871878757035,3.6616581746780605,5.139168461732621,4.289717962848922,4.375285833146725,5.153427380385389,3.4668254046376656,3.258430349748875,5.670872194501932,3.0691663992759173,4.023322304692646,3.2001604646115624,4.513863533151167,5.428058747651166,5.112337948732376,7.391873389457285,6.086915617789001,4.068842149843399,3.8029449951735894,7.706687940975501,6.0625720057333625,5.589369607269572,5.074851812215618,5.273521567475017,3.517926724517574,5.157039170196768,5.071231397459014,4.09586115689852,4.461473546431521,6.515176393443555,4.874825079705138,7.071171302533111,3.259320563512617,4.4778698137742525,3.4527214487530813,3.7905775461081657,4.171794294340703,5.315309626770591,5.266826171080387,4.320709680372395,2.772200442663418,6.477692873032153,4.714235283963644,3.883709829698861,5.274930781070087,5.204445170523174,4.677323535000035,5.148531015641505,3.8449701595919814,5.759912843176483,4.003132905243129,4.394430344696568,5.648801816151575,6.203958965010234,6.585774568046339,6.055798238466572,4.675927816198218,3.458966930899537,6.405055585602893,6.370695988904976,4.328023846646504,5.92118903782456,4.667822206069261,6.5012768835117285,4.485135337596218,6.978651287548503,5.786120547598245,6.797544844685987,4.536202730350121,5.405029604444193,4.030720801655635,5.843989252119196,5.899041532837124,7.397023918201187,5.482039797219649,5.724094202506093,Dog
4.529169623496219,5.541379372635238,4.620108791312417,5.1158607588419995,5.1745156615457955,4.64769512665083,5.062945096541993,4.624704830286579,4.620268874966161,6.076664651502272,5.175413641826411,5.347066272200277,3.542695231014464,5.42345833183039,5.530423463975238,4.601661377311247,7.0850296762606915,2.710772735815935,5.784367135770546,5.712804804954862,5.541582931999412,5.176212705638623,5.5506793226250375,5.868175479555894,4.2741124161680055,5.29919562218009,4.816683157976696,3.9062315997744914,5.71716997461329,4.4356395753159665,3.502141325220533,4.460889339298351,4.201101101906869,6.028479009190111,5.153193140558078,6.38238274568994,4.333443768766954,5.874169871896499,7.839622914807913,5.35603246712714,5.861648862323153,5.693517664225406,3.5779246725741736,5.58581729746745,5.306456320649569,4.7402526166016905,4.1159636257951195,5.693983240327037,4.0275962603893785,7.133645604681897,5.114169083488128,3.776692952213496,4.486003721671661,4.721865661710183,7.412376653923846,4.1154110531905035,4.883782736748612,4.462171630134978,5.499258485581664,4.478116586294956,3.8609433338602894,4.804705420203801,4.700606156667757,4.407755622375986,4.461189641102883,6.1846957978810035,4.6802597857324955,3.8658723375215676,4.537884036200143,5.0543356594653925,3.663730363448646,6.625977960006399,5.867579477506272,6.43017274361878,5.392128125487683,2.9063025498698996,6.5353337166385135,4.136431640290107,4.217813255997902,5.156325143955444,6.378229846670149,6.0532871339523995,5.906281120176021,4.688172947125446,4.672392473907888,5.345943667980067,4.8699291587164675,5.889317907329353,5.830117664495226,5.591341321172705,2.4740387182306214,5.127988363677264,4.891146119267299,5.168025601759531,4.245675361453593,3.675214089600775,5.46313847997504,4.643698682267938,5.5746929937075995,4.329085622315229,6.415910640492677,6.001064842570763,5.29682710854588,4.786711586614053,5.852408877798197,5.392547815237406,5.238584187930605,6.042865409559608,6.42653615440664,3.7475888155144554,3.9496158926501934,4.219739274521202,3.497575402356448,4.937251474430849,5.600116455244506,4.978581705047663,4.465878358387104,6.126457757129158,5.14055640320675,5.342982967366319,6.15423480489976,4.876758061148866,7.060214072624681,4.552184996128234,6.9979482045129,4.02526481808758,5.517484902880441,4.3574678311937625,Dog
6.119566116981092,4.521767392141571,5.2908711906440855,4.34945800395843,5.937225173666614,4.344248739360861,6.683414844742669,4.00400289303861,3.6543720816718532,5.951552078079086,4.408356359736478,4.992762686550464,4.677758846164279,3.68739173284731,4.923006335861662,6.264915894972302,6.003137003305565,5.231792762625925,6.1122682930351075,3.9404814153058236,4.674545671094994,5.395804940730208,4.869585173182888,4.753176669523443,3.7993562676789048,2.9186586113572885,5.817866424949636,5.243221573252226,5.901998378210093,4.562764057841625,4.287222115172406,5.006547966636634,5.854199648612816,4.768547785012346,5.801785184328486,3.9936919944069134,4.838552866830133,4.9298858559219685,6.2263899439219195,5.207627398015909,6.746077518294195,3.6523152000525174,5.12991890441128,5.1793980391804455,5.6200931975868675,4.186640063551109,6.684446339410836,5.012963941471759,3.912932487065082,4.9839750095863815,4.6868384771198865,7.783235142247329,6.0499435995250135,5.049661355708217,4.888083314800795,5.951056862481465,5.998862160328215,2.088450080679351,5.642993154733334,5.027966543978627,3.688856178213024,5.880214139624177,7.246188013558266,5.556795946827781,6.100428442256864,6.804119091964404,4.169737849279948,3.142428554833083,5.656866063309502,4.752388463558549,3.6258265476284572,4.921830063864207,5.72754737379062,4.8510283352356405,4.213172369264963,4.776492939703489,4.980523534698655,3.070517737373918,4.857225046829306,3.655659527855108,5.659025952021096,3.438957424413222,6.012692204550936,4.590834930786059,4.457024293227988,5.294454597301972,4.133965554776608,5.278745754130064,4.2678912253116295,4.44326548767523,5.405354169329136,3.8614192662656173,3.7356626982376433,5.248225507410342,4.973100147510616,5.168692744809392,5.327639236721421,5.057375553806981,5.608092623967069,5.097436286978659,2.992696100324697,3.2521154053381442,6.9279491802420825,5.000071867058863,5.950241651717096,4.654296094372924,4.94198490560607,4.546635345729157,7.465927331461365,5.253242422364142,4.465142094493802,3.348460286569809,6.973733442735853,4.8367216147716965,5.744229119561597,5.855997290306546,4.5371694765696295,5.672452775386156,4.395861713248382,4.009573637960584,6.164464692512213,4.8418106201778,5.518512833602656,5.410920993881771,5.637931960055289,3.443463065798375,4.41470946868363,4.675524842503575,Dog
4.168521327098509,5.429006848016388,6.186893077595897,6.345184655346298,4.6607952347901165,5.291965862457907,5.445643504490099,5.621256094203529,4.121864926927357,6.820580268264966,5.926520184346445,5.952649343692441,6.203460056900397,5.534135942265984,3.9726865769490276,4.861027268444893,3.3489466049380843,5.415072509699084,4.830786341834453,4.959477616473069,6.2040011300856515,4.543005961443541,4.7478768412279235,5.021973295963217,3.1600077505863675,4.733936344237997,2.5142050877138167,4.414478438104261,5.855189053392827,5.447266558251069,4.405179689545924,5.040798218223812,3.9250104328695947,4.99765659685048,7.93032028549251,6.8458013203719315,5.052622130017261,5.1601441649153745,4.020434685365449,4.19821089204895,5.362184322104694,4.475107434363515,5.904149594851582,6.5696856809777575,5.332620784781039,5.101737205839926,3.3192203750893485,5.74761024527205,3.856328698460942,4.58199087136658,5.959575892385135,6.029758164309032,4.533492472649883,4.591084465080014,4.300681126743328,3.8021462546740894,4.365204517895759,3.3868699810853116,5.683062581508265,5.394523605161876,5.560529284870513,4.0455959494248575,3.8049294364849437,5.05351427431356,5.064102564950225,4.852730172487055,4.7105167308121505,6.710775777694387,5.426025011792978,6.970678391466491,6.268965025431633,6.703270926017344,3.9255372336439978,5.59317099099803,4.568234511006627,3.336613288640467,6.496003169555526,4.706307474294371,3.9448983697333153,4.585436136751307,4.203775877226181,4.306302032383333,4.77839660981735,6.730815193044743,4.333682783455374,6.659270664219191,5.848836795979522,5.396271563586086,5.748120032251875,5.013655663837458,6.286050103863426,5.566980263267101,3.335334014974487,5.296251931889965,5.783973142992615,4.710998781398783,5.126255872713933,4.387142005325593,3.6223743439364395,3.44962312906876,3.4629320129311365,5.669044742470533,2.5097182916236713,4.333520073036519,4.234346714754622,4.717840464012536,3.143568450063797,5.403888094740618,3.726838605840101,6.132405540709269,4.378234312411168,4.904386976588079,5.003773856555206,5.244241052860572,5.037014377496142,4.572889451267368,5.343048530694043,5.466147130494954,4.234865332890379,5.426367818973557,6.191720302401696,5.705894196104553,5.932375241647187,5.171920848907446,4.063849553925121,4.190355540296355,5.319887967854411,5.94276372515231,Dog
7.785911913994056,5.981821944438604,3.829564242502498,4.232727427640017,7.278517315955998,4.785611068023222,5.0475146347612885,4.039583079590771,6.565103405574244,5.500333207320625,4.225398652114689,4.006174711142728,5.307203945897872,5.044206174880452,5.832110217221127,5.546968473127199,4.735519651231377,4.456198404538633,4.840057851701166,4.449319153343238,4.869804467195238,5.016440928619382,4.102069106619943,5.63067986209788,4.62957228553033,4.158115649714657,4.648392571718132,5.242258156620286,5.083038199813304,5.422118114904462,5.898346125075529,6.304940204008033,5.285486162688053,3.9305976127645033,4.7308891974697,3.995681615616992,6.696854073712282,6.987400882527163,5.650311197496343,5.85845884263903,5.250943193236659,5.366055915460791,3.4025457816708773,4.92606763474309,4.11884693765374,5.28135653753837,4.940390154611466,6.946821962346114,5.9166276887228415,5.284511982521645,4.733060312860374,6.67602145875993,4.97004535387347,5.3316739616352775,5.042249604426835,4.5958460942926775,5.03650622238552,3.0380331493216843,3.4522935987588124,5.349630541669628,6.568199690527486,5.3482211041441685,4.279631145103346,3.557146245932665,5.784527260475638,4.432804848984899,5.64323541855256,5.389865158065717,5.478300392254689,5.033601707353556,5.383644384969641,4.880545598743665,4.364693465631796,4.036500939483949,2.6149912020290214,4.81889043759549,6.519378182951953,5.730080092537597,5.227709118475958,4.265995005710849,5.997339225759077,4.880690688196975,6.574934313789059,4.018912736705318,4.250030472027344,4.1527300557803715,3.517881629565987,4.062955314808238,5.103216259765918,4.287798975149372,1.143624670759403,6.074273297420122,3.3159062706525946,5.589228284886637,5.031214589669565,7.1173728164203425,5.99695748152262,4.495395404515026,4.2979364376446885,6.5027276807992855,3.524128902898588,5.190879935918708,4.868879536750328,4.656773931295324,5.353513984448425,5.189559860508676,5.457400742791744,5.138975652363284,5.417681405017247,5.093365192931595,4.3405731127836855,5.0040012602365955,4.28561344029598,4.219623395269149,4.663849997282248,4.880576839264157,5.035225306347811,5.916378827363331,4.501535917459156,5.19685192647482,5.118027713943819,4.391371712533935,5.073740786206545,6.002721415177314,5.1865062168834,5.226583929027308,4.294671669057332,6.968858851204876,Dog
4.351643629677499,3.3322165394525225,5.860184120218077,4.885182960351574,4.696958179052925,4.454446219588473,6.871714624315838,5.354590278604682,5.549751221645085,5.162615623582267,5.270049613445196,6.3986246105594144,4.749145338772305,3.54306245447927,5.868054654227777,5.496701612242392,5.107979812885043,5.470753241547786,4.629255779705826,5.0206925828542595,4.86829974614009,4.408511742929083,6.189172783105002,3.5877413725821996,7.360882171812967,5.877362209206475,3.222024465297649,4.775833670509071,4.831454084096443,5.391886628942112,4.01062172926028,5.032025343368217,4.878880601877353,4.262381637426561,4.123247768528768,5.918804646702357,3.3034174599574064,5.477878936096051,5.797510306878124,4.781441661661583,5.052372839724996,6.163494999697381,4.2951484892759435,4.398347571110876,4.504516318900691,6.165325599223282,6.292293746884708,3.604109765536381,6.006240747311637,5.818908306347284,6.553594810449828,5.38510803212638,4.955739879721423,6.145216686571659,5.698903791501765,7.244898414148727,5.958707844961828,5.153547976423916,3.8258956196238287,4.419082822805882,3.564045021971984,4.784937963939137,5.926067593232846,4.996328911519485,6.021725268760073,5.337573733439013,4.59690771024599,5.087625155169964,5.472096691055096,5.139223398463616,5.150684228851914,4.230949892413293,4.567023734757784,7.258460796154644,6.228466490423543,3.526159103190284,2.6330310424936383,5.076192421448722,5.89347289442599,4.480058162577793,6.021658728197938,5.059654565007084,4.836938720273025,5.756115176175181,4.468124207097731,4.713293678196347,5.670167262130463,4.968604062933975,6.908776273377736,5.693825412856018,5.628813828332762,4.950495353934932,5.874754676709606,4.677392227198354,5.282377751199515,4.08370695299544,6.039441392230591,5.2906046972617915,6.982513063697876,7.3922983836697576,5.763319451433148,5.068425311207903,4.053935487874432,5.904749803258825,5.210284563895228,5.538034839154462,6.729787387456243,4.175576711336653,4.075695831518663,4.76357406162932,5.821201149751824,5.554867240214488,4.104311488304227,5.7565529007024825,3.798787181106737,4.162258325651142,4.88454268281081,4.44656875402478,5.889859488650934,5.286378483001094,6.76556117762726,4.752814634645586,4.877797848959257,6.210382609061763,4.909079196876204,6.494005247707546,5.5408282103844915,2.647213530114641,Dog
6.177570414149464,5.912726813119809,5.951332606110545,3.0890216214547417,4.337010038728953,4.41129516644323,4.158878632439608,6.741922531893938,4.988232162176366,4.963439057370829,5.552008310315779,5.569301667889382,1.6651072893741703,4.353642462850637,3.587211422208723,5.4003060931548195,4.711107585665952,5.015387564501268,2.921480251109477,4.6901477753095016,6.115130251832815,6.4094494831021676,5.7188634195407,3.664534706551881,6.259401802992124,5.724002255000016,4.8828109659354615,2.974963685490256,5.9535949506625165,4.407833670016621,5.346165821054781,5.068393860636663,6.538394984438279,4.874633014002492,4.984886409914052,6.57861539047863,4.341777756249812,5.814322851407777,4.801384277121536,3.997458037995071,5.001160986720873,5.691705113607988,6.353709839976512,6.474693985345683,4.705235925774467,4.012750767967787,4.681261100422521,3.8184692466698444,4.782613800583495,4.658334716380241,5.727490204156766,2.7940648200856217,4.266392053913361,4.274481695558085,6.187127252408025,3.886155622598983,5.226657359648994,4.871871585580219,6.043042526836382,5.595831864510547,5.121243731820379,4.445333125411931,3.147657496890124,5.247085655687405,5.530489798529873,3.425132387525347,3.7663058356714507,5.252329973371676,5.33914168620787,4.00935268990794,4.425935286431962,3.1635111614295734,6.377263903813233,3.7001255926315477,5.5422593912485505,4.96503930384662,6.289593619624759,4.207745907225243,5.061252710340387,3.30157309076265,3.0614731630602465,5.596333583865474,3.214974160930298,4.771782465565469,6.01129544797292,5.74668485609468,4.335414512051406,3.4114968635918275,5.509494861655528,6.342256782860181,4.337761921334376,4.196687141592884,4.475098037131001,5.571608710807116,6.228517606414913,3.760393188619478,3.501718190675347,7.339996321932448,4.822677212109961,5.252892795690309,4.308069159382361,5.489962309452716,5.960060874701522,5.29979617157293,6.740858077014435,4.673255410058908,4.7371175269646235,5.231406351277416,5.464961645506097,5.227947262062609,3.7155849730449093,5.312515166195562,4.6258264151965625,4.419022985925355,5.032482054753244,4.038477312670786,3.8646086761267684,2.3845310399961503,6.747237328509891,5.555731319103002,4.883235878693695,4.332776763113352,2.123967717953583,4.2714711237785155,5.715866337164076,5.942174303593869,5.642291993603301,5.158391955752468,Dog
6.303874145931379,4.67146277791146,6.085188916134362,4.6154175562797874,4.118858691122238,3.994287019577479,3.9355035788270474,5.659068028802485,4.257254428902922,3.966971154965056,5.71373521966136,5.327970390472233,5.962591982845802,5.512599511272798,4.246888419802688,5.076102416468587,5.125132990769678,4.080841341525998,3.8953750259060076,4.319278390882295,7.03658235667208,4.587255905778451,6.232866791386714,4.531339490520202,5.888838819539992,5.9024916555578475,5.952590507952045,5.387827342008959,6.377366578781151,5.378353969352728,6.71352972934028,3.3800801968115666,5.3482862476668185,5.283323592535666,4.063480154194509,5.579584221763739,3.509917324423382,4.345815674239671,3.000912187102192,6.558626516962814,4.768450506054704,7.166884034816311,5.802949926519495,5.448098213351025,4.413772305719001,3.95364996431258,5.522971573896945,4.928485990727018,3.660729684514699,3.4831415834916815,4.041296270856416,6.82096722526623,7.213277918011304,5.204989147308909,5.148942796241289,4.663679628170479,4.065514651690497,6.3751790576072445,6.873576393897136,4.106580914160714,4.917161621575398,4.550133699289832,4.579760925135023,6.185908255429862,3.6880384546338782,5.466469690936306,5.728238107305866,4.857848826398181,5.893067826986773,5.14765184053745,6.217129921156112,3.477794695074146,4.651224738993131,4.928186857148965,2.327792615528651,3.9140472664214654,4.186400745641214,5.94820599482335,4.2931566536854,4.181921012694023,5.817485780656192,3.3820893542099455,2.928755932556428,4.638407699930654,3.5522932319216447,3.5903207053403507,5.573433791687982,5.875973837912579,5.788864215852125,6.108776660307233,6.241134320014802,2.871409791173069,5.4504119599294665,4.470391800430441,4.252575754009564,5.560414632208706,3.2697045201042485,3.2488913941276802,5.633572744081717,5.4877860175108975,5.13673265587151,4.120086595276863,5.7438296345821245,5.680302892060476,5.085304515047454,3.8226789587302283,4.574751654270493,5.837833677524443,6.327191222801787,4.673463396623672,4.750327032191738,4.838310891974939,5.274893008910972,4.418932699939976,2.1058149424284163,6.192769001647097,6.794688947162549,4.387600140394287,3.9333466310812257,4.862899477609778,4.812496116271227,5.99551857716296,5.054639441645038,4.207377169628817,3.681590549441951,5.865634184819673,5.599511241164249,6.060559878091819,Dog
4.0318132492789065,6.838436899528329,3.2563054929427633,5.70960102140148,3.090417232803098,4.209668618301532,6.561022930447959,5.831364254475989,4.453779584512818,4.481162957178312,5.100622110835442,5.514140990760723,6.251579382682697,4.543765995391506,3.3882149365127985,5.1569686270487605,4.542569162491605,3.6993662952515525,5.297668915312794,4.786886245907211,5.306512206469795,4.105555799812819,5.486710530325499,3.682901803245022,4.172268610303417,4.757085768912722,6.741818414959714,5.784825368548494,6.0771925042677895,6.417077033343144,8.602832135810873,5.041589067558434,6.420400923129856,6.012635254401941,5.996032503307526,6.774239618040181,4.580686969015524,4.501314976063621,5.319765513481862,4.817300228078113,5.318500852998173,6.562748785053012,4.521853277293721,4.69532103740627,5.174311003526577,4.77168157397483,3.0859941719865125,4.4198723573010605,5.687373242237505,6.437546750932647,3.8453814324622733,3.840717600769157,5.030233802717335,2.9244049351221633,4.555029797012873,3.2639579404486065,6.369061299842465,4.230668845649595,6.652834186339027,6.113521353458339,4.353682702302583,3.9280403631539222,4.806454250832411,4.895353375741797,5.346146943952402,4.223456710469821,5.746394873522203,5.2653280549999,4.659604843284136,4.287959344581977,4.815115016901314,4.183098748172431,5.058438694883588,5.08543868521991,5.26170728347634,6.766242409671854,4.867555280300428,6.004597867124483,5.229587396975702,4.761755698101546,4.880840730048766,4.94117359083195,5.279767707728216,4.04067923478103,3.5346596165550332,5.654297393474275,5.898123832581259,5.745635832802803,5.154972018556473,5.767224627453289,5.713429026017142,5.787629358954955,4.140459178657887,3.903048202845369,4.611430753247729,4.982615890457344,4.758078872867711,3.1233096686621247,6.721692612135142,4.725954011114265,5.172704416576954,6.244548990763059,2.655027730478795,4.488306128088288,4.612882726420196,4.663689954549356,4.826513409286047,6.447134798444845,5.673458875727222,5.958035268628829,5.047120271810924,3.6006269538544986,2.920302964853993,3.470592276768369,5.359765704166019,5.031769712697635,4.789836352443992,4.631423093259864,7.011721575442747,4.177096409023526,5.927819456116059,5.001912936020994,4.939060488214003,6.176637548616744,6.462530382691445,4.760450543115162,5.7992027192421425,5.363891362150054,Dog
5.007437138809915,5.204254942657026,4.311991185155162,4.693900606668915,4.419364720247294,5.90137671642892,4.904798884458938,3.7022859753849615,4.276562776836912,1.8007353547878218,4.505507398117851,5.037645065097149,4.8638641511330265,6.980154351531392,5.574906040915037,5.530451853089151,3.356730965429722,4.635357945882867,4.513337192676304,4.213918801191992,4.200119334486653,3.1918770460583765,3.7241467953186715,5.874093402764949,4.857085308006818,4.493597581725666,4.994588665347292,6.167390678701151,5.004210520875786,5.540374130931038,4.153395157611743,4.381370049253281,5.353976885063675,6.8926537083371135,6.429774859514874,5.582828069456139,5.151433760160718,6.401069355627171,5.794678323045124,2.706337977629339,3.946069152144778,5.338140325357932,3.213032434449028,4.102410995243138,4.300185056342026,4.743834093754167,4.7125697917737925,4.710879572833173,5.825307517240313,4.734776134549466,4.6153698679287665,3.6508278958564837,6.024346201985825,4.328502486052514,3.9129696719987246,5.213090574868971,4.233058737616937,4.4740472602057055,5.258460174319069,4.673517376220444,7.311609375300634,4.925171456680802,5.617838218879222,3.058305952507055,4.13935086808527,3.9130863050832874,4.045620276697371,5.4155379938370025,6.0355650677774095,5.344630504634511,4.773355376433691,4.369144961287581,6.113599751186509,7.071255454154862,5.1350557047836904,5.939363064071572,5.3433703497954745,5.755504906465589,3.8354532218898836,4.511863719857876,5.395469440045584,6.2124909440819795,4.181865778362325,2.966700888959873,4.501735573558751,6.01013071434825,3.4161044089121506,3.8230801078684156,5.155918586051112,4.884028747238536,5.594466481553227,3.7712732395544206,4.675021405831332,6.195185402403098,3.807103806363216,6.476912296310269,3.9325830141113114,5.849381577377611,4.627041489786874,3.855091742361023,4.503100952847402,5.544929188178994,4.9931460050985095,6.1184694114433436,6.435740060934881,3.81696933468215,3.7437308550896553,3.6952062263791583,4.100803903951981,6.1042145208197445,5.560361950666735,4.454972427077569,4.988897409377166,6.404305505165938,6.908010850979119,5.259384333442802,2.3407188159526013,5.297287094759973,5.934748129541347,5.224632315856075,5.726514918734784,5.357065374460384,3.7653545825181345,4.113761566636537,4.678847812869844,6.065414778238352,4.234115931679379,5.455902633167647,Dog
5.3036925939211965,6.5861972650791305,4.9583202218705855,3.245241581723741,5.646870464896778,7.138055211634004,5.712383344866456,4.212338408189593,3.9180541208210355,4.047031166492594,7.003311880382046,4.672672559478564,4.337356606171973,4.841563355872767,4.683092951394298,6.567650359787503,3.985522508983697,6.180643231660447,5.122092096451085,6.207026513427685,6.582619043734051,5.084797633913095,4.684936390400834,5.066178831865103,4.905229327994868,3.3430335442612718,6.552480373785073,5.24578501738119,3.8369008149489456,2.9324766798015913,2.672400767069651,5.770480436687503,4.381022431592905,4.545099331894867,5.4881542645388235,4.483951843898222,5.546524416053513,5.095264064376716,4.915870416850764,3.427249594308511,4.18026864356114,5.602535365586866,4.317978185135948,6.205369555784491,7.3464013239933985,5.656385300841323,6.4928318913651575,5.720727238296068,4.465737977327812,5.200151664807425,7.013320946097442,4.476446257372549,3.960672701121926,3.8658055768847306,4.782470616166451,3.996527911356938,6.674019427437237,5.216356534591288,5.971726309760503,4.701334609420302,3.8598028022438817,3.6906060545667225,4.092008257821879,5.347525494026711,5.519882931767948,5.603196073058685,3.511327316218143,4.99959081410173,3.9739381691076074,5.401465967584528,5.479077055497452,3.827826952973562,5.968029607196348,7.338822941528244,5.834835737584663,4.837165960448895,4.6834542967902575,4.790936018327492,4.23926615322299,5.25239820665205,3.8615374088456957,3.1103022134020994,5.219601681813549,5.021233065775821,4.428829983562806,3.7173033773896336,5.289744026914034,4.009824961429549,4.8610556491346655,6.764971854126444,5.651189769575384,3.6308673376183034,3.7251484289876977,5.151819092743759,3.624679317940979,2.9982745187657134,5.532372011296723,5.3209357543208675,5.450598331279132,5.263035181817904,4.934689288327605,4.337811452323339,5.516134966087943,6.529883488405151,4.498770992556546,3.9792597897917013,3.864880580588761,4.133269766666283,5.202598524476074,2.86037243644644,5.439170424432326,5.643913010296156,3.2019216400571198,4.020819563722401,5.0796809798454134,4.856530269695602,5.5196374682685905,4.8588631784836345,6.264769526774965,4.678830600956318,4.016967013280246,3.9365581337382434,5.735468509281689,5.029621141956916,5.6337159007251945,5.613122499229185,2.9801501472361593,3.8599173989765565,Dog
3.9793749594961794,4.1839358115082375,4.579644673423474,5.999149594617186,6.198482352383899,4.707109169797003,4.748719138675256,4.294566275942714,5.089187697238544,5.202520882733936,5.806475555002265,5.798438725982553,2.6978819489309487,4.847455052362882,6.384100030890104,4.561885072695083,6.139241818363288,4.693548199988811,5.174923467441964,3.863109307600851,3.900751442433485,5.725491572263015,5.881818280200665,5.0264289062004925,3.772475757361609,5.043804556607214,6.257234960674277,6.74286647005176,4.683292067674086,3.34013214974221,5.840363599554779,4.724036903544999,5.94304064156104,5.28107222501762,4.11655589423815,5.058244360659381,6.308338367054327,4.850846011032756,3.9651948365546223,3.4113558314033434,4.2278353131353485,4.589863738229018,5.819999135917259,3.8791507321883785,6.5537518857296355,3.6628477891588087,7.331486092556837,6.725518556754471,5.141166249387992,3.3523064652304075,4.944575938017578,4.6131590420134945,3.7257127769490763,5.291009627247442,4.176356870144356,4.2850941529504185,4.796321365427644,4.425091171294296,7.078156617110029,4.46428536700045,5.440881011394476,5.145522492210362,5.352750225258872,5.429088403610932,5.881361486606123,5.266446075618642,5.22489579488632,5.0584770684681395,4.861582147660026,4.088202118339323,4.939131622579799,5.241267375265533,5.402164556572795,5.180284772990237,4.767044986551467,4.9429200968041025,4.446353515449208,5.313223991006564,4.778871772085878,5.18056093819747,6.000803043382552,4.29064109035758,5.596695380910484,5.033210179885373,7.021193599580755,4.783699671536491,5.695164583151066,5.015353451755977,3.6116954916865063,4.4793109044808554,5.880471105428393,4.567305539391727,2.779743685160386,4.968596983075496,3.9076637020489895,5.131817732596719,6.551147081398018,5.7694573108029035,6.536655828739978,4.438487978555509,4.856833666364468,3.9555638031922205,4.315956554959905,4.07311516771382,3.6932770307880425,6.3658566253313404,2.9080397049735778,6.3701389048045565,6.246058924920231,5.499792675478998,3.8854927319059307,3.417824888556793,4.451596318736436,5.625120456339924,5.0030636374406745,3.956500504905242,6.14820478465649,6.6843833281815375,4.773400835985402,5.109336903597345,3.491151316370504,4.5856132838909645,5.510439978000994,5.354856540257778,4.492332150790293,4.725756491523553,4.552789263455448,4.721535286281615,Dog
5.4232348025181265,3.0324629146308775,4.925650485192078,5.349975535625689,4.429515314358923,4.520666956035119,4.549605559184551,4.52095002646284,5.005883777850373,5.129002758013784,2.8994856837662004,5.652880371472288,4.710001115653041,6.932963175468534,3.8083514611012914,4.1326854912456685,4.797091021416739,5.413225449686036,3.0492326726284986,4.1708999478838935,5.591320160573844,4.051876053567457,6.370026376376227,4.546116401150928,4.100626798658103,5.610244257789519,6.6076173868244465,5.416396258743896,6.260429399223258,6.676635340636963,4.0781413200724215,5.938391334059586,3.4765294906964526,5.424902531786385,4.928682109485181,6.242950203042062,6.172251512984841,5.5697833505344025,5.298427899482818,5.508368676721951,5.061770871376545,4.938804258892096,6.442578172252443,6.562889819678176,4.858340802297793,5.237636403010745,5.081655224772774,3.388301558062805,4.663564422387994,6.599704201048103,4.250224124968189,7.1145434623013015,6.172126309589382,5.4014981505462085,5.5608432859764205,4.082793303664975,4.7347712477752975,6.441399110321759,4.385470660826466,6.061131756948799,3.622959810562942,3.801841587524989,6.901384665586316,4.988162853759675,4.461500113005659,6.362740826998962,6.245821554963504,5.920754565257239,4.430102080587894,4.713082424062325,5.31162882372473,5.694399342147237,4.491516425981462,5.1707371106206965,5.2673913007974065,6.286769756375254,5.754465828935119,3.4931983551647092,4.786369691514614,4.0712166300165835,5.568087420611674,5.923153350505045,5.101555985610244,4.73187296937215,5.069169793035983,5.208919273477754,4.359900348283093,3.781288899230635,2.949860957444647,6.267182131738884,5.496366243634966,5.362511011344172,6.265198887952949,3.744531990307583,3.2643691241449813,5.38423191651909,5.29327137544343,3.2686931903272463,5.359521062140472,4.5997770476004325,4.192911940262419,4.666576291717587,2.55847142908153,4.408625776608062,4.295705430515795,5.55710244693614,4.841769863489114,5.638868873678882,2.4504606552633192,4.160901777428952,5.555997051571444,4.691135369426845,5.845460532974367,3.1953970906107765,5.7311108396894745,4.36086078221496,4.263802915617326,5.991047046927452,6.161901129956506,6.034699696087282,7.038641925048266,6.266803608443334,4.2045634162677015,5.14163812813565,4.639802091515065,7.029089859949066,6.104869954698709,4.811119863286544,Dog
5.877909797753002,3.767801533686895,5.250261737645473,4.062077507396916,3.311407799372593,5.784536237529833,5.9085910951875515,5.457212636211986,4.817032959433499,3.7336413451535906,3.8386531292827524,4.030720020261203,4.766326708275076,6.076178733604915,6.0604042110786525,3.351432400387123,4.306766663283053,4.279838980428162,2.4684168714987544,5.5661209469499076,4.7538401756814785,4.886857463369024,6.345871058375638,5.088309013284357,4.569269535033982,5.572077621004944,6.0588718465755615,5.296467566049225,5.689189598698149,4.854432350257116,4.918142253640338,5.113020710298828,4.2468790495673385,4.431938385630399,6.377879641818474,7.007956095862321,6.59219791403818,3.6767426432314525,3.5801424654150273,3.809290568054839,5.134387441879481,2.1912754076423364,4.411198433380499,6.407099289161113,5.982438830728908,4.490905349426493,4.5666445588293625,5.567241706806904,5.9352687552441985,4.46686273226024,4.765633978280563,4.433990271479977,3.668650558624786,4.7802562519781855,4.704072459791236,3.7393558840113443,5.64608093763773,5.48332067862589,5.695719700845077,4.231929644535632,3.016424321885353,5.4673311296456495,4.335887285370287,4.109331866754299,3.7429469253565575,4.724677471912846,6.5773272970504735,4.494550478644485,3.910196955833066,5.651933401030028,5.172812279771284,2.8806986323117925,5.662346319753286,7.128467768501601,2.3994640725709764,3.764293975977876,2.1514729113483937,4.924695579259165,5.990386236611353,5.105500749796279,6.3919956981126695,5.830550290330134,6.702147323502177,6.160210768107095,4.597056931390496,5.06672645623484,4.1313230845190265,4.769343831131951,5.06183167201812,4.915092676464646,6.34225352630361,4.66983193749317,4.067913586442643,4.130388965096813,5.655100271622531,3.5968615919110003,4.798813829849083,6.327500245455421,5.29259844574083,4.925394610881246,4.96408959636157,3.970435407772827,4.142865289565459,4.804818327085423,5.271273030109294,5.9481500118021104,5.092560617171435,6.352774175754248,6.605198015209525,5.795267212482203,6.224981408055885,4.009286478611906,3.8508010653119378,5.517973376290166,3.6587901881329525,4.709628155984067,5.771191905329739,6.413372924685207,4.7457843497119345,4.350055704692309,5.3204616215115825,3.9264565564761105,4.826721351706573,4.991999951723718,4.972016007329205,5.088503473817882,4.165485144427858,4.273007007381583,Dog
4.2528837389673795,3.379905660804943,5.341830321846106,5.894657451692005,5.796310082853536,4.737503139539245,4.188994760536112,5.744314642362689,5.638923022374552,5.217420642436296,6.744311252423273,4.973574478632937,4.743110016075112,4.6001826689254,3.4391222935191927,5.661339964142292,4.894514632842223,5.509931241356795,6.84187800209124,4.609248230095383,2.6619912832084487,5.481070369510772,5.166859389892675,4.26754612402868,5.397266335621498,5.786096320104376,4.0533900897884525,4.698668138596617,6.476753729848928,4.278377808770635,5.066669755413785,2.3755888339561153,3.518154498918705,5.157517497332799,6.227987809585601,3.637970317998999,5.074564062060497,4.624282090946283,5.953088054992493,3.782196694677415,5.430077648367486,4.346309313003743,5.223038024826475,5.068931052308472,4.748220925857382,5.477811846269384,5.043652734302961,4.867193697923305,4.643583465977257,5.0775983897453365,5.222043548146072,4.010857919919379,4.650528762082623,3.9448140553688273,4.960154577219214,4.407667795145972,5.7707831479812555,5.67272697775669,4.07725143643563,4.997692654601525,5.638516579248364,4.824691679835971,4.271782475194455,3.9075964719552045,5.854267561578363,5.9027131482849695,4.792052401125951,5.766137584526677,2.034789470114659,6.327554650709236,4.8430551947228215,5.141776560799489,4.6794822763340305,6.395707481867506,3.939268376044466,6.4744603266068355,5.396270920945111,5.622664215918158,4.670795436671084,3.6917808021036294,5.930510765536101,5.311408351189331,6.361623458308817,4.806223679784302,4.580768621101085,6.388088236640302,6.911894164497444,5.00934717636573,4.2472425031428935,5.810530762789549,4.7459794338293255,5.599262825400798,4.740724025621247,6.564014018211813,4.3005104949493,5.48052966252196,4.511298029767876,4.718493438579231,4.587944345239423,5.738608066093415,5.918363114933871,5.557738828932371,4.892016533254729,5.140180031001592,5.897721568459425,5.929311587207605,2.309724368646465,4.727777828227304,4.775741208560515,5.669252564126162,4.933229182289255,5.719183380949287,3.9213392289694475,5.26005451546078,5.900205653450494,3.5256171306818516,7.513643468208903,6.19088593286652,5.001353302465642,4.171591892761231,4.824914849726294,5.08380235961134,5.440662556812048,6.500660849460031,4.523901530557154,5.562709837572561,3.707570837399887,4.586399285674733,Dog
5.376716847869359,5.691262491008804,4.2467675233353805,4.559208303988086,6.460556635583545,6.161908619628045,5.208457217052366,2.7633548467792846,7.511132547690009,4.980068438342755,4.687432941978673,4.477640074145885,5.376367037199109,5.38658258917093,5.950627873126512,4.0739378356509865,4.687505121858739,7.030545723224202,5.224590633249992,4.8274756266732535,4.058382234416298,5.505934305820752,6.031018217042444,5.874587645809807,4.741199136391083,5.3612522833635365,6.6716594366486115,6.0708822921714685,4.2158372578066805,2.4539949353785304,5.296772507084235,5.798568126748433,3.9107755081267372,4.991210477877222,4.7363009341269215,5.104286322232199,4.455303712880288,6.290510997627994,5.147968880632763,4.12098311383525,5.91746215359372,3.735812404008295,6.2844943775351325,5.991059424222564,6.389775295320786,4.841753627558385,4.5038860202166235,5.084021760933093,4.915563213644469,4.347263714436488,4.446376685874357,4.633627152733536,3.8299963135601374,5.677963289599335,4.947702862428994,4.691621530766353,3.8896458390583226,3.839627022332535,6.935914050722412,4.37274253713843,5.610528394209327,5.162634469900177,2.2248115388918976,6.7924508231385925,5.684083978776116,4.232329845695191,4.971633495570405,3.8508166325963344,6.826220478461134,4.092342291758536,4.476916003305341,4.270438921852409,5.0803794002091704,6.370316500139314,6.789374449095158,4.601003855777703,5.378258982317923,5.0819054126040735,4.018390735555942,7.422555574595944,6.362759562296255,5.189115849711035,6.5818760934989875,6.212106712717805,5.081861341081756,5.325963605327993,6.512126142376654,4.05384641887032,6.673690697321339,4.774887439314884,6.524676742847567,4.99477340253718,5.337606222472972,4.965691643427541,4.468156377188772,4.729945101855688,6.379111403168567,2.6858360173275315,3.7610340551951627,4.274528290641898,3.921655207563979,6.509979610415489,6.257676977853205,5.592031809394616,4.362195932522464,6.335051866794137,3.411870074004456,7.141982640147936,4.315370202822449,4.737964778158561,4.570656149505286,3.926892585901323,6.925113123936919,5.788894630784487,6.215470542079787,3.776330727939229,5.180937827004,5.521028689331404,5.270756523549843,3.8396265489320003,6.075500021130637,5.121550082785155,4.045035964356997,3.1447494604473363,5.60666651348988,7.4504557341315,3.9847457266537187,5.170447050412966,Dog
6.110497279091577,3.730347733898699,4.520043230914975,4.139841220738598,5.984676694824546,6.325522569354059,5.159036264731735,4.158265931005899,4.557209062072152,4.369501485753247,4.022731138376994,4.897961799181536,5.5748264844618625,5.4902574444285195,4.991767635430489,5.0570538368253635,4.918449204910221,3.7027884608337267,5.160134896982872,4.41637441454535,3.6526567808405623,5.370705567115584,4.388269963581455,5.227753921258836,5.847637815069428,4.049761278854768,5.092121282072972,3.1895771182696384,6.5325330906092764,3.640933503111218,4.485180337602626,6.338379903763958,4.765477073919014,3.8026023136997,5.713073232286535,5.690532462151185,4.366813660634767,4.475073479219601,4.564591029381914,4.792976039313968,3.107028923078193,4.818576138881901,6.783914198183148,4.104030032763296,4.416506406530236,3.816382336803604,5.612161926395354,6.2031973581423765,6.180317839177625,3.75198941110634,5.49979173049696,6.433750034214236,5.509663107710123,5.478409683343776,4.528357421364841,5.220109823793663,6.236318179706405,5.328208968428764,3.7517252439702737,4.543958325714028,6.209279538888993,5.324743320351096,5.1190620782430765,4.4459844667533,6.188599180534435,6.662412597822257,6.263189123018033,6.442591621445373,4.641293759233833,4.499830902626096,4.843654826500814,5.038573241976254,6.431019780125256,6.165886739468417,5.538469387254494,3.568813234153113,3.311978155403125,5.240462744801703,5.880263205600716,4.920432951013862,6.914904504978405,3.9175589562195645,3.791648050504401,4.3357190255256794,4.297702786808764,5.526285868681979,4.578288148156497,3.4521595387213386,5.891578456695116,3.2400480739278703,3.9287817769892905,3.377293429256131,5.207121277070874,5.186047712151212,6.916454321016353,5.913826656145551,6.4416461833422005,5.2886096512984935,4.023068178909437,5.128107601993496,5.592421007387307,5.703807382251575,4.527587855891658,5.488786473782399,4.066972029158736,3.956722405889283,3.884215288614515,5.024625988556797,3.8221636449236964,4.575255610128992,5.902916551413958,3.970870321921695,4.495687966495683,5.07163127677617,5.246886901532267,4.500709409194439,5.786860068735157,5.590452300784724,6.139856604361703,4.91839807565294,4.487181190543657,4.317367977987878,5.307027517929363,4.622844217188727,4.43083022231921,4.551712735754678,4.316309514875748,5.199021112762732,Dog
3.587416817455939,5.303016292474963,5.676548760402951,4.4191208618227025,6.9220369396065475,5.017621310976853,3.4386570169001116,4.71875709366333,5.062656144935796,5.4489675555702135,4.7425694758891535,3.9884297242956093,3.9050193818877172,4.346400714818329,4.442224637481237,3.8650258351007425,4.267186838896301,5.659458524439355,6.648412607694487,5.755461713870963,6.3058610861868125,5.974118468233698,5.833130328398345,4.662203736942672,5.140910878386947,4.579380657543979,4.780892837666373,5.068167100386586,5.713566151579027,5.423323381515123,4.838170736985644,5.0555387408916665,5.4334636741935265,5.667394438057835,3.4810048367427973,3.9226110361010633,6.1073105339393425,4.939130430068942,4.575923406633021,4.736500527073961,4.736294694423446,5.557937781524374,3.8919836060192328,5.024777746496762,5.246117729450404,5.396267916565503,5.222863996210293,5.5159062303140285,4.427303848941687,4.058197267675045,7.457004443250513,4.698735315425764,4.815545529345432,5.677840097717884,6.596089292194241,4.455471883065304,4.001184731810475,3.75784664920839,6.593106221502925,3.961893013538966,4.972444063484433,4.022715167957031,3.551644082041696,4.707624646906314,4.06221333365884,4.308371574576687,7.006105097417404,5.424896104172403,5.931469519553989,5.824659562849253,4.899139076920975,4.560281640622376,5.248934611861117,5.168450769932495,4.431194582834692,5.12984783046686,4.293670293303708,4.82854206935916,4.664716525482663,3.731127407394221,2.64884178688783,4.060936750060301,6.804104664586301,4.690318217963272,5.775968160896404,2.875554856906642,3.9917139320356725,3.6455103826376494,4.797699989912885,7.421955480535243,5.4602389432279175,6.695612533278086,4.745563272314336,6.364869373855072,7.073256706682891,4.8906309335895415,4.460735288772635,3.6821890630098473,4.690939741423031,5.081896675200791,7.030953617349149,3.705026025903914,5.059661893696978,3.185691878610383,4.573237171161432,5.311395357412019,5.512583152688558,5.589023079641922,5.397404032886845,5.580421940096241,5.045739129002663,3.952133694011028,3.148343036319944,4.453312178262783,4.86538456693677,6.253931797175481,4.899398324843813,4.803430965783307,5.3855271268417795,4.729988012548798,5.810541998946938,6.979333618383878,7.190785514210701,5.097040627244489,5.336892364695448,6.578856120373484,4.850037977103729,5.6791921419241795,Dog
3.864839870314175,4.689160851725002,6.156114616645307,4.281804366212377,4.871948821270323,3.4257903543978805,7.005768294509637,6.263028069816903,5.188099566152748,5.507512872082328,5.395898106943369,6.384311753030786,4.481199957628627,5.732267619928232,6.077416498852173,6.2153259704764565,2.7406291161683023,4.400725521734856,3.980829378698096,5.149588285570686,2.9839697804857277,2.954377109054397,7.17009499187626,5.61768938826334,5.121009243198811,5.363672647838982,5.14634092374918,5.997350656551526,4.3675558079360215,5.186614826073569,5.227421267937715,3.9531420415416623,6.276983059063053,4.554323260098591,6.0174216698089005,5.11491272637148,6.633584832409058,3.9586209114784756,3.91524119848955,4.094304408995692,5.133295550514374,6.541468395778205,6.59309361816525,2.69003139956156,5.249707161222538,1.7870463894849773,5.795031793785035,6.118169414895207,4.959755725307814,5.083981577494755,5.07363889294024,4.215558081258753,5.43170578532148,4.768591998346743,5.930291709289619,4.88637306548077,4.1389768935117415,3.4641353291344896,3.135935174944288,6.312509343954435,4.542210647140981,5.338574190081649,6.783229891744519,4.437195668702109,4.372522515618846,4.867838247644676,5.029432700419993,6.887551350255847,6.565820594094113,5.620875415906747,6.449413768996868,4.821780987432144,5.299164567188479,4.698486355461305,3.7096316174203605,6.203874741793595,5.5316987339898605,5.018073473423664,4.9975321506878245,3.4937851290934914,4.022524666847285,5.336153170114025,4.4708873327254945,4.78228695878251,4.8953439352208985,4.3175312309828895,4.032081679975949,3.3876423690746265,4.8534817209884595,5.618608547610283,3.35636585778005,4.975952174900174,5.28114325269156,4.0104195962708555,6.422141811548088,4.614284630961592,4.898740311543489,4.838730499402021,3.2292255774089442,6.008752071684044,4.044481231580763,4.763479484594264,5.597661001277995,6.460903426144534,3.9200677181031605,4.553516414405573,6.3824186300071535,5.463713879275447,5.671171359051608,3.948868264223832,4.620790470073442,4.83216456761957,4.142105242657026,3.3254303743260927,4.4895014412364045,6.354288199584429,5.059173465560496,6.374290913573376,5.17902091422952,4.235292270412037,6.277619013231722,5.212326140667899,5.961838832427397,3.931671828879429,6.038756289614503,6.0688892755441985,5.289767144356535,4.1930779141902175,Dog
4.953991171287388,5.611291147238244,5.234570019936534,5.601082738107764,6.012245907652905,4.351553346628078,3.8449243790398606,4.962461198627758,4.670256841130132,5.7858464131561504,3.925501610341192,6.02038187417768,6.353612109546766,5.000304964262289,5.060736125581305,4.232453498769847,4.457339101025934,4.591663319354316,6.442940067837931,4.928129214189226,3.6778270433599918,5.255354342112003,5.826290124622276,4.974588630678405,6.469213439726989,5.777508667265898,3.9508712701121462,4.448567187603598,5.2262262814246085,3.3338107619733925,5.336356737470615,3.2384175727453517,6.0234334555645095,5.907273684791709,5.504781360915071,4.324121635647689,5.170202824613539,4.486622512485351,3.969184722549934,4.6612569882285895,5.698265536492095,5.043814192831761,6.450709924134423,5.765780539480275,5.6586908139056185,3.391073450554396,4.714841469844721,3.9356275895658004,4.8169971203760955,4.306723876076843,4.622395046942061,6.061162732373851,5.475249929005834,6.007114428981635,3.3993168909840143,5.057974696615664,5.966704981396601,6.506295914887156,3.4519116103075067,4.64851636383883,6.0342266740047625,4.807721687188555,4.089582325830277,3.450000821503992,4.051298465336833,3.3110983314362707,5.058460456834026,5.89631018577866,3.739025241091396,5.257729741211053,5.8452710294458665,4.997291673151651,3.3893057050827546,5.386211554662503,4.94535305523553,4.843495351399144,4.453162754239536,5.086787426274041,5.50981790844696,7.390648134335849,5.112332068387205,6.511141160012674,5.357755083426877,4.900471672352246,5.148547527711292,3.7782636303074906,5.305860270752038,3.0079349351786275,4.137333642111468,5.109843093133811,6.193982273178844,6.430624396998394,4.763453420359065,5.15571731953044,5.984362469582027,3.670506427807081,5.404747505315504,4.172107132634191,4.828174955323282,4.540976749505685,5.435358127048147,5.55030367400909,5.891078677397397,5.348198828464448,5.171653769968897,6.854023800438602,3.4756409298028226,6.69560986012924,4.710178091131603,5.5708915863683055,4.674340319406399,4.297458370448374,5.484577192794228,6.042128308614443,5.4730079549674056,4.457884213317118,8.611350062815669,6.198573670866252,5.933342304207253,4.647035769257796,4.374834211710961,4.720160924157061,6.081406544392483,4.009395662924172,3.931796168545683,5.539547533361018,5.31919644464212,4.229686462109104,Dog
3.9087964215847752,6.437896993368432,5.357004425299562,3.636464136271967,3.7063744639177063,4.63848802754953,5.732841806997633,5.59500880210828,6.131678537001218,3.5096501925392025,5.2238466897796565,6.425910332321361,6.332801730476099,5.358909981412686,7.348018508653876,5.60928511641586,6.042746632841343,5.044447918775507,4.219024707155713,4.124790799221254,5.18161521479442,4.788497993149793,3.231414330086519,3.974206415074259,4.681596425945907,5.72727937593716,4.983926113837925,4.927935789499486,4.013087372996684,5.023166080062099,6.319101027445988,5.155575112758557,3.4926864185181383,3.748477205695469,5.588788877223153,4.775684524777381,4.925419769896486,4.387265824985243,5.503412212199913,4.699082286754651,4.813386778271395,4.148776608336874,5.92169129814277,4.778867208383579,5.60788033311976,3.806408435965982,6.733883138378609,6.277374038513223,3.0902023303410733,4.198062524936285,5.477634391009885,3.680271343850996,4.868405917836674,5.426631785976797,4.815274088020517,5.538838703537096,4.306670095398118,2.755818457831878,5.98211531216506,5.97581465360253,7.503636642288333,2.7928134820656854,5.750832109346815,3.0313178619166132,6.756493281675319,5.4878668336960095,4.048071152323747,5.780222474601436,4.4469549922830645,5.300416099551269,5.205960716209084,6.7441681361472945,6.8149259100865125,4.402734626726494,6.058105617996036,5.354840155570297,3.587317932993088,4.30377161962782,7.336146099599624,5.357854401104655,5.999779579517522,4.787955687633009,4.460058085280658,5.027264507634475,4.733895944753783,3.5067470689684015,3.996674542545968,5.707884514412231,4.619309310897589,5.025704882027907,5.23492305049721,5.31305004881872,6.146579061315371,3.901304184931468,5.570252723543625,5.755027793519647,5.985851779001505,3.5870824005851274,5.254819218346999,6.716075946398517,4.900879480843376,5.4834947019642915,5.780395594585185,3.9745301556017396,6.833824728999975,5.499500796968904,5.519502814193427,3.337972621989465,5.794544798213313,5.506410341379137,6.624191327722064,4.6887347856956465,4.012341670401558,4.317761005225667,4.495021764992702,3.881153481868626,6.290160023765993,6.327697862931666,4.804208298859945,4.607240077915806,3.184518086680688,5.6959612553036045,6.653440108825843,4.362805282740443,4.883215474223602,5.4342914613157305,6.7244183606099055,5.199776221835094,Dog
5.1954299160265185,5.179318501159803,3.574967493096327,3.553209346170135,4.192004830885128,6.012890574037373,4.664642929454007,4.470395951197707,4.452825395856232,4.8623431215273225,6.70210793410164,4.848802614302879,4.213702594625142,5.025245629081633,6.755083605761537,4.497175281064385,3.818994991569055,4.499008730269583,5.128763736348433,5.68824095082534,6.006883578682245,3.954282726037672,4.0491546655409305,4.67673774061251,5.684493024696896,3.7399921023477445,4.392673089582303,4.407256270588052,5.941748855364371,5.528260760664438,5.90371836104992,6.338677974233054,4.694349904910919,3.812593845146318,3.81903638215298,3.1618924349411603,4.541233170333808,4.615777385168261,5.787553406805047,5.016914217176604,4.509671555657394,4.884001273839414,3.961026516285236,6.0254065707512865,4.2140844371904915,3.860068728064104,5.81788196670747,5.574164208363851,3.2763146214409886,5.855001634710223,4.258407360905943,4.62589547243608,5.187020107693938,5.586624882616822,5.445479174687526,4.950181669093998,4.575356671084089,5.412220693565447,4.881612162655772,6.805354459125924,5.586409009969902,4.076584375009645,4.5224000486263485,5.048192177259829,6.299431215070455,6.411105009112135,4.6038652796344355,4.066365783410557,3.9385023587938126,5.25242875721578,7.303784309217493,5.539094104255103,3.406087473315993,4.273995896753998,4.376085798155087,4.177997479885092,4.6121061750657795,5.369394861019942,5.681981169322647,6.091763490916644,5.5242025730471775,3.0458497596711593,3.9426954124686864,4.841905963140809,5.147279855767479,5.861418359876257,5.043184176216773,5.050707253863674,5.23779736313906,4.744978261218798,5.086885139877811,6.12583217901175,4.916089101215997,4.969787273215717,4.966414595232811,6.297773813791169,3.8919466731705574,6.775846894791195,3.823618145484487,4.345779738672241,5.74473826971532,6.0303166954736716,3.596500983001512,3.907298136752914,5.2778428094718475,7.344419387763796,6.246262780998681,4.75190295036819,2.580870861924244,5.081642734421159,5.3622968036465535,4.617304858917197,4.149276009453405,5.159165260321388,4.057738806106039,6.872448660808724,6.516744797533817,5.657912631592761,5.089710569119316,4.33983591338644,4.979212816109099,6.639297135207276,5.868654058436628,5.20369227847646,5.923974334167595,5.545610663380828,5.396277539886872,5.980563258991536,Dog
5.517027644824758,5.858551470103379,5.161387049634509,4.745874176809896,4.451837121059851,4.332690394529042,3.3948295575584675,4.088060053188336,4.059146470417819,4.492654804015964,6.562244210638291,4.842438044446222,5.2417668898843095,5.273319644511927,6.587580912842366,4.424414546154709,4.777477919741939,4.893800628225817,6.136534855774768,6.344105693754455,5.474583819693945,6.2329093740618795,5.1776609964689895,4.827396752383177,6.178724086585622,5.487617675233798,4.264469334092418,5.997420938124351,4.791507368979721,4.669176477275795,5.893004368199712,4.911167859155087,5.38895853604029,5.661939584070799,4.217056920727615,5.384850564682202,6.349473105261624,4.04353285626039,5.449908888831228,4.170532265419713,6.021397683840398,6.011905583749771,4.645677659750901,7.209628652190863,6.106625309137284,5.7069289851361695,5.650610896106135,5.9839269092062235,4.00435759275584,5.194607598461024,5.383190385377327,4.59986393669744,5.464795269443965,6.231694300434006,4.578230912234093,4.945575699628694,4.179414704146056,3.2130109901892077,5.778932180520511,4.9742662051607525,5.047579417152788,4.013226381826473,4.814496470963809,6.096593789182124,5.0008213367794605,5.029183758055413,5.207528277863423,3.763617871593544,5.624920464102357,3.7448018850841693,4.060384418720973,3.9507852309928353,4.824775033369455,4.647547296462142,4.998774961691746,4.094743840223557,6.005495320306379,5.834027568726331,4.82618648710828,4.521633283412062,4.420642506654801,4.689855004989321,3.5997547712488234,4.0403926877881595,5.8601203919849665,5.301812486075868,6.634274485976531,4.7008048498306785,4.638486772893133,4.592101075456352,4.680835516781832,4.3400459868534025,5.2709882146872,5.0291040671484115,4.4900854981617275,6.251148913018902,6.896582922486307,6.1665772055734,5.558124013083395,5.761769726263774,6.856415517826335,5.760319315759424,4.414814147400715,5.392272526650548,5.626244266063318,4.00528272596408,4.715069181356822,6.100391824055466,3.1765072649504136,3.7495714549594057,4.823592946371672,5.353679595505705,3.642367555051093,4.873210748334059,6.153768539088567,5.068651457074283,5.9390889436311305,4.407885878664997,4.190083143210819,5.848873830285047,5.36926553465619,3.814403992225541,4.199159083837211,6.5645812410574145,4.075444780530684,5.934328746725997,4.521813302766301,4.996824143232868,Dog
5.294592620943372,2.8990187895004014,3.537282664572701,5.086333018787163,4.2756924362161195,5.9965812952746225,3.393879119131875,5.565255056257987,3.623778779595674,4.647895005855571,3.935622235762036,6.902429880471198,3.6605078370299644,4.877940304630976,3.273163851979848,6.59957012207059,5.401282416177205,5.136973089598668,6.474312939291726,5.147422441422612,5.219571356141077,5.131725288065152,5.563634325443119,4.507558616078738,4.785712692636667,5.810334628457446,5.277372951557882,4.885756085897874,3.5994776089692877,6.498050284536595,4.338545890049229,5.987237238419257,5.175753651688085,3.70654947727013,6.252275477530615,5.25454064639954,6.335345356737043,4.817591299264081,5.704051229967054,3.2374728886549864,4.499784136406243,3.7270066677687286,4.6252161499616085,5.471811739506145,4.395419912345854,5.863842093638782,4.143387356449988,5.885236613649979,6.309757165874036,6.013526135090986,4.6558109481702274,2.874546402055857,5.582166996737348,4.874765285284696,4.021607059872647,4.44372093512959,6.434425316444802,3.8626597993898457,5.468309175621211,5.217958175637404,4.642612335336768,5.644532687313047,6.632245258898866,4.704028496113802,4.756819051922899,5.6220649049902,5.918242821435001,4.872292792851365,4.694626263906351,2.7823534792802396,4.221991087633446,3.8606883279324498,5.684624996311891,4.756097051399158,4.716978394461072,4.990943736377019,4.1298235298746,6.553247186688754,6.298193911696611,6.618106783047688,5.6834172312388915,4.970521884978063,6.614729303006885,4.3190331640870205,4.128791020966988,4.398488485230141,5.522871266914298,4.237894806612327,4.844627011782001,3.3981447061152235,5.481097665428244,3.4828966328168907,4.067838945134638,6.217167134896644,6.18031831698611,5.374313089546498,5.27566358173523,4.469040352845741,4.227096336257799,4.63775830224262,3.4863458255376822,5.252448554953664,5.04883112480841,4.066578733289733,6.568681918841357,5.606913710287048,5.691841804008856,4.512660073960834,4.9986699219736765,5.627372670187422,5.152782367100236,6.601900784769872,4.796212430583249,4.495439467763889,5.634252876471426,3.735352727713488,5.9242969323081125,3.6992881994080173,5.63858466605855,4.351726445827337,5.476584146983393,5.907342946061018,5.153421195503919,3.80037904835932,4.103224755492848,4.271340858966218,3.104993106402226,6.127477858731929,Dog
5.110107585756329,3.864481954811005,6.455674857458357,4.298671899861837,5.250572489074871,4.174729454803798,2.981739846670972,3.6355594411487395,4.551509569133569,5.898296871206048,5.346533146819246,5.140205126171245,2.989972377255118,6.270086147680095,5.223679696495556,4.88058233010784,6.1324231099888955,6.247496723568274,6.154590247609191,4.752913503296712,3.9965234392158044,5.988922917142073,3.634945556929583,6.947256738664282,5.027999545194563,3.939115744300416,3.7681314458433897,3.7223951759439404,5.140362906720843,4.9936076799402125,3.764077826490807,4.643544213444098,3.632064613908658,5.589301805944173,4.945406733887286,4.621597494082552,3.711889269932473,4.699844399777235,4.585272118653673,5.317726701209597,5.16701797811696,5.7920601020793425,4.515423456494938,3.139588497803506,5.9910928765980405,4.063967486951819,3.8930829469847446,4.956883454886248,5.302270512954517,4.469163594285317,4.4613073185318735,4.608973682234445,6.416540350993143,4.997321912441867,4.032037160538204,4.042216643097033,4.7491158204176305,5.237857934028007,5.4839801619661905,5.124158603847215,4.158126649082911,4.5760587004392175,5.733907881864624,3.8539080395469045,4.534246606922538,5.597462857881353,5.875281426635176,4.807084628908617,4.588793189429184,3.6778820585562597,5.525639922727095,6.318779685146789,7.565154058599692,5.386446183518046,4.949120348356019,4.080189386849093,3.1211430862568506,5.176959249739833,7.3503391201543025,6.270812229656913,6.116564269113798,5.245602817057915,5.359523160280322,2.5762526817220226,5.762510580763997,4.420659430424184,4.298272653404113,4.676743046951392,4.642995510548985,4.282364408028338,5.013872072175976,4.441722403791947,5.1003229557561465,3.5128221854499673,4.785942229367983,3.9037044103137486,4.358550681502134,5.1433988430335305,3.3960023852450423,4.177592622727863,5.568964384836334,3.586822158134199,6.777867140278808,6.204407956130646,4.5054729155477204,4.212790312214937,5.201939903335482,3.5525377429728406,2.997857275167567,4.540664875947433,4.865951233497809,5.09442722435353,4.385259383882116,6.273946729474948,3.5048603415161166,3.861737865041901,5.486635956144811,3.838352614362859,3.7996795478026835,5.123354792207164,3.9464773796839685,4.8669155720793125,4.300143440342243,4.13833629662726,2.8976946086550597,5.139563152821338,3.752810007887071,4.83175779646948,Dog
4.487895101651435,4.7934919413001165,4.850324625986739,5.193628250918263,4.272240698508558,6.242696479273368,3.152599939144423,4.773408881472771,5.836230976410867,5.476772553002604,4.025164423471403,4.191754507011976,3.9932074406733964,5.599227630664389,4.2600762714844915,5.25512308812345,5.264301414075955,7.368393468235372,5.313251259801704,4.188855985249536,3.5398497379336007,4.724147285362254,4.880914157572682,2.7893004726094444,4.286145839706987,5.297352542827553,4.467644329733825,5.968623785705837,3.44164355527948,5.676882820153216,5.913889741525953,5.956496475841536,3.4341436153456213,5.314552795857384,4.331245881478485,3.593857558017099,4.586132275026292,4.095022008099191,5.920750468163869,5.513063343013569,3.8475555318911323,4.275778686169071,4.619302574383377,4.927594852682103,6.00637827480378,5.690782326480633,5.05139196897484,4.739351150105078,3.226645965392528,6.291997626126056,4.552903402134342,6.554840240426257,5.196109292131835,7.025284208621445,5.606321533366316,3.5679803687791214,4.385584519738788,4.830865039328035,4.126217112891676,4.622939182817956,3.6330608414178904,5.005721281099122,5.23741194901094,3.9958905927938813,6.940254293481912,5.063513261280459,4.183259133877088,3.3704607000347826,5.059942889397169,4.739511467186647,5.783040907286443,4.856629735028032,3.8062812177312733,6.670718296177581,5.435624879507186,4.7458912884016415,5.1646385314497385,5.474041956561658,3.5711433861065647,5.15769421996281,4.549876526706108,5.507299985629752,4.259818075393722,4.395298144902918,6.662871098564057,6.2309120908821365,1.7044388200326916,6.156761982464312,4.926347973742243,4.291817937100988,3.9928252642923496,4.050882371720012,4.320064055241585,3.8728674163181562,3.6454003389273577,3.9596198491560894,5.323393855065687,5.050090148570797,5.555856451551856,4.933630160789946,3.6933206693552085,5.494440923493606,3.995310721125085,5.646614301988934,3.8340799970430393,4.312523373596474,4.6386083594320855,5.674404801056949,5.175997252127395,5.020001322150924,6.885668785055305,3.1630168387748547,3.961622357299449,3.9188115219610085,3.2293476900777254,4.280480487113973,5.687769163796706,4.408352601484248,4.66699702801369,3.2774451721197178,4.203474424839653,4.538301284412416,5.642400422547114,3.325083602081779,4.5449912542788615,6.0868180300688906,4.554916714376736,2.884438585881321,Dog
6.2791757773481915,5.734896942538333,5.869397175078791,3.2562163532546062,6.512455725847214,4.226723914888802,4.490561055779769,4.2972228340079965,5.9469371819552075,4.820201647494704,5.4817410325876255,5.075901022884368,4.904957996307079,4.053215936253804,6.812140587307765,3.536606371494771,5.412253974034685,5.376656592107279,6.154356286152425,6.388090032379278,4.862611400583225,5.5303943059247525,6.764873710452509,4.934823233077748,3.9335665249348235,4.615531887300579,3.6953540013855326,5.371816810994723,6.064456208140635,4.878958507932461,3.3790399505463595,6.021650835057677,3.2237010384342213,3.454045222076959,4.821661612505281,5.251785245675499,5.422247498758354,4.933860447953527,6.760043765134857,5.065168341083202,6.034668101752936,5.786954564094698,3.7071262677954704,4.830269512714478,7.123320513281019,4.495649146059742,4.3253794756433095,5.1705755814770225,4.531480070739948,4.206295420497762,4.516716605702413,6.4320096713686254,4.863381308522428,3.671924967245288,3.4882534619118357,7.206804932054469,4.776665630565898,5.434578500965419,4.2286227736603905,5.320985969271415,6.459329651601532,4.347736816256245,5.4585867799485825,3.594253724109612,7.022866118366792,5.268535930244575,4.587206155647708,4.702125876713836,4.489961825485665,4.541094835876507,2.55250485765034,4.902034267903245,4.860121319394287,5.4886615372604775,4.4768562535584735,4.228963685858978,4.992225055547025,3.387631881909516,5.143423187534585,3.138180740478279,6.120818648830796,5.684269955660775,4.073814123575986,5.661138013338037,5.111514224253881,3.9909897689151403,2.9771238427709106,5.316435683426453,4.205718152864965,6.0949695696960795,5.014033733881852,4.300417303502683,6.7978387330904715,5.576446492603005,1.3449134848958941,4.513608231209133,3.6159110079875765,4.200202062279692,4.855267601081464,5.354048508587546,5.261365742113574,6.077873076564802,5.636598377508667,5.574746929125505,5.201492323133274,6.2867988527259016,4.683723456809083,4.70969673126481,3.0944266470274697,6.0561640438100355,4.923074244220845,7.933605706171273,4.594467308237542,5.088578129416735,5.546504953608414,3.898100027011287,5.3585477138792275,5.034661432057185,4.696311810323162,6.172603958743006,4.096251282089344,5.274902113082222,6.454664291385046,4.293378244043701,4.703114017307701,7.345304563471828,5.474391065156057,4.493802523357383,Dog
5.802624760078478,4.4319064484089745,3.435084075839929,6.37236394526517,3.8969407358689856,7.451712624997291,4.510667624537795,7.1332646815618554,3.631328931479942,6.025493586266252,5.49972627298465,5.8377462255551515,5.968022706676261,4.502254857718828,3.6911561579970016,4.949082269660782,5.223030257585134,4.528155378844495,5.277553970159862,5.329625531174741,4.089973553456134,5.394971281690466,4.732787976305354,4.3000190997966286,5.787375138223993,4.223008788306456,4.543332410095274,5.072050850186656,6.374311620654239,5.192784077724298,5.528288332474667,4.702357464003504,4.921510375623659,4.951122766480406,5.293306236017025,4.7040324269517395,6.339999885476209,4.626833761497858,3.2927588647946324,7.742796604370019,4.672631309056248,6.313169787091347,6.404790841959759,5.945214312250382,4.801972780402598,5.286684819874343,3.7254897906950726,6.990147773818276,4.1481940018173304,4.746099037259125,5.098986487040251,4.89256024516304,4.343126717706606,6.394339052054688,5.95027928348828,5.322047204325693,4.60044694400325,6.064275871844471,4.535531367222434,6.570391840337816,5.111220915483428,6.229781526972715,4.886179673816417,5.071533182040945,6.2254210614586665,7.193925151804445,6.560366817504882,5.87713461937785,5.589283432957597,4.493051309740374,5.295229741105433,4.086950816003268,5.3757821336847735,5.440050660693574,3.0391548585318082,5.038738609191707,5.414874899089106,4.916290142860977,5.358048838856571,3.658277756643686,4.224135694439742,6.0349381631639325,5.000571665645777,5.339878981314908,4.453478839291421,5.019494023276857,2.6979878198648013,5.846011938420767,6.80793283895247,3.934982450785359,4.0596678124904315,5.440879898237482,6.473879290506746,4.997902682617055,3.770681979187496,4.791382763362127,3.9700679196882076,4.331153707131223,4.6959589008466835,4.070675411758373,4.222094275825435,5.074534000222243,5.21503581213723,3.576019666179033,5.396381722509338,4.6180661368686025,5.720261523552609,5.7804975206878595,4.455458819044951,5.614147694037733,4.16304396030117,6.32376206283529,4.200863799143535,5.352749608625513,4.81239085535572,3.983105485762399,5.900915761785309,4.385868191133209,3.299927835021694,2.11798663683197,4.124955305572029,6.375908419298973,6.25773846750366,4.281401597652468,4.62554508529862,4.535086924443977,3.6665678545504314,4.051168128376657,Dog
5.981149519400785,5.5038878713794,5.2730888585298885,3.664853388339141,5.100703214033977,2.6961550305119784,5.842802691260533,5.258574900737142,3.6547675479001698,6.61642555749004,3.203835340831419,5.5303061822496025,5.555171768978662,3.760329560647519,4.962149309189883,3.3631721578471367,2.1536256836731864,3.9321237730683416,4.383375057738003,5.644256180810792,5.06740808506082,5.093545459386146,3.985578376716415,4.469988695958613,4.070073390130839,3.7750259929701917,4.406300573012743,5.074512385096334,4.427361480575796,4.676497330575027,5.69491481091139,4.499245581309296,3.6660333690121085,5.5634535216012395,5.265849648508285,5.328659498172314,5.625838657535709,5.456641527307945,5.028728692471304,7.3914526628520925,3.7150312536980454,4.413582721511442,5.967334364678167,5.142586292095574,5.757923034011238,5.169756429536871,6.374056551159981,3.992489144366754,6.34245988940671,6.1709964932042665,3.78971088576962,5.630665409887673,4.9569600677634105,4.393417980880936,3.1113808102822804,3.989186328882683,5.708112140184589,5.813841269260557,4.7892895194238285,5.816985143143285,5.945260077894138,5.154639958626348,4.277666376149796,5.441054112815645,5.486984707658864,5.67394439035031,5.86540327000224,3.6378354280787786,4.4900707546342575,3.1013786543121804,5.746996038355348,4.787688552019584,5.430814070697415,3.524321251809842,6.400980849693051,3.805660835380725,5.7745633043824585,5.1179501708925415,4.810557222473821,4.729839893387826,4.36193699068387,6.2951961769007685,5.012612834352242,3.73077846964678,4.6160397979651595,5.128339027202938,5.897805281445326,4.395380279482793,4.462223444195452,5.023432127147405,5.873424819947326,3.6312454644039702,5.505354630991746,4.535937469871344,4.6755674182515135,7.001575745129749,4.803530775448475,5.75469375030858,5.718913837203349,3.8199760859014935,3.1546056747770956,5.8209820924169104,3.9164538075514814,3.335817045428973,6.026162214844198,3.980573266224407,4.227482524315606,6.974373155089295,3.3402646386184287,3.7437139585930748,4.54030185752608,4.759743160165578,4.106254717882347,3.8413449026770836,6.509994324431931,5.262986124104716,5.585168744209188,4.862774823441464,5.289454948859136,5.93290166110959,4.003700985454666,5.264835996517982,5.696042313407891,6.544797346384261,6.947890979801762,5.069859796981762,6.1386389496871345,2.329832066628453,Dog
6.552282909376714,4.274116338279196,4.758902551012109,5.441104484367021,4.846557632684486,5.196453379568134,6.587692968226143,4.615779954654029,3.9130761834994465,6.813463857298551,5.526764217004677,6.922238975313464,5.863629910578904,3.6764056079865632,5.645384671756881,4.016051934117446,5.007431802439667,4.9242855963922425,3.3823361953669435,4.1871895104382135,7.2051873001591,5.238377404841165,4.824403865337048,6.812890219940925,4.6037646899308315,4.90857963803088,5.9908028561228495,4.59926420138365,4.253479260647499,2.7462435846392825,4.063501686617238,4.053972254010387,5.15856669546861,4.389541734272224,7.1580190108571955,3.942371069765194,6.400646686857405,5.219752955127549,5.806774035712389,5.74601959473587,2.7817644696875834,4.988447321023443,4.737771862766168,3.8670219053087327,5.459626037215869,6.716540315877472,2.326996356115934,4.465530324158279,3.754233835886377,5.071777826237693,4.674378716850004,4.394322787242822,5.689506828329058,6.636181301057099,7.661318651757835,4.260370951531412,3.1791244481819305,5.55919643407834,6.610484735323204,5.8136899670407285,6.606347039530311,4.77451332939788,4.390425560226872,5.115435907401312,4.669446812633112,5.663094021340344,5.969767778003491,6.048083664571886,5.51059267080439,5.2458223266753,5.794426689250848,3.0370080923472784,5.210570752333942,5.052478057170451,5.213080395971555,4.912376453745769,5.431855493461616,4.425397078465985,6.12952342945363,5.473649777413474,5.150685857883861,4.30248342936388,5.815316885207905,5.206659698494491,4.244516606463083,4.943338457586761,5.62908261924124,5.5515735388198255,5.487008967808155,5.092531391741077,6.025819533301897,6.2377965038116105,5.737322615675541,4.412548725144293,3.9419382827094824,4.456060233028406,6.953656747976723,5.281695913827353,7.126441827526385,4.879801656412564,4.741186329507078,4.925943463355926,4.9078259199466965,4.226349088132276,3.851151731833323,5.501336627180863,6.054900717597364,7.444981300666401,4.566287093308977,4.647344513135925,4.228770705548983,6.125727429373567,5.814987454796265,4.123065418125473,4.097801913027057,5.952514758595898,5.383196151208407,5.7583887130111435,4.117231521661087,3.1222751360897933,4.12503498331983,5.6877667300112265,7.111057978634891,4.5705360104723916,7.275855881876866,5.8298197674916885,3.606967698291174,5.214033837811032,Dog
5.8639742784118605,2.5745171014473134,5.644451157913382,6.172721179823112,5.398868124131143,4.938278789318577,4.827073416998593,4.768677672308177,3.824020196232891,4.312476168095032,4.583405954347841,5.1134943462257425,4.443185242342934,4.13087075750207,5.759770859125846,5.370613971947856,4.460770463210433,5.506278471487588,4.546842106314065,5.06306502948812,5.975044054722867,4.3962589068337365,3.8275883921662572,4.854865416978658,3.636534983814538,4.722551490649025,4.719362520686543,2.536315876094437,5.53063516374451,4.817310233318679,6.181896452771936,5.215531979794083,5.735608570315549,6.190038753207043,4.868282917229254,4.999176811136098,3.4264567766097684,6.239537745234241,4.854302600278445,3.9942694496520184,5.739722486487428,2.820218808035748,4.570725777126822,5.9083110412118405,4.562278148034095,4.282078049051418,4.5838452028870496,2.990070735531426,5.715478431783033,4.877113958023087,4.727675390005238,4.731331383590959,5.014079798464584,5.653437370672067,4.9479364588007515,3.6383634518201875,5.575516121544067,5.498569691004226,5.2055269982164605,6.075241306961319,5.030378676412959,6.111376088989256,6.407211021478396,5.582312885524482,4.252066378122063,4.869214281497559,6.238856034058374,3.502372133930493,4.608046331821392,4.657035163553256,4.134789399646266,5.872878949918786,5.376815071040777,4.288941643399508,5.60551292023584,4.841583765331782,4.109805426777657,4.287081589757133,5.43605107477594,5.939009878521839,4.513231767045214,5.5444413336690115,6.581754157577483,3.741129443629747,5.355669872838623,5.830655691295409,4.9048501834011695,6.238283210855647,7.198837038261284,5.343355348386303,4.766410267722001,5.976982807661956,5.842068860377902,2.4811690450818156,4.997264443908886,4.6054005332608865,5.396705691513917,4.80634171970621,4.914823907728998,4.1367872405389186,5.734529218424488,6.655042221468732,4.152328050784965,3.602944976853027,5.020003219827464,4.9713443389647365,6.1709327861203604,3.770805047621468,4.462044824975902,2.852296760733147,6.374983636211823,5.250544628323364,4.536567086019203,3.677728521408824,3.769523941822749,5.414266899791391,3.89257495439929,5.104005423148569,7.04294486113503,4.652412377055179,4.038555556025621,5.382007205452763,3.7742082592182724,6.719984530329404,6.403619668528335,4.835828381046356,4.10270681857578,4.57423012722464,Dog
4.704334387914572,5.383567131707065,6.039632329301116,3.96348736924141,6.010909565342745,5.617685612811298,4.492210509193393,3.91328810432299,5.116232717292568,3.9404115162979156,6.023680849162606,3.8761172278677956,5.547706193163144,4.919383635184918,4.439375115624799,4.897168493680709,6.079983169634202,3.8077425910062104,4.5878434448081835,4.248256435312812,4.961382866451285,4.315319107487346,3.2319187576133857,3.9448624530676377,6.637755018538112,5.246728211286273,5.212362053808078,4.717387609991362,4.94837457589083,4.57018807716862,5.526928531041065,5.100808854259373,3.8287317898413846,5.253724503104193,2.5412580767284494,5.413859199677786,3.5906431431634784,4.903944913829924,3.805372396803811,5.002823199533097,5.578278519276222,6.50282708524958,3.4586423449885215,5.975472955671135,5.131152705377471,4.549332847175376,5.75985650505946,4.7640751489147934,5.717530516400679,4.007730286872005,4.367002967703708,5.9436000527946,6.485400523570422,4.964968100847151,2.21271107464422,4.800950717391545,5.03242611782243,4.7672266233068274,5.336338561665531,4.523090072402678,5.8388708606780275,3.833286727268958,6.236848707354141,6.550078823961092,4.086940261939692,4.086400174396937,5.410695313777528,3.8127795902571107,4.50739712889768,6.102526956456014,5.737606764476963,6.98019634168959,5.170784147600208,4.389161997721814,5.051243511653021,4.8494116605913655,4.863442890796865,4.976196291904267,4.0682332911537635,5.282217754970643,3.591336732241409,4.283173392091886,4.881121236860182,2.7404466873444084,5.768991536344918,2.9468454901524948,5.669587690898178,3.7071907100718375,4.595081309296501,5.51913064694943,7.198139519479483,5.116451977707349,3.0173736718004918,5.953695132635774,4.768081595140981,5.069906654458824,5.557863029887614,2.774622043094286,5.0065368477351955,4.590306110047305,6.221834906005519,5.727113763338743,3.372998077218453,6.262625852349048,5.449525088160211,3.452758402546782,5.055753103492773,6.034826113855855,3.785956127426606,6.377577335845417,3.487371225872474,4.208772823353016,4.057129164610308,6.376933731588662,4.508983863450803,3.837182997339002,5.445210878914062,5.661180990592719,5.667536094794132,4.72866083477399,5.254534301036948,4.349766913770714,6.67480167793573,6.144205158657932,6.0829568290406755,5.794115934573545,5.519733305995001,3.755637515850212,Dog
5.633301236255648,5.11426523006332,6.263364084950919,5.807419182382429,5.550380470153021,3.315775202469844,4.910999463391529,4.442107740096343,5.252365924183073,4.584451728557356,4.724054223906694,5.459033904906704,4.567861886431224,5.121591539574013,3.4805881091256934,4.167598523239941,5.6560435672029605,3.7698078833035256,6.245725077602997,5.974399355301321,4.731770064660213,7.998734105502464,6.243103577848293,4.050720493294265,5.746174053700048,5.065863066319757,4.223287909140589,3.9300908568337913,5.9948933348883795,4.402054535375866,4.898123644962948,4.078974071773471,4.251842062701409,4.873070799928528,5.388182292724151,2.4116408364485515,5.01691979916675,4.253878987414964,6.402362653450225,7.942752646005436,4.640720965046285,3.2777714392868056,5.116876969918566,4.794570670506795,6.97135064900129,6.666589343375542,5.865374970596564,4.413305918787342,5.677766566180804,5.265006359068304,5.241323203299391,3.44177015143213,6.0617953384536465,5.107808328311235,4.899158652455425,4.399843504991172,4.206383500346623,5.317258581278982,3.2508371981419177,5.7894987596500425,3.9458945630043143,2.941319313794708,6.821895315926021,4.141912950654421,4.277840838478304,6.134538331008074,6.8544309005166415,3.46699842139657,4.043831939749331,4.117321177839403,5.934801662695654,6.639132127929534,3.919747438421921,6.41474533796822,4.290965888471298,5.336122902945572,3.7285463005721824,4.878069586418002,4.888887285927284,4.684841693684726,5.3849709813196975,3.992969135147474,4.116276701813159,5.437872144949355,6.342035330975729,4.977186305952077,5.503670773462172,5.75808001029734,5.8305051886334915,4.046475274163361,4.222989769795096,4.309925406056465,6.928633800893964,5.508192939171904,5.463315720385017,5.366235753183739,3.679206596380501,6.938190470777039,5.479187530786961,5.723160112654953,3.234478711084198,5.779643852361518,4.643787549872373,3.677217025273763,4.046236334128203,3.7351057915466335,3.7182158048853897,5.06054782036421,4.613237211268349,5.3340693621613875,6.675975871068005,4.870496286372663,2.755110706041573,4.758041788452183,6.193394436397872,4.91406052750317,6.5293306536917015,5.452941593137819,3.161730265602611,5.109582250438359,5.297001294264729,6.080355801273644,6.819636571611568,5.907725519708699,5.440479797387217,5.676188271578346,4.831993193550432,3.5371221631925707,Dog
5.04149608622286,5.365290327458905,3.796342374088077,6.326621639499941,6.005411015482431,3.628238584712131,6.365832288789875,4.691685630790153,4.221508434881652,6.079277692746526,4.948945587239942,6.89918532083687,4.147111956113249,3.268342476027345,4.719561718833859,5.789222499060473,4.072857014464457,3.669899617200121,5.228927402702754,3.5363127898324835,5.306692699613413,4.659376948771823,5.494466488352373,3.616171196075398,6.298163151443903,4.81696551500631,5.763522667904823,5.95987546128489,3.842555047634044,5.882257509608077,3.574933224855674,3.629862257240107,6.963999235988434,6.111853368796624,7.0736641754337555,4.629785969392089,5.102428664078008,5.527354746752363,4.987804433406105,4.2538639793040955,4.103915302119951,5.21386223282895,3.933140158337695,3.9051365076331477,5.393572011154593,4.9048406485143845,5.937206270581685,4.575088589917158,4.418744050024465,5.423553396035471,4.187975125446173,4.341872274443315,4.381545609620585,4.790297893704447,6.772436543295902,3.623211175042843,6.295507582117459,5.737786756289917,6.566978847369993,8.136686048322273,6.431453020787855,5.925666947907861,3.6875036483749826,3.813777738488957,5.360190184365222,3.3019238520804355,5.615439251291219,2.8650781092389885,6.152233385564616,4.678299688066401,5.126596945470189,4.251627703579517,3.1014735897774277,6.234695279194262,6.3357013949547145,4.648512234796302,5.661929564734008,4.609108579789596,5.2884898442662465,5.75913919892011,5.555084924573873,6.340969613409346,5.5188806757053355,5.028084617038595,4.238581032122578,4.521494619676079,5.810051396725016,3.4981734810858813,6.105807303412797,4.718856273985467,4.18139409559211,3.9012758232185325,5.674367785648387,4.985358646196682,6.58876522322982,3.736924349474079,4.421836376938137,4.907778841872586,4.248143256030066,5.006118664141803,5.319500766415519,5.48448423912974,6.506167130884461,3.69652757121842,5.3377603199353105,4.353057180411834,5.430013380023585,5.431332186353047,4.0130806167676685,4.098847657365912,5.511643063469575,5.023404510744131,4.780378159268396,5.657986829774973,5.731718475862132,4.470369887298297,4.1479468623575,3.738081023162358,5.033454120201485,3.5768397228514353,5.099428458229034,6.21683679142444,4.6465402297137155,4.463795719459837,6.997844773627145,6.5097018191876455,4.235402129444585,5.139013181058975,Dog
5.328678242348083,5.203660422726178,6.814673447712788,5.087229892419421,5.2372348756310165,5.688662295146416,6.189919716047667,5.936899194304106,5.538084786311639,3.4413001946060917,4.511862275941574,5.819421207205271,5.250398697279306,5.826128633822952,6.887166061671248,3.8230367949406756,6.137910174804584,4.669636537506369,5.935349819274732,4.958779256631883,7.1270045388929955,5.130086936261738,4.3594857756440195,5.419874622791768,5.32394278071827,6.138097094110448,5.448052798604926,7.475064639169303,4.888595864597728,4.9003800502195265,4.396113949946946,5.085668338354177,5.2310591210829545,5.281210529955878,5.067187675493999,4.3901787832727015,4.118334871917645,4.624826275164444,6.141537660235113,6.356799685491479,4.923035463559565,4.058417033532575,4.9188263896832085,7.091665435270079,5.998967835316621,5.550742691532547,5.962684917052569,6.540566611341313,3.84713379845288,4.607960131302877,4.471278367163184,5.587114397070984,5.160110890639597,5.756311290689408,4.493112650132777,6.371952050679156,4.930666291850698,5.694545551958183,6.19540649892294,6.115124315494969,5.3608284084017965,5.819346906382545,6.7416606639722865,5.513601233974696,4.27035359793842,5.583050730963885,4.96271878198041,2.651998865595656,5.461998023703092,5.1166506500156075,6.156417771497439,4.249906342511694,3.4942903376206926,5.168680859410509,5.380177387605446,5.093832945385569,5.020708683685403,3.9312730457936738,4.861082863025077,4.651594170495585,6.07270874076744,5.379325364030614,4.722002878254805,6.7238848764227654,4.73109232378499,5.557786723886164,4.833078666410717,6.631152515028004,5.086859775813611,5.116414227890673,4.860129641227286,5.1965119260012145,6.19953783864791,5.845843844684688,5.028076181116171,6.701325106456654,5.872985641342569,4.561818880802651,3.619651646266062,4.5849861982034295,5.413348778550253,5.597200370631427,6.359137683302019,3.905454024881,4.56084466605319,3.822357330125487,3.6612007884205546,4.372181254046682,5.366612244294021,5.771394434890317,4.051645893378326,4.19072408061276,3.220176824676566,5.2143522082769955,4.267861098029262,6.663031378211848,5.4098087996495945,4.8285542565432245,4.358887572455547,3.5053297798057708,3.6321282230545693,4.377859045427865,4.301097117975695,4.000828157154006,5.377094727442344,5.514265592414859,4.541367602698272,6.935152268265317,Dog
3.2532706334839077,5.058163898972263,4.7814197959120746,4.4492991180327435,4.30233715398694,4.9930401170876415,4.774472172678271,4.60812347288744,3.7012803650106254,3.381888182189501,4.711483524804435,4.59790389550347,4.802963139723173,4.8913782021104915,4.477497658117182,4.787592576181795,4.146471691896505,6.523945809163283,4.200259851850031,4.629019290534659,4.276211210886119,4.259418459795097,5.024641566637946,4.8977657901169875,4.54053960962479,4.716524008445688,4.280186449006729,5.401725637726161,7.055192742590714,4.125158722766781,5.3939632237346045,5.0449489570207104,5.66862975813259,5.696792960496071,5.2054126972186605,4.960179423884901,4.565549800351554,4.235039646891365,4.903154339048215,3.7154111685823197,4.4061440098825315,6.106853624472569,5.098512221079691,5.892664418935549,6.4696438866584245,4.822970544085183,5.207325834193641,4.6981541058472445,4.1873942395243935,4.047031740667595,5.843150372596491,5.208627280485648,6.846603072081053,5.972052012923891,4.268787010463632,5.840342180226771,4.694924460897744,6.216859709129001,4.513666122756979,3.9475740397573276,4.2042449229385905,4.255335097585086,4.159748235381336,4.4273917243948935,5.856691870325237,6.796044208266184,3.6698104844464963,6.263513042833149,4.522296284025571,5.347882531202234,3.3458539694267024,5.524035017344856,2.9946876031839373,5.313935072310166,5.257256047029337,5.191007634295468,4.265089849367071,5.549526674429644,5.3910815094167175,4.7900472163588805,5.671850307175194,4.904395853434495,5.5287771589087615,4.87412067260591,5.216701991109541,5.574722941075262,4.602087426381965,3.7661634137458044,5.276079005548155,6.18939137861293,5.299150972957446,5.318142314696373,4.95782389350336,5.739118652773201,4.814064583862063,4.5461012188731384,6.105298252874865,4.469461681707318,5.889470946451749,6.105935461957709,5.566816932062061,3.7507644804273674,5.027154909222498,4.798000002941382,4.504000744664687,5.142751587346427,5.769206347497548,4.541447339868801,4.828617325726325,4.7589410661680125,6.163871045544312,4.742899382189414,3.7655943422382547,3.426565161009486,5.36272956656597,4.239318260114098,5.668724505272478,3.668780011492869,4.461087833389392,3.669431150479852,5.434610715548923,5.64884754062465,5.3386251576366,3.914063679596157,4.254236255889334,5.234313988611554,3.312258591875636,4.758865055612097,Dog
6.516905353335881,4.820044450819625,3.5114553609680486,4.392590752323865,4.369307674322425,7.140308779836561,6.665679080513896,5.730935434101578,4.656924069258602,6.200629660979723,3.8665403609495415,6.076575315244259,5.927973537420044,4.848654265350719,6.139186313350772,4.55277887053615,3.7349144019017664,5.977965012999921,4.91475707086054,5.601780603298668,6.820886591559406,4.2777459276037035,4.8566204951600245,6.569634504577714,5.668731730855283,4.3002172557954035,4.044982296460521,4.4719193598966545,4.261585295197122,5.237348119489531,5.0784345071976,5.279237754275352,4.159187198440217,4.929166092474745,2.9443002260437834,5.145006317361366,6.175440644955865,3.5752540906538197,5.483428230647461,4.388985648239437,5.8025011536933695,5.158647451212278,5.404704112660441,5.06482389875544,6.3283318063843526,5.347410477695102,4.2945762859975485,5.098715052321004,4.631118957033951,5.162399906519589,4.580230287633187,4.323189264453685,5.199272212748446,5.055789628616553,6.0639558450458475,4.585044120867187,3.0191461525046925,4.636129201536687,3.3735692410834233,5.415671974096576,3.3261020716512126,4.011628937585899,4.637665541725137,6.543950604761145,3.9271098842850822,5.0124049831465864,5.579976576957259,6.484060553220697,5.77779475172141,6.093906951632466,5.864307058851542,3.7908770286038607,5.3596921043170465,5.848660952172223,4.04349971032598,4.420240123275978,4.196807704872944,5.772622985968033,4.930718879670868,4.679154105664903,3.7183300833470123,4.932605746806208,4.432411645015251,5.243339565264162,3.857032801354549,5.177906259506201,4.5610492295011795,3.7507030742648535,3.6727159621218535,3.822979611977306,4.793600942559458,5.1209954343635005,5.269823632377181,5.307552917728447,4.2414767390208,6.058402908095175,4.557774473991847,5.450149760059732,4.835844566506183,5.375621231703041,4.785671933855086,5.393634876574566,4.992611130119676,5.813840570650689,4.1813149567888015,3.2301086641094217,4.026642580565904,6.068918415238034,4.84544118011226,5.092062295546563,3.946363385953613,5.065553725150279,3.9771873559273034,4.124218724947245,4.59751631717612,5.4450972578421455,5.5518475806425105,5.579044897937837,3.4119158849556257,4.9933354996097385,4.803218166617264,3.4678175839185448,5.015983766722198,4.749572782563239,5.511525672117887,5.081247076239802,4.450679469716746,5.925762450456977,Dog
2.7787664992248757,4.93573487157039,3.236749068008064,4.08780672879388,5.524813703009349,3.7258025195591973,3.5762821812960652,7.381944983415624,3.6407109485798355,6.6505209030879735,4.827797835420739,4.475170878561025,5.566786390588205,6.336594075544499,3.8539320578916714,4.4897502102714695,5.846869734684252,5.287994312427,6.101917830641383,5.515111954431779,6.808224009149148,5.178588598833651,5.2218111483309615,5.321721372015799,4.857511148273442,5.848087158800924,5.237041223863026,5.788180009145144,5.94449985362416,5.428454681560328,5.501716324234197,3.989670212403466,4.449646412180178,5.843383452990731,6.4236311818185134,3.0595697744916395,4.432136852748585,5.02362060241465,4.120725537919322,4.177480355818317,5.474919873793805,6.581375969171433,2.968176443677859,4.829523851018304,5.463280341790388,5.780213972200242,5.319127343069038,6.761402549936115,5.028906593325794,6.311992790392098,4.353632329654031,5.05798294658885,3.787284924201149,5.900864440548994,4.879557137358824,5.357821062519898,4.686631368714926,5.586428501659016,5.397433973855752,4.005348570028794,4.063232567416989,4.972231269658648,5.659573957406657,6.862895553113848,5.302990856665729,6.0075314024885405,3.3871490652358314,7.0129558494339825,5.605686211129193,4.95039548884122,4.835303952542074,3.892800202141002,4.178713204279829,6.910435632133414,4.010995561713988,3.991732242133655,4.297779513924421,3.8018192470387273,5.01530657484551,6.0889105126652385,4.389507673727967,3.6266757202391786,5.291861313014654,4.944225662320187,6.002724550081624,4.545491700697729,4.7398432203733245,4.850469635456731,5.089004110553482,4.60743832264241,4.445355891953991,3.1496223151181586,4.434612790879883,5.715223268081752,5.850245519368886,4.5288869764087,6.299485998181762,4.971295928299646,3.6621536281840523,3.347615943545744,6.218257922619726,4.626996274738926,3.785935476927421,2.740723828564465,4.604283889124857,5.404750858996361,4.302308855953795,3.9467548398661285,4.450624231393273,6.243192019144856,3.607018382324809,4.358298969577483,6.21075773961759,5.494176289423754,5.1791278137789565,4.351553864583751,5.030504814500428,4.4621709315467,4.140613868929249,3.9199425246982598,5.784095596372499,4.939593867783865,5.314513743802696,5.151673185801403,5.44091882780836,4.745281210014108,4.518342548945426,4.184719670608878,Dog
3.5860308665928864,3.8779668293770833,4.634582278899779,3.3969605155645217,3.6177140958639695,6.042139892635177,5.224179484853792,4.548163271796479,7.27157445890456,3.3517502812869715,5.975611276461822,4.888533917220584,5.785047022912812,5.108953717270807,3.1277549377547427,5.095460467558828,5.335555854639598,2.808014701475586,6.944048293801899,5.311207594172772,5.671987740136496,3.834470610423688,5.690617522145618,6.089504459563056,5.253568228137846,4.9906284414792355,4.106411875101584,4.7837930822166745,4.487970485740719,5.571995637392684,4.150124074882598,5.564650721503558,4.161014437270343,4.737647445839982,5.616044397012817,4.296203280013956,5.650536488977602,5.552994157671368,4.729049326623056,6.16178320135579,5.0777843419771145,6.10227652658535,6.793464924877179,4.758698978298689,5.644954984027397,4.362432074677124,3.967185590491802,4.8045403426135715,3.637399720250537,4.06239222035269,5.591432599321068,4.486350984551161,5.710514087121862,5.299411938017487,6.851154062019115,5.5243372855760455,6.114218070279314,5.401884663127547,5.311393501078072,6.1647330421133155,5.668797465865264,5.210063612957428,5.205654665929718,5.538229311830416,4.328626480540115,4.286200533861302,6.425405932372932,6.864413663859998,4.071117541589834,4.331005567560296,6.142522819504145,5.533519993142397,5.676428105320922,5.896601294853057,4.759267838255925,5.329969924990187,5.252192150698092,4.14150839975454,5.315090943215704,6.2377106961496676,4.6658667611566385,5.152569248740934,5.206708916010856,4.715335449564729,5.6769012376943575,4.319934368745012,6.332645518695934,5.626205561632245,4.063231399327106,6.698009684886253,5.168101461261595,4.277052482764948,6.104554524991191,5.494671519448025,3.228040295765962,4.474339682756146,5.279097337221543,2.8404333223573413,5.085070085387394,5.15797937270526,3.8165081176241777,5.270644886259964,5.007463839125034,3.8087058941149854,5.919560546862825,5.837853794767805,4.710262913147639,4.801418676608177,5.726263937595346,4.799336856888194,3.0690917994798452,5.486936557399927,4.186740679261492,4.610156945582406,6.457870567951476,4.866021525991202,5.001734935873873,5.509667275463597,5.5053339438740325,4.080802232622217,4.939701484465625,5.036152527925827,5.272026896628827,5.28922194091662,7.5874412287774575,3.8241402294127553,5.980091620197956,6.183375805833059,Dog
5.492783973923527,4.349684605126925,6.664668030267626,2.808017135259802,4.316733302782174,6.171682197222811,4.629888396577482,6.596464524800186,3.4881952553215996,3.887898106051992,4.468361829873025,5.4173992775365285,4.777979849619977,4.509600747437579,6.420396431098524,6.513444975389151,4.585620234292445,3.2902321926703375,2.8425161708126203,5.239290114780356,5.655955622218798,5.0629977855785455,4.929091892919241,4.195457385305917,5.654979793913839,6.67818537889891,2.783122322664444,4.922498811212285,4.029651650586399,3.5095340059461484,3.870024129215584,5.3796728556844045,5.404962197591166,6.4602877611748,5.008781547145461,3.2417783701304215,4.761830457624028,3.613620927784216,3.7932041135779953,5.580559058406496,5.19418090559442,5.587565595435331,4.642507152728272,5.7905295634253555,4.586597101709889,6.1166828327422476,5.344638939471542,4.793003129515382,5.212093044176097,4.982139299025082,6.596106515312923,5.245437622578789,4.998387327605491,4.761509142949201,5.8431842192450105,5.707913339053505,4.726158369687372,3.8443584853771915,4.098031861621647,4.815837460457804,6.348927506119083,4.749823370753086,4.405876390034436,3.2392806867513535,6.5135414356022965,5.56902814598146,5.796009970005858,5.961688051929375,4.835269771241037,5.084590633747536,6.488601941951995,5.179580889319137,5.5875252900639945,5.870550717200511,5.642931332422644,4.871830829733506,4.966116157186081,5.7776404379759425,5.776002859934726,6.168232599019461,5.551096983309838,5.596605613592055,4.553766633215553,4.418850488928099,5.780630674351494,4.425814931983625,4.979298996883138,6.379023240971291,6.220570292345089,5.301788830797184,4.70386042016629,4.876621089656496,5.867660141055615,4.963500722553834,4.4417176069897355,6.215774756407974,5.181600139129281,4.422744179008253,5.478940188932631,5.971218413192508,3.9923269352122395,4.799546086647065,4.753316632411588,5.452287165783476,5.632008322859858,4.448526088720515,3.507248824093975,6.031798754599401,3.8800547294227874,5.271184205043877,4.868019101269318,5.162443905204075,6.6512339717068585,8.038281613621828,3.3665625886013917,5.983906155332924,4.843752227322354,6.047854513712553,5.957263076179164,6.409744807198163,5.284964915162697,4.110423515044976,5.92764948870962,5.117997576144064,4.766156784865868,4.523776119295038,6.006335569105129,6.603369492007377,Dog
3.8046474413003657,5.6219522424789306,4.627612814577355,3.5327276018078866,5.147705820763008,4.166862219810439,3.4222467721998022,4.218259527775466,3.9722260820861464,4.353313146936609,3.674115923046311,4.604859891373786,4.286750871916027,5.375613877145657,5.593538986398316,5.260148576778442,4.764555542126491,4.737572404307685,4.162925012588635,4.187005340590063,5.703603868078736,3.240297401349536,4.919275061687058,4.676470938438799,5.5991321013748925,3.5749880165776493,5.01248070548594,5.342984341359107,3.095268781376005,3.925672027138263,4.908210153187209,5.514146907634305,5.1824993111127,5.560454252949807,3.9206274873593454,3.4112496502719734,5.084505805756789,3.770646761785885,4.134677673952197,5.932278354826374,5.189099556766851,4.431855094744586,4.301968495359036,5.620921556889165,5.211970935649983,3.785443357677309,3.0521762668990524,6.88180183264015,3.777520774682442,5.527696503300123,6.510692932338174,5.147597568833156,4.399563323532796,3.573950958304288,3.55998946367997,5.376694848676386,6.450976322949985,4.6045409032954705,4.444279537850636,5.697481090811187,4.314052746095253,5.274482907628421,5.041801450085512,4.590531941421944,4.98446184126348,6.763152114649979,5.604532944100956,6.0925008042559785,4.081305639079939,6.095936147607574,5.639020475468985,3.500403903440632,5.5397907333711,4.486725863205323,3.454196323674384,5.129775732327619,5.53904259106261,5.151608068644562,4.890861415154244,4.669414661541668,7.466588009341557,3.8174306114713543,5.872921982357203,5.0154229708889835,4.145533493732968,4.951600949371421,3.6070673624113825,4.404509593193146,4.953065674164394,3.4488829414008704,5.506382538488058,4.036238959088468,3.5482790419864476,3.9195822641716296,7.175954161835486,3.02193585813116,5.43612308876979,4.2483637289807135,4.649871828482438,5.603930928680333,5.5548187148389205,4.319303580838209,3.642175993366706,5.622140973700639,5.552377193009344,4.715030491211811,5.441944383808378,4.554170519024464,4.1729624349652115,5.003962181121075,5.519032741091517,5.309250269552434,5.509162680076672,4.239421126710874,6.581881124758253,4.657619144661376,4.881084348523409,3.681344090782132,4.806144843702716,5.532237736851517,5.762510612692664,6.561940737186783,5.520234895825461,5.276913195799703,4.553704888485681,4.3382595917669935,5.970248514668156,5.951070351738909,Dog
3.9229872991512273,5.723095887153481,5.6503836913958425,3.886191114985806,5.5404568047891765,3.9504535405181924,2.5707070323265113,4.83989758630795,5.257814705254989,4.884929195116887,7.867106817187974,5.378851229234974,5.1471418192987,5.429591303314091,4.558680995599902,5.929479062093539,5.361001946177102,5.31517170389249,4.375879777133061,3.4356696735509065,4.4986139109227095,5.282633856259892,4.555300520255054,5.291727167067371,4.767638123143695,5.430579484626524,4.023175874124686,5.192890011885082,4.3590458536486025,3.4617170578693637,4.834845876971625,6.536317573818047,3.5414235921540174,5.119392250394199,5.7975770632642245,7.300030685144451,4.507067017553312,4.367999395395687,3.8333078040607336,6.140516334846219,4.132585670760925,4.6294035682246495,3.151062122628745,5.883971842678526,6.158258280778027,5.845775063584365,3.3946747186462822,5.607151040779306,3.327329615275999,5.05804030206424,5.205077579983797,5.310183218108265,5.534636532637468,4.991966396440728,3.0375704872714477,5.535121008799532,5.097608141127748,4.097380208628767,3.4306025788633914,6.540022185924359,6.231300538290682,5.705957407307455,4.323700088765297,2.4830044477884825,5.764679175435235,5.366686773855075,4.625337690927823,6.124806306697876,5.84799753396285,5.17609548823085,5.035058417871114,5.050967717599681,5.679939872834746,4.142523653457012,5.425983121785037,4.07940905553041,6.336555171752234,5.532128571575234,4.31177173836107,5.08059582402975,4.1462136199719595,6.504112837700796,6.622875984471209,5.696223682562848,6.556656567654578,5.1517959488725005,5.763512567174797,6.224724521909756,4.994256404484083,5.071103857317345,5.933656601428898,5.6464979655959935,4.244539279798947,2.813170628728531,4.824471937402952,2.903085820774821,4.008982663894452,4.125713042799616,4.431357689059873,5.820438144163542,6.03767954073026,5.508740719807207,5.632506976061805,5.6561204563686465,2.503170008779076,5.010197682007116,3.203541278829995,5.509139475671541,2.906891852680303,4.819561464649301,5.547769776019587,3.882242051683688,5.96171596051322,5.506622169951747,5.38082469583791,5.698001587510532,4.640799912233344,5.1519188637568085,5.010051572234199,4.987451055383855,4.327968923352923,3.7574678852772943,4.663141650710525,4.608052092805733,4.26326901248311,5.8520537818100244,3.827793382144387,4.828490841108758,Dog
6.166339711561252,5.909129352599552,6.216293885097283,4.409219422625773,5.7842881257277075,3.9370296030218683,4.72412604418346,4.818244189219807,4.424159787801989,4.638186011915475,4.506624072502647,4.017606188898305,5.856413506005792,4.817549997125731,5.201436543917286,5.163776871192855,5.0547264251100215,5.092804546056429,4.694582779968979,6.418396868514863,5.760744761635359,5.01838203277102,4.552945564033937,4.881179157270919,5.417621516371746,6.4999400925363116,3.6269524553349557,5.6597747586417775,6.126723636778634,3.513281530094768,4.818849123268725,3.935482026916961,5.430529611677034,4.6416490676444475,4.869860933119875,4.5889441927215255,5.720163432768269,5.229032960598138,5.230926764039656,5.160621825081454,5.572490880452137,4.7380281451436765,6.700774787540927,3.7652052487814807,3.274081551830351,3.1913194313914266,2.9204118807075643,5.673169814820252,5.551367699282641,6.207776491775595,3.943361785294478,5.7454614547455005,5.056824062149306,5.166586499155859,5.625622895349608,4.243718248937556,7.5872491354044875,6.331880304275353,4.468294046004639,3.909261942276652,4.912095838195309,5.182258443582042,6.065615259708311,3.831279088431674,5.2854869431991665,3.470984975585211,5.436357593411119,4.8924957795419495,6.936679762285763,3.453997455780323,6.370608381490105,3.2961686648337816,3.672789725593496,3.3229054415278347,5.250352608451054,3.8263011892462666,3.6516684947194618,5.20276760162338,5.451775385874691,5.039849304150326,4.837780850978447,6.8289096324371785,5.14583626624197,5.805691473922249,5.142922125689958,3.9021237117453156,5.549887681902017,4.344202688530208,4.909013861960764,5.305402681893426,3.058581933113357,3.390497876108271,5.909459172497563,4.336253553401056,4.383678010891139,5.16643839737082,4.61432740287813,5.41758838164279,4.948878211266956,5.198602950180448,4.298141609757748,5.193594823280928,6.105089086835444,4.4322517838858015,5.915318300272151,4.948439681677351,5.7344816559779375,5.1287713183531105,4.966589079902073,5.349729682076366,6.213597562302249,5.236097294215075,5.478530830908397,4.631515086423299,6.570886473995026,5.640337110929671,5.077708460025006,4.877346327745325,5.977908269273111,4.393795922954741,3.217124983728667,5.072399599424456,6.190004573114344,6.591308811184674,4.89270605656612,5.043587663941783,5.519530432515955,4.735650581136235,Dog
5.5164059483911485,4.914598248931732,6.011368257190179,5.7229805130978235,5.810227832302433,4.794682355197912,6.925927320502261,5.483911942379472,5.247294053486831,4.239057019433028,4.902928179851446,5.114379760702636,4.2123227035757,4.707682854230912,4.83419998189699,5.055920660923218,3.237293009958396,4.864729459295735,4.622653816920068,4.9791158503751,6.035276566180256,7.052395492121206,5.678377199644627,3.765577827933664,4.654593048167466,5.595963308831092,5.483290496429023,5.987325735453075,4.902649005709404,4.636499755634494,6.752424003916039,5.058670603369637,3.9833256239788852,6.475133657032921,3.5039045086055554,1.5049547775113945,5.769386758037574,5.910700971024632,5.414012941944691,3.69754391600795,4.941130144757679,4.721831426446129,4.46271098910761,6.41206943080928,3.953333941368311,5.3161044531064,6.194046983662575,5.381441525319038,6.241118372495373,5.563714722428929,5.429349670492029,5.366834868832147,5.61344326665015,4.61446090258774,3.6981261481272134,5.954043411463309,6.161742300505766,5.251978810906044,4.4516243803656295,3.4422828834703623,5.085807099923388,3.6510496552820286,3.511012497362074,4.979268471984307,4.236230498811985,5.3453095561647705,4.840704397438126,4.39336543377739,3.2950849192710345,4.147111874169642,4.183863509948909,3.774692326485038,4.670955704757615,3.8527480088253485,4.836257252708785,5.240411213668656,4.173830045610822,5.425408629418585,3.6386421287522963,3.8878226016037094,4.886782702375231,5.687041091888639,5.867399541489267,6.612390622157559,4.62341112518249,4.872498681321695,3.967324470982013,3.746233668008977,5.2285720863275245,4.224128500553757,6.23237920001729,3.537614268132609,5.486353205824696,3.9942607611829706,4.179551533227916,5.539112065252031,4.324119563892092,4.4842159324801,4.187841636448431,6.785029791613441,4.382513688919991,5.051552217432763,4.798086399718926,5.221417061724261,4.385263053034064,4.79918276545835,5.393952008993935,4.136992861997008,6.0893213566281545,6.185480519041633,5.606492626158739,5.069876383596483,2.009398551795464,5.424291132654463,4.608669594771135,4.75372558858246,3.1026226694771832,5.493588485874192,3.5514189531730453,5.118424545991394,5.904657481909841,4.530671818682448,6.21605172522844,4.2530096217928195,5.600433076731002,3.6952142485414727,6.031130434680524,5.87599038257929,Dog
5.46835792296373,4.606715863386189,3.597999376571888,4.609359684780543,6.110307175748122,5.129961871569115,3.4469630704875502,3.875272360580059,6.25315140085228,5.487912752127886,3.765999879260072,3.2341685038254067,4.374957865399933,3.1486412920100806,4.844165509992999,7.451625371836304,3.403043924300828,4.813974336793785,6.311926575331251,5.749087858300095,4.851259285200862,4.853651329831803,3.844090217575421,4.732344229994447,5.24344071424013,6.10511354327409,4.379824376485244,4.8101648719365375,4.050786519243317,5.225325179540505,5.7837794503089635,5.629648013429895,3.8298129245576447,5.146863209456415,4.322687471749812,6.011050015652833,4.838687277226462,3.4804866617589156,4.780197294392266,5.458472569198881,5.244006063142799,4.48820398634802,4.414726610128854,4.012495601783684,4.605250379664694,4.144321033474197,5.970085986177315,4.098862609268384,5.1222844623622015,5.054303903326333,5.945667447884912,6.0893682889583705,5.695969943281328,5.35292834329013,3.951353853905942,3.9311299122617425,4.154309180235051,5.751920999627915,5.073329928250636,5.868657240735563,6.002802734320083,4.274048099700752,5.032074327557187,4.98700632131641,4.672212310375785,4.465157145475288,6.184755503411057,5.051971726715501,5.013144788559768,4.1972223251314045,5.675212430413504,3.9948924991619847,5.454905528844682,5.482229360055162,4.587484950676432,5.31765208118318,5.185669559044487,4.96063937518985,5.0129439801452325,5.061781823193521,5.129911672672048,5.060242031343707,3.8961358097878582,4.847789048994395,5.264948601196872,5.097288728539292,5.953750259395139,5.620086589499454,4.129590464946864,4.833372891945605,4.688663346552812,4.995651513372816,4.9970186001613,5.611521669239849,5.177328363141144,6.23054500520855,5.24100313766236,4.169409479662724,4.53271937983178,5.603789070731758,3.385831735494315,3.654119585239955,5.01069720712523,5.950922118521166,6.307035431954878,4.782894252978228,6.060828686985884,5.072267909768898,3.4685850177567694,4.991923463521631,4.3810918753784485,5.918230880477741,4.974324739645513,3.72208689344353,3.500285189091441,4.979020042585549,2.5797825285402944,4.481834710172099,5.231030325742842,3.9429834959446417,5.993987156905329,6.191006549750692,3.9832990472480483,4.7019558258035135,5.994693151321472,4.998692465744911,3.6055214219009804,4.856678931435647,Dog
4.147071677704161,6.108197896425885,5.605932094324589,4.686243054734372,5.142148012530041,3.6918784230275135,4.246222541442388,6.5532791876924925,5.0535146525796675,5.930085804791365,5.232013088408029,6.314281843029525,3.00116246740078,4.811782415980994,6.644781646216389,5.956173435560644,6.325372258790191,4.993235406343509,4.462893584586617,3.9728355403120714,3.9030719083384895,5.807060562208519,5.513211050420852,4.9334265506696395,5.50819065485168,5.142451759052061,5.962217701399483,5.95268675490817,3.9341258995151573,5.27364598746979,3.3311332498059176,5.133020738090596,5.604304279701585,3.686280655206839,4.583537264539168,5.009526377219802,5.23391491637339,4.721396296775165,3.827711847595328,4.945992798080741,3.347756433059022,4.767358563317855,4.558626386303071,4.865734326560579,4.440678022524317,3.4923191618438,4.633656679410488,5.930820125037319,6.261460803988805,7.439334278719267,6.691650408397664,3.803062073331896,4.591562398727341,4.977214365162223,4.9144401657663,5.069533329896226,7.407591421547559,3.9179484542076026,4.286468863785701,6.643825930089093,4.384018656915147,5.393580650335716,6.034657369868208,5.486499016732029,5.191765633102492,5.938610769693984,4.1069314434950295,4.503636870503999,5.535637588465164,2.930560740785749,6.416583823344693,5.303392375197781,5.15303175278115,3.369487122358943,3.713390874600262,4.601416335699138,5.807429850295599,2.9233839878014147,5.788364800777356,4.639968675891633,4.7765765272583485,5.2535929416908065,5.269317237846412,4.287571410063403,5.624910088468843,2.6806018601035615,4.549581113432345,5.153681763176904,4.655050684785525,3.173089696034018,5.758027378760471,3.751612187872948,4.932485992471711,5.153034597067623,5.019827153765367,6.169010925863815,4.946737440006313,5.42745540469694,4.944095966848759,5.6129560841662745,6.393495297047523,5.137541829472194,5.781850357583,6.455328934882197,6.357184246974271,4.6147105963887896,6.036432355745167,5.248771160047193,6.117229997733913,5.56863458356295,5.2756680760361885,5.433972080346354,5.255237956038931,5.2943330451365105,4.841167639418091,4.748275659392482,6.763174929372669,5.477527911111184,4.4266950777686,4.722582568570356,6.056258453447951,4.263813289911381,3.5179723181889893,3.5915508593979553,3.271024399795212,3.701185141735542,3.8191340601991897,6.385237379608139,Dog
4.953820787340732,4.636736460863283,3.556586936981426,4.85687360252866,3.2626719374358073,4.630582828713635,7.064494389843675,5.663803578706365,4.790201839645469,5.698123605406357,4.478456821872432,4.199322257120812,6.704129629532842,3.8577253460797265,4.645878764322649,5.306033282363511,4.063765794242552,5.65060495363141,4.693405475357747,5.663910327566857,5.585984179750518,4.7569878693741705,6.710658672590985,4.334664196566559,6.3488704705487375,6.1749332426280406,6.77088220766044,5.174056039343021,4.21141428807201,7.0767965853295465,4.665298532023636,4.186457427294465,4.810213254095188,4.018309283842923,5.526148825123346,4.3943316182414875,4.7125158300951275,5.9677788616649625,5.623693210176191,5.015584572569659,5.1708735287469825,5.012255430631542,4.5688449335826355,4.997473339152212,5.490841625492943,4.87383787102116,5.4197676302302735,4.163331221576953,4.396106348854295,4.265679496726024,4.434868628207593,6.287181046706091,5.7260387931103605,3.9230768813156542,5.437498296408455,4.60941768735143,4.317615414528435,3.514260534277493,5.971918693820244,3.6361368503328615,4.948036821990126,4.053688754275131,5.775843947069925,4.66564817368605,4.865537344479655,4.8992657370699675,5.302570334935783,5.013004763983309,4.956726811038884,4.481598024745222,3.425270626657907,3.8814490404581443,5.718479738680646,4.694180536673702,4.335990222277521,3.594271855581955,3.280352859909648,4.2967931198718015,5.888052854045257,4.442929806377681,5.400485525241447,4.396940170602043,5.638866696028849,4.648249198191331,3.7681157544495036,4.731046932100556,6.834000418280407,6.789884315550855,5.486533302779365,4.8629411845862975,5.303901802095083,5.316852338733289,4.960113247632899,5.440944019922617,5.2082268621535635,4.684027614635687,3.804743200616357,4.539940757779834,5.799518849073597,4.968537775504635,5.300286891587505,4.716984472295588,3.9404024949893754,4.761370285128177,3.9775440992506486,3.9137108263964486,6.205636608869409,4.579913995065784,4.258515274539967,6.617959684380906,5.814985035404241,4.628490774498162,5.427636325552369,4.764211681739297,4.3073203207204,5.474691224485005,4.675698114679797,5.0754980089994035,6.021363234899671,5.911213103795377,4.449906708143923,5.486031602287086,3.8721437538542443,5.450414161315705,5.148495305801106,5.378979362363431,4.702555245355767,7.08407127365249,Dog
4.098700292379686,5.971551710968462,3.9683016802316686,5.504344174629321,5.575789977251783,5.054975871562285,4.504675589456296,5.141134890745299,5.267010333430174,6.789936486306282,4.127659714699704,4.444086503685998,5.284735557069336,4.743946209604748,4.8999589622694,6.070351835363761,2.179733496570765,4.4020506549821885,3.2576307737487507,3.8041835630959295,7.40462449207247,5.598168133952756,5.951564925058104,4.919470350213569,5.75871382483191,3.233435492479751,6.038298411769601,4.1801558814401005,4.468684180674087,5.5051510704546525,5.316446758582215,5.084620048393549,3.6369038464196812,5.099813668821642,5.960561353483229,4.4675129039002055,6.3149370453402955,4.127308064085991,5.006547891718374,6.535327733376613,4.318600087300391,6.053985483377074,6.974652362221809,5.17104406892415,4.472983012616693,4.227261197049977,6.304602703347325,6.276694199339649,6.449309122868676,4.967161649344053,6.037806941527105,4.95116060887393,4.1169448783916405,6.124176785112353,6.633870278278205,3.9793980272186804,3.9605690370993303,5.039981934230124,5.956128605741,3.8661808062460468,5.227015736955906,4.409573045940248,5.700829099825002,4.20211317850411,5.771803000274179,4.841785189182292,4.062859476318957,5.063689955426889,3.0620266855116474,4.440905427895061,5.3374010703246615,3.2282452209681045,2.4288631468945887,2.6606326801868327,6.32712855550037,4.92324098723727,4.467534605992813,5.945154735666829,4.595550317530889,5.268461899866732,5.025755350923263,4.529000579247022,5.294145883889106,5.773261221420144,4.8150933829830125,4.539444426845385,4.657487592000547,2.7020874672142683,5.283059546508912,3.7908887110114486,5.629718724118924,4.9095758993247065,5.105121096530441,5.700329170606202,4.073476233659065,5.369248443350957,5.2676210525626646,4.815219167357207,4.0718137992364625,5.595238364055164,5.703454544419316,5.113602025977884,3.929697584285355,4.472550967074546,4.939667277579933,5.688494549982093,3.4165105988868834,4.436196535695624,4.597327440057797,4.9167784205969705,3.6986747159751534,4.782467221626667,4.68951643568741,3.9624081285103436,4.882032415831316,4.458830903214498,5.4955861425097075,4.114672438995662,5.0898341221284555,4.191611162770732,4.400245761841187,5.297291627705405,5.234717732842156,4.582977817421639,4.730589381667333,3.546393554890476,6.4027643105807,5.687456397878028,Dog
5.651448050871107,3.4049677830437846,4.404510007510713,4.665453971076377,3.0689385079659877,5.889950096076086,6.453884488548136,7.061934956003614,3.9541161724822635,5.117323496834274,6.322818269150421,4.7463815210530464,4.433012086157322,3.1339823264555093,6.132622457771749,4.980739243926635,4.270658141036938,5.28385728982886,5.153005373178665,5.168259102354591,4.782901937673325,6.622358158763365,4.866340266737578,6.6193220763233045,5.564116926400198,5.351170142761731,4.886725246721845,5.9739566935459205,5.112991767577995,4.0678687848864685,4.034507809001965,5.422484621934272,4.092621114833504,4.937768943027501,6.057184538551091,5.303970177894334,4.277865129671253,6.40998751161614,5.5478752369947015,6.017792987204089,2.7324416567906975,5.330852878262746,5.842157836379894,6.700288642297992,3.5361814158489584,6.206114589194533,6.644380285701245,2.9827110227210207,5.478591109869742,5.617620814340702,4.672992337348094,4.50990553993371,5.667853913287822,4.385018246589368,4.782750671581902,5.812434900823922,6.754043050326864,5.537984272542018,5.133484495414511,4.483602515339229,3.989399959348944,6.10957824150095,4.846550148873115,6.1507032746667285,4.670448122004538,4.350711338638988,5.420798888827516,4.9234640607316,3.7944713953892624,6.817368329781848,4.373016226228362,5.927591521174214,5.8418566293964815,3.740537235085643,3.9976123553835157,4.698490660299872,4.134353455421683,6.7264563718786885,4.7998243632014885,5.889749042814068,5.513637389000204,5.264022448996354,5.040321210739588,6.2371307077886975,4.174907026664983,6.726335310456586,3.7127768194959048,5.7815117256224235,3.5948361400602176,4.68429444777304,5.093309938060967,4.513304651170486,4.818330430383109,3.6130295520692064,4.0125495312764485,5.498264707195882,5.029671824977445,4.309471974178493,6.324277763129672,3.780069100009784,4.6384095341359375,4.4943437218215285,5.615037627761044,5.048163691137194,4.891834753465403,3.155783296132761,5.865034480632093,4.782174185168263,5.11566101761042,4.251436779906123,4.094171237182927,6.4992877584756865,3.2267614217375873,3.9458009722172283,6.480492152669081,5.640746380998654,4.67453746825758,6.246596314288653,5.446860116396008,5.232660091974419,5.225562017102417,5.465238217214494,5.505692501297453,7.1959730528959565,4.8051071883273275,4.835952811851796,3.763106812429286,4.948102613178982,Dog
6.862886899544819,5.984485002434656,4.456332256124672,5.030041364521285,3.7035616244150056,4.030880655701694,5.149441152613718,4.505545397179548,3.9554002106215815,5.489840764737892,4.917749913346676,3.4324496283089605,2.924853033832212,4.429988501425746,3.411734856558472,3.131088593529346,6.128969201402086,4.902289110134707,4.734553621774497,4.811594183849251,3.8621678492070304,5.410976165014168,4.869299673267459,4.242591344020588,4.392371315475001,3.7725412867877046,4.593757127098165,4.760372119217486,4.567716670870036,5.055154557341586,4.921488295238244,5.2307685386646074,5.9430970369215945,5.59302347721308,5.9545898405103355,4.152265770173771,4.491385105911343,5.653596683945968,5.671477671432086,4.321379382463118,5.611583925781742,4.056467883354058,5.481055724141794,4.973703799134359,3.6155643960936636,4.565926178240593,7.182267809695493,5.202780362804995,7.3004499767182605,3.5560734701249634,5.750741792663842,2.4656638081928843,4.999764515085217,5.631217377651321,5.837890094996276,4.200730275419587,6.039090421976736,4.4662852399553055,4.835902748887603,4.566677780643366,3.8636106492676685,6.569719587420859,5.048017817158077,6.087318378658628,6.044711241764601,4.032059785727017,6.216127247671602,5.503414243549322,3.959098135527111,5.448850831341504,3.9770321151319323,6.60645836797864,5.813786744922097,4.928851437808965,6.264803618217184,3.4180123552964625,4.250658699879959,4.747580278259629,7.235684681425518,3.9295170991265946,3.2926940582593263,3.5556144855017293,5.906215869205601,4.405807729461143,4.840913335631386,5.762832641674485,4.841915372042088,5.204146604508056,5.535215147609695,4.5693236080397845,4.833682940070316,5.241955402321011,5.8681792730532205,4.207630735819351,1.9794240781702204,5.679583149385647,5.927715918750085,5.200034162130172,5.2682932189565355,4.4356901058598295,5.500183421534924,5.853166819684189,5.056496341418485,7.4912483300072665,3.4362589123286202,5.162961670856347,3.8256470376826854,5.87984592395689,3.4185245719578186,3.6660784572823015,4.366813059450795,5.2658321698554,4.404528611338383,4.414558737400907,4.819109545073915,4.757759840938494,6.487449388318524,5.685911119668968,4.675423260215356,7.097011911213614,5.491661174856009,4.031037944686451,5.256513739991844,5.535512544865314,4.312375280938651,3.947491089193961,5.086459090042442,4.639778228693965,Dog
6.479127888455443,5.741155824084915,4.359224725913419,5.4259381109485885,6.26712814272474,3.60619555410035,3.977221759012248,4.988831382720469,5.035601967905034,4.9478024945371395,4.689222821212322,4.67393967754798,5.384258136821629,6.133942553639173,4.519047270311574,7.438399345170653,6.9606914357403165,6.329255629580081,5.6224833345615615,7.007988106470156,4.709884635000591,4.167395588009765,4.474027940596016,3.9970571969099185,5.121801322313369,5.299830464127743,5.200839838681107,4.9875686478182,5.133154528171615,6.736323808849889,5.620051867639084,5.922508796604822,5.190789936686788,3.3844113015319226,3.186117529530489,7.082809990208515,4.468177724768779,4.383248655848067,5.245663241377249,5.550402978329927,5.676862137334413,6.774418532880004,6.500736382657942,4.189066775361178,5.96873457342179,4.6159090817892015,4.862491255569223,3.9060107940486377,3.3069271461685905,4.968438287367711,4.044018083888754,5.927813678572036,4.718921756479879,5.308590218949873,6.367525753915432,3.5147048182178917,4.275382611450313,5.18088362456585,5.31252481582326,6.103497501272326,5.867153129040598,5.096933625730739,5.3034046705972555,5.33107589099049,3.5302876353262445,4.8436245226450385,5.248473217997092,5.458550858785107,4.075636559935841,3.731202087471109,4.765467407481919,6.9673661110914935,4.180752487271331,6.17392824735481,6.58473964304512,5.045466526233193,4.320152065346549,5.512819563658225,5.1949902920994955,4.140896019809691,4.341197173628224,5.453579852145331,5.933440408168548,4.677209798684612,4.9308664351119464,5.66863857051108,4.827513115826065,4.7006730267041155,4.244659180272774,4.227315376625969,7.668882758223256,4.8037983399209185,6.365058321512224,6.6839933375190705,4.81641771050684,5.368429808434769,5.102478482033032,3.387817649341323,3.4480269877518377,5.048848466904273,4.575086461391404,6.89158033839359,4.763427061305381,6.950928997068125,4.523608603864456,6.912200420608934,5.506424496947346,5.563291895771197,4.488236043266351,5.576917180403688,6.69271343308125,4.855172505939862,4.660603184633382,4.7532374611399115,6.6201116050064375,5.855351207001086,6.447679990471118,5.313622710484269,5.039319356777832,5.423944039070633,6.07015853441254,4.752881757412135,6.368676993356786,5.365830557065877,2.5937218619698217,5.883493427105194,3.7276949867380176,5.859172760673987,Dog
-4.098482001761834,-4.670107402618791,-4.456319101123306,-3.9011292121560133,-5.495627673810728,-4.206570340297521,-3.8369766970429637,-3.2399174024615216,-6.105780286059703,-4.591483935012231,-5.9614891990614645,-6.003922017701498,-4.64097222759402,-4.922544185203861,-3.854998521478015,-5.346176449594209,-5.134051436197011,-4.788495737661815,-5.8618288514364565,-5.723069845015931,-3.883901334227447,-5.548955041281109,-3.8175234335503143,-4.392687419331706,-6.547531025488936,-4.469621308162212,-4.477520176905872,-4.5770713914887144,-5.1418767263830105,-5.940067455391852,-3.6537872338873796,-5.101579588722836,-5.883406160335368,-4.542531313911992,-5.742779970733257,-5.949086028285121,-5.375472612202438,-5.665397764318074,-5.9122422519845745,-4.193588237738241,-5.113827814462399,-3.747720054484108,-5.854509477729936,-6.727561037636336,-4.851229650750584,-3.1440210781935845,-4.469013170637998,-1.7846258037871676,-4.667940879050912,-4.76444778871191,-7.155362671057917,-4.572052559411472,-4.831332239980709,-5.407421198204537,-5.13677886705907,-5.068100574342179,-5.179929152932064,-2.910285036874039,-5.370862027805009,-4.830686276146142,-5.403901083386207,-4.21656881335612,-4.823236300027793,-5.279910573170482,-6.925967945907183,-4.75669177471125,-5.309576273579751,-5.060740656887101,-6.182457947245333,-3.5667178272798044,-4.143256824156128,-3.569294002359368,-3.853020699219046,-4.407682697872539,-6.142282508726443,-3.1566128359281413,-5.927635150887511,-5.268407624074961,-4.293097719373079,-4.243459212812595,-4.427763273055442,-5.40028848132909,-5.606931627355475,-2.4654674313938636,-5.039313938499833,-5.161771384638836,-5.713556490938753,-4.755329650929042,-4.80197719942193,-5.016226208704295,-4.618273353212114,-3.2364624975576466,-5.595052706290899,-4.95691625779788,-5.647848452550556,-4.7053016391743725,-5.568469501374419,-5.52544299143419,-6.459523374055626,-4.902205217180326,-4.570230378095022,-3.139523646807705,-4.530497518810154,-5.449684123297319,-6.359679087686089,-6.221287005665478,-6.295628339471972,-3.121957964550619,-4.71218950307363,-5.582966219261893,-5.959859605153264,-5.856107840393921,-5.609299394506379,-3.6837447837448476,-5.029943447057749,-6.447466417273949,-2.6895407252696284,-6.1401611393658975,-5.590835309923867,-3.689855612366118,-4.584850367390933,-5.46992299962421,-6.231366926093835,-5.966690108925027,-5.906496119076466,-4.9929682021504505,-4.8089381827186966,-5.148654628631342,Car
-5.039213813924329,-6.050723195194321,-4.706863893776111,-3.7194813631630037,-5.162791681749568,-5.1822867064294735,-4.916998947947151,-3.881795140240609,-5.89472299943864,-3.5491526642678646,-4.578777760564762,-4.971319304301132,-3.7867611633356804,-6.182062073876455,-4.4779544637552915,-4.569690435493382,-5.935455064393793,-4.539361877046179,-4.716694820619514,-5.1787381196899345,-4.1371824447696675,-5.571754252357665,-4.729678754156631,-5.1316737824553185,-5.614696823007668,-4.497115314881229,-5.207735747349152,-6.473006458709547,-6.801066104717984,-4.210942531916798,-6.220600107226831,-4.720615506599394,-4.94504810637185,-5.3685317769709,-3.04333154278466,-4.820325981539554,-4.244366517317935,-4.715183784660191,-5.231539423117481,-5.019088750235942,-3.541457234339516,-3.9118947073995702,-3.0480135683113994,-4.778357907027116,-5.876937065700748,-5.440516944359812,-6.187778191798591,-4.232955871124723,-5.585916316077248,-8.05531794631951,-2.5362243016700696,-5.570601138488316,-5.576590925485809,-3.328388307339633,-6.2082514507975155,-3.8633941134668333,-5.587442443424021,-6.323795444596859,-3.2942822386218635,-4.076903052937473,-4.079999015484957,-4.632344453211226,-4.40089836692232,-6.232158024748044,-4.888389142755339,-5.928763000450845,-6.388940519063055,-4.589046669291968,-3.8418504443404555,-5.383368824228064,-5.212012892334542,-6.13815064508304,-4.992782853912102,-4.239923887611586,-4.208472263272227,-4.454823824369067,-5.618431167194536,-5.650129043427151,-4.204595526759067,-4.188001067783269,-5.171994985431893,-5.426171907565686,-3.8327529065543002,-5.359948664813246,-4.254067775476218,-5.1368431748580985,-6.047532781037,-3.3876878599762974,-4.879936104268523,-5.7107439798880835,-6.390805667775204,-6.290000798236834,-5.3729114040946016,-3.0748711164664075,-5.584661878674242,-3.552545167653795,-5.130763668603084,-6.181150391101682,-5.473211188450396,-6.2809879237374435,-5.855968451963854,-5.885748061875917,-6.903803867481266,-3.487203931185274,-4.788982969777718,-5.6862784056181015,-4.778242253566611,-5.835480393642062,-7.671061965369756,-2.0433083667734504,-4.810400123322941,-5.589013039314765,-6.933914811677433,-6.49414979514256,-3.345508070445095,-3.498061451201533,-4.246784964001052,-6.115077038409813,-3.4900260120229896,-4.5502173820556475,-4.345075551648465,-4.553829055556753,-6.506987184626103,-6.198160950746887,-5.510218166408362,-4.356360292466887,-6.380432082243146,-5.17534641494419,Car
-5.1766095101630505,-4.207260310672423,-4.325328464392338,-6.010225929052133,-3.5533138305126983,-6.1632398287502905,-3.90776055809925,-5.550144898348398,-4.836074046566628,-4.774012539895695,-4.802292559291205,-4.32550080156543,-4.608540502066467,-4.216350870129462,-4.535380039654864,-6.264455258925844,-4.730200925442013,-5.563869902505333,-6.109262477907284,-5.2898398926773,-4.816764400964909,-4.750324972012216,-3.943975254859732,-3.6926908810284225,-4.663719169242644,-4.4828936229905905,-4.904690966824345,-4.232774536350416,-4.513011861162935,-5.054488093857804,-2.8480174329956998,-5.546183363441819,-3.5455430432916626,-6.354292926326937,-4.186383463548545,-3.5634316482731627,-6.90721907100792,-4.861049426944906,-4.284585958755956,-4.748036395871933,-4.621844064393037,-4.863776837623337,-6.094247826361592,-2.631954407844558,-5.503537863315799,-4.565838761221094,-5.646839677085428,-7.275863190020699,-5.924512873748969,-6.447606692275138,-3.9084324607755105,-5.606868016044455,-5.514091339179963,-6.064330712603736,-4.905964601284897,-5.716458516361281,-4.007645268753212,-4.6979606769108395,-5.571825785724448,-4.149766948162981,-4.992059476976762,-4.978503094310049,-6.462634903731926,-5.071086132785314,-4.678455360682001,-3.666433177801655,-5.751893629903323,-2.7218913766144888,-4.443131683171014,-6.519411876033807,-5.845198114085556,-3.579000835783181,-3.7567708570376057,-4.981906518439497,-4.850082296942148,-6.164610273725971,-3.6785572597646583,-5.9877670867744675,-4.155258888876583,-3.647957631334862,-4.951844445780491,-4.032388633877801,-3.152360291974306,-4.732031200789262,-5.175301816431946,-5.066852857551517,-5.7429879026720885,-5.765583792736873,-4.557593236174297,-5.163949822149284,-4.672430823148734,-6.489936149852571,-5.09261882518714,-3.9698821499095365,-6.118924276976018,-4.983473585865449,-6.854609310898411,-6.305462022273174,-4.1923391123219504,-5.30928429331295,-3.1779271344614575,-4.5675568895756875,-4.469404335110675,-6.076482049894899,-5.385105376844453,-5.732636182047612,-6.065441739550586,-4.336106873903865,-4.13548413423132,-4.601062805832552,-5.828067193225987,-4.669269964902537,-6.912678401465657,-3.67699073129196,-6.298150175637437,-6.120458982438463,-4.884707730429808,-4.795840439757955,-5.072748598451785,-6.110127940982297,-3.866652006396708,-6.685949201069251,-6.483268990448445,-5.106982771954481,-6.264233981844388,-3.7773747237240745,-6.178214635412915,-3.4429728477896875,Car
-3.9648778342284268,-3.7649442644924163,-3.1128940170467545,-4.918772075904235,-6.012974595819958,-5.1030078757686415,-5.5666656054089625,-5.709191272513722,-4.849146563193168,-5.311704214207746,-5.7522096843169965,-5.245402392587258,-4.451021535796295,-4.043582793407304,-6.60292391319099,-5.303201086328542,-5.141343205474705,-6.1825200222276315,-5.119705733040699,-4.852004390459972,-4.481165454719009,-4.92284197436833,-5.880949409997555,-2.987969972428153,-4.170873228378402,-4.447280255350133,-3.9951687429890637,-4.7553908281895225,-3.713699114478045,-4.943128049714236,-4.998252539725816,-4.364771521208796,-3.4236424537090766,-3.487951384710693,-4.407152401740005,-4.4833881414232,-4.303957588903514,-4.014379086663403,-3.7012680605867576,-5.23658408400385,-3.6819387101626084,-4.657004885928694,-4.34906837750005,-3.6180506784660054,-4.2529377499093215,-4.0840044368471595,-5.389418533282421,-3.50168845625032,-4.304313288923875,-4.873934282159502,-3.8989256131068974,-2.412169502239501,-6.168924501821935,-5.803732622923282,-2.3146946911641155,-4.573305157695626,-4.809130321368432,-5.115385741662165,-3.7915639990285603,-2.388752691189713,-5.665188540733346,-5.096876727189334,-5.350727128567866,-4.267135023180722,-3.7776065623494253,-3.3790672146668834,-4.23328171737972,-2.480667208756383,-5.5747529832074125,-5.8345405524327045,-3.530655706683791,-4.877167680403663,-6.375940323415281,-5.316062971637449,-4.744341345902726,-5.646248237907355,-6.0146606870945885,-5.207629136525876,-6.064533420361712,-4.364868961019768,-6.943804846892847,-4.909575072034578,-4.480490111891697,-5.090541239748377,-3.906777102929127,-6.370561234204136,-5.7010895013761145,-5.33003464625089,-4.287275430590693,-4.781492413953879,-2.856634017257582,-5.805785896973893,-6.394988898580651,-3.2109110170669393,-6.430858583932383,-4.316937288600955,-5.978670042021969,-7.069318350847686,-5.374783793813232,-4.10050003752284,-6.221771088473074,-4.423905271855169,-4.237136438813549,-6.271690141519304,-5.227761288712371,-3.422925177672836,-4.349407380036257,-5.261492464576021,-4.58470451874608,-5.685263308470448,-3.886304321614975,-3.886739935397861,-4.8790940849139455,-4.7692938435423065,-5.998796875005673,-6.352036427067829,-5.376604743941531,-5.0874017096911786,-3.9373725026120114,-4.0775722493816895,-4.815167111640907,-3.809461015627213,-5.943486178814403,-3.9226631127216303,-5.790428714349468,-3.7603054699357576,-5.013346464769981,-6.998286676537737,Car
-4.269842835968558,-4.1904542404992196,-5.456580054488582,-5.3712595783940165,-5.159545279884604,-6.925151812626272,-7.364728173095143,-3.698374361869611,-5.824067667410577,-3.144735890423636,-3.629598198861086,-3.432804685730261,-5.650298952467155,-6.608401186930581,-6.0868823065943545,-5.446454727152911,-7.37322973285064,-5.475425689124167,-5.201678027511111,-6.294420971586694,-6.040485098245832,-5.2205985211808015,-4.643713451689699,-5.8908226680002445,-4.707747390423731,-4.863153992012145,-4.953114140981609,-5.652014123856577,-6.333379596035383,-3.30354802009926,-4.369694083542574,-3.994268346939262,-5.083629684838923,-5.1640254422601375,-4.509340319274612,-6.834688350452246,-6.114643469353145,-5.797774878028373,-5.454566422541762,-5.879695679470154,-4.6671928747492535,-4.918552765537164,-3.6071353102486228,-2.5262408428874377,-6.262850240148433,-4.852694786031555,-4.854474121793026,-5.014198069764662,-6.084824570965502,-5.91719744564255,-4.7595943880838805,-5.945350073307236,-4.840728027832992,-5.245949784545605,-4.858342096878718,-5.953300470434434,-4.842530757665464,-5.88095258347659,-4.839304391343082,-3.6606038775608427,-4.73901614998393,-4.678129617616943,-4.182793482502452,-6.403558344473263,-3.281078426276988,-6.05558999261237,-4.120339002631063,-4.2530900127436775,-5.902166361504761,-3.9911138632332377,-4.502187233586691,-3.1100213555977425,-4.806621248658707,-5.108543331522598,-5.514762527918204,-6.743355271351174,-5.31822756475116,-5.275898394258877,-4.737941817442565,-6.423103110882465,-5.239012211186879,-4.423748607977885,-4.324490324507483,-6.859815176137327,-4.293593391346776,-5.246573913121492,-5.185010877498554,-7.364515369855837,-3.5064288374421206,-4.823201114988705,-6.531460426522707,-4.624798425083534,-4.655521559152976,-3.777455847067011,-5.309688769290878,-4.988003931061414,-5.642807800237907,-4.402051386007262,-5.78349034167505,-5.8929905170802295,-5.067797537779921,-6.225863771303828,-3.3978687814607658,-3.072733272258125,-5.453590085421816,-6.386595006557165,-4.663407961097938,-5.482102517968924,-3.8253188674719683,-5.7871465955299035,-4.455486777571557,-4.8860064106083065,-5.6762615106134096,-4.759950171508058,-4.121467441525151,-4.913151480944603,-4.902715334873742,-5.872783427853674,-3.855795202095864,-3.9554534218568165,-5.410559188686497,-5.124288459482996,-3.585779327309673,-6.1335708210474555,-4.395711608641219,-5.558613773131128,-3.2219221232483592,-4.936553271334663,Car
-3.739621481859958,-5.761327348461129,-6.248528682324268,-5.234259457201112,-4.737316542053164,-5.510731682016413,-4.241692573725032,-5.209953567810429,-7.081437161766606,-4.447188020806999,-5.8825370591471575,-5.361597381676519,-3.4468687964606444,-3.22718827587891,-5.575493435092811,-4.42221336936816,-5.552274490422644,-5.286872978898603,-5.605775414898552,-6.724343680396485,-4.904944776266291,-4.711834613053833,-5.6710017453111385,-3.912208288562891,-5.43608021709522,-5.637211824859015,-4.473496881891894,-6.542681989972529,-4.093320968297194,-5.402169157394363,-4.01071392360591,-3.711869474170844,-4.359846557642859,-5.811973292728311,-6.250831706484405,-6.434072663335236,-3.897089298298689,-5.134800112200184,-5.599221794530848,-5.132082151538892,-3.919378791045832,-4.221260214640449,-4.561493844291145,-4.362113942573595,-4.819827644503051,-4.697886942703575,-4.778974768848953,-5.0000612456275535,-4.246626116168718,-4.638717893799606,-5.880715031106958,-4.471125614477346,-4.7527529336206955,-4.388586531084901,-5.1042069136150285,-4.1882596862328425,-5.061408550866157,-4.276120313399455,-5.456471515950511,-5.387254054098952,-4.397947476789875,-5.3317733937447445,-2.7942173052518386,-4.433555013220973,-4.975076513845799,-4.180099223241151,-5.480680409976517,-4.076985180766982,-4.104764783336467,-3.74646594222045,-5.440809531348577,-6.222733254137745,-5.610154639202548,-5.281630515972747,-3.332788399148245,-2.804987970872251,-4.6553376953560175,-4.9906093919814,-5.349907830474211,-4.175309649789133,-2.8114186080084824,-3.2141491088117284,-3.8620233873941663,-3.8766974688861433,-4.167690113745885,-5.047290645708535,-5.7365482225407955,-5.020814089327941,-4.577660397868647,-6.453633898718295,-5.152950729366209,-5.825932354591274,-3.9861588389318587,-5.5497084021567105,-4.6717796680190125,-5.7000202929355765,-3.4023006740390844,-6.700756936534585,-4.5241596231560335,-6.277257668439932,-5.5093326504848505,-4.793813296315495,-4.744642968683163,-4.770733158904587,-4.8482508590245,-5.641844261873443,-5.164053323088811,-4.968365983821085,-4.804639603241117,-5.065680472806989,-4.270409579015546,-4.906613029849058,-4.798674032378386,-5.382652348311518,-6.0524419266144225,-4.845971069267529,-3.792553956037062,-4.5561387692695865,-5.817493941214792,-4.185259974181396,-5.335117067793957,-4.285346019519713,-5.368795864896161,-4.64669356017263,-5.518497336624347,-5.493052496470335,-6.56626536709574,-4.4879251808388405,Car
-4.629830365179663,-4.573557283739057,-4.724669438868189,-5.762250033323303,-4.03410073550642,-4.00722069990773,-5.788237465170583,-4.467876008650042,-4.125008814632023,-5.470098273343721,-5.296035689244352,-4.465886591788214,-6.510329769414302,-6.0885172215339995,-5.989775007869562,-6.796316364825495,-3.9150602258125193,-6.988131814191667,-4.656889336568634,-4.18831660524478,-5.293595954413267,-5.668367624731245,-4.767157549263361,-4.998166999405519,-3.9964951375835844,-7.628521140397957,-5.9187074761481275,-4.4384231160839445,-4.94955255722554,-4.247965840803133,-4.737980023760338,-5.134737063241313,-5.302288443093504,-2.6749449841244135,-3.465053725968489,-4.504494901904778,-4.921536106551585,-4.461867450646565,-4.173165282127092,-4.581173314295491,-5.751380123386558,-3.2154892322754893,-4.753791772245981,-2.9860699696101856,-4.8128525131226665,-5.245653352125534,-3.6158598759535363,-4.698813041922233,-4.86657736549071,-6.200364205642594,-4.3397821948641715,-5.493310382955908,-5.447791209073975,-5.490548845405171,-4.560966165304698,-6.5353762735756895,-5.210845342725807,-4.019721008890622,-6.245668869340007,-4.827121039065415,-5.631399420270834,-5.4036931194656335,-3.344847739610093,-6.650489183545009,-4.234369661828383,-5.477928268777212,-5.527663985145668,-6.111562342488267,-4.246100362726365,-5.191404616284016,-5.317669413794652,-4.890163070795925,-5.1702871257418,-7.000687879753524,-5.4908241829773585,-4.104559109051676,-6.506616464112309,-6.089937899856355,-5.426791395398526,-5.7256234186371415,-5.027885482141608,-6.0930767516787405,-5.387854523809373,-5.047994531599334,-4.351059583792029,-3.7552106139004042,-5.2615471538534395,-3.1119397587541746,-5.183904580544524,-4.171124851743469,-3.068492265273221,-4.860691590764064,-6.373526621577535,-4.909096142792369,-5.61164288820491,-5.274432026972452,-3.015023117504785,-6.222763423223876,-4.699533177694141,-5.877721280321724,-5.307657941200914,-4.255157664795516,-4.681836056526977,-5.225032268961589,-5.6498003252646285,-4.683921807846386,-3.2923132828466297,-5.901351942623624,-3.0883361145422272,-3.8005025492748485,-3.630646632422233,-4.6915676190703985,-3.828870224490106,-6.008831282450626,-5.668043907848512,-4.234186186079608,-4.7041549447761835,-5.148379258497769,-7.502608890607422,-5.435474048038171,-6.174053780298266,-4.506465688688498,-5.1911685285672355,-5.628300544166505,-2.3570895173756963,-3.961825523305765,-3.9441278586439408,-2.7977848553178273,Car
-4.197808217316891,-5.770954009472866,-5.887896351691737,-4.035097241245765,-7.059354279775176,-5.077779631009566,-7.171124377556448,-4.901156491610494,-4.1459297492880465,-4.720584465396367,-4.061890641029402,-3.035173058340085,-5.143538437262009,-2.192349216721119,-4.787330043829845,-4.050834937309641,-5.611062714565067,-3.380686020369318,-3.9582898014573704,-3.5285486974320026,-4.945495578226045,-6.25541756438329,-4.539602560374594,-6.697019813323516,-5.336185803621952,-4.808919563367749,-2.6227757074892324,-4.6814513880580595,-4.860462530916961,-5.063032424035293,-6.342090904765017,-4.914174159986993,-4.8971173238632275,-5.968608495453717,-6.186745614428364,-5.4815706827677335,-4.935067021427307,-5.457554181381458,-6.050875449651521,-4.710727747995694,-4.461133175830771,-4.878702290777765,-5.562982713876933,-4.405158978767742,-5.190537289726981,-6.18908370734515,-3.9637556449986016,-4.64649198073351,-5.119290305695739,-6.571052204834725,-5.744860279135212,-2.981434287617073,-6.508342061880697,-5.251349279641692,-5.01633576235362,-4.679523210588445,-6.497170935826414,-4.8258237435954,-6.68610546247168,-4.902571203804489,-5.652397919009583,-5.8658692669178105,-4.165182841332412,-5.235606243363883,-4.526289195092429,-4.493173088622183,-3.7300465110448977,-6.208257741621025,-4.080984337480244,-4.983538377561953,-5.378124580369594,-6.149250519190282,-4.393409138457138,-5.922224521333885,-4.482193413022857,-3.0721692270328678,-4.020022959640672,-3.608565674849351,-5.719004777225032,-4.237266953868005,-6.14421495513639,-5.233482902574614,-3.25872794378088,-5.607842206426485,-3.8886438158269065,-3.984353267000285,-3.925258749779162,-6.267001976121273,-4.47479903398432,-5.156598565916863,-3.911503142470888,-6.655000399726845,-4.632212110934397,-4.7736247971599335,-6.990116737248935,-5.885420356094977,-6.830152213116851,-5.726355301922907,-4.450782915334852,-4.804634424351392,-4.830599919406451,-6.0397481089313825,-3.879549508489468,-5.01881967836134,-4.966296187742492,-4.05960043105387,-5.991345747692539,-4.771452230128077,-4.57653750839858,-5.545568150293848,-4.3476266192402235,-4.522876829370433,-5.101176712277425,-5.132150890134861,-4.476452342128695,-4.2115289599868095,-4.93710008259336,-3.8798105395931533,-4.341474037569417,-6.788463949726815,-6.404896697542142,-3.817764780978339,-5.246773131470897,-4.835824177202526,-3.860709482340855,-5.006411217371841,-4.962732390410651,-5.868729232791729,Car
-4.630005492772479,-4.413487781033177,-5.577881837002856,-5.922021378305867,-2.3737107448047716,-5.092908469848283,-5.6836923396092915,-4.2934135547077386,-5.050794035227892,-6.085766323262103,-4.516946428348555,-5.853120969075818,-3.4235419978443664,-4.505495370247598,-5.276880424526084,-4.890652981977887,-4.096711878901806,-4.814038746439201,-2.8778905427664516,-3.8641324836044753,-4.512392632438878,-5.936985873508484,-5.146888103901991,-4.521125029947547,-5.822861415758139,-3.7065731250370506,-5.9741573417780405,-5.637225698045902,-5.562299184894881,-4.2561755393668665,-5.804936367170773,-6.799976570419055,-3.911961164238287,-5.444386285105562,-6.0685076321519364,-5.75485855320254,-3.2832372508156498,-5.657043697272911,-5.123368105376901,-5.446918362286016,-6.232662543433756,-5.742718562246964,-6.301108407006495,-4.044118724319286,-4.899120935386404,-2.5173222378256788,-5.708910724990589,-5.858860246145619,-3.4662402316446714,-3.9420229679318655,-4.615234978228978,-6.113691515088272,-3.255003732272066,-5.072103159770348,-5.430675128495036,-3.8570402630817204,-5.02229512125373,-6.1656700856318825,-4.959697400501418,-5.781348801570764,-8.009341142683173,-5.881710192150132,-5.527735570867851,-6.155645109293048,-4.424753467885962,-5.7774477573287815,-4.521573799165544,-6.233319736368315,-4.090781078917462,-6.276482526666491,-7.341530409391073,-3.7627374148367725,-5.855893803731171,-3.2430709418005916,-4.43540809879193,-4.209736681618747,-3.9545274995339272,-4.887320653750931,-4.875944582161461,-3.718659975805691,-4.888641504301902,-5.72817684679661,-4.4142414398377765,-7.113643414384953,-3.6804411984397865,-3.6595608640349084,-3.801833331876921,-3.840228037622306,-5.084175325341123,-5.1066823844930225,-6.229640089770856,-3.2519587482889523,-5.485018173026278,-4.660114690248119,-4.745954717045222,-6.340419181604156,-6.744675024123206,-4.994413379132652,-5.453756117611509,-5.089436859243335,-3.9345843697967675,-4.775055849462977,-4.241477459235269,-4.554671837824422,-5.316334193239832,-6.001803167193064,-4.735282131886532,-4.916107380653909,-4.084843662495253,-5.150900069722493,-5.297341545115523,-5.2294993837816,-5.918726635005446,-3.5530900551795424,-3.8603712453842385,-6.213029828958047,-4.196051858027451,-6.845005063932366,-4.014710766888977,-5.6963504511076755,-4.640099442321748,-6.929509689541672,-6.198704231677951,-4.53129703275059,-5.70090818338278,-5.839962870372199,-3.604138302547902,-2.7890407887271254,Car
-4.062986063180517,-6.0918805717350635,-3.2364806671823008,-6.561432259648383,-5.304491454075326,-4.945222233012627,-3.0759621561612516,-4.087340862448275,-5.4637576947995194,-5.94495627077975,-3.997807346196746,-5.533358957220355,-4.7832599121350245,-6.369776489259116,-4.4307421447758,-4.511304854252521,-6.241620061658171,-3.96837688712836,-4.445254191757218,-4.259975747219903,-5.378678692750131,-4.821043588713557,-4.936621131134675,-5.1481704047542305,-4.829496721834154,-3.7435570262036175,-3.9250493612960735,-6.1818606774688565,-4.01459818309306,-3.8088566272519646,-5.151177673352366,-4.491552896202223,-4.505998332696982,-5.849966616674301,-5.381956287528328,-4.249189761148393,-5.495822236831451,-4.024500440737692,-3.6950275591502386,-3.8563281580195294,-3.0201953968305433,-5.090732282291112,-4.822798926030937,-4.67933695223736,-5.060397924990738,-4.4578210258983555,-6.711204029011989,-4.795094611307481,-6.377436649882895,-5.9626232776075785,-4.267110188970086,-5.19911623844902,-4.302385525284194,-5.22077660360113,-3.8935936836088443,-5.239080705621303,-6.9549184895631235,-4.7746074179887295,-7.168859845702551,-6.452720902532407,-5.88294652899857,-6.007709477770187,-5.545050804416285,-6.042067823531106,-6.405952663585673,-3.458164255159226,-5.678144546391896,-7.230767653147398,-5.360918373009257,-6.124731058027554,-5.884967627292814,-4.289657518647514,-5.448157618785218,-6.152596601217885,-4.553746490042755,-3.8500591693909145,-4.4631278373601555,-7.453555571650425,-6.114989502397014,-4.952551469363795,-5.244299405264015,-5.327275153939197,-5.982756692840834,-6.405584083077439,-2.99221828218698,-4.972889046861088,-4.357878211132582,-4.993748826416191,-4.953651301362011,-5.0621033998092875,-6.120445859074432,-6.514489458034248,-4.6137746262550134,-4.812157592728833,-4.061719101540293,-4.264639173357973,-5.808512192749671,-3.8674086910781282,-4.234972804845483,-4.309158430142665,-2.7506732080211918,-2.9560412374918124,-4.310086233445114,-4.43480279416247,-3.9183448182303193,-5.583953769670371,-5.56982925759105,-4.326578592908087,-5.856476089127573,-4.407230514476745,-4.84316783346381,-5.856190104592119,-4.974133489711701,-3.694918407861584,-4.917629549346162,-4.913452352382023,-4.671014721095403,-4.540811477108392,-5.330840466081193,-4.649738952032952,-6.049070359590733,-5.799071056833888,-5.671149108075623,-4.530237310365892,-4.839767172443723,-5.134359577243953,-4.309230010414713,-4.6211379172576645,Car
-5.289976779982872,-6.0352308428198125,-5.819708801226753,-6.466809465392892,-4.8594304498491745,-5.8621387824536715,-5.495322981983871,-5.127590680628864,-3.9560048086693147,-4.071209401683181,-5.054708471253974,-3.734496510599701,-7.01234850932086,-3.1227794502334874,-4.307500285695415,-4.897196714980071,-5.891359680752063,-5.438067366130464,-4.390649104421959,-4.367920616468586,-4.3316066294092135,-5.728496734366461,-5.92984771301521,-4.804794755647493,-4.230146042228527,-4.9968151504951415,-3.5185157531148326,-4.966862537809889,-5.000708643832986,-4.329440008807331,-3.7807698624079613,-6.349255259804545,-6.118011708035598,-5.313261437744038,-1.8410582154113366,-5.261468562540932,-5.121782943010569,-4.381648070192082,-4.023071097186525,-4.830214883545244,-3.835652504959744,-6.19397118302592,-5.766088424742725,-3.8375130494203606,-4.989056885216526,-6.262450605008665,-6.322537931617207,-5.810940805344705,-4.997874457842084,-4.532620430273211,-5.329059999944139,-4.615000810760481,-5.437066486693615,-3.7760797983830825,-2.4481599054276444,-5.392612732084424,-4.520067189201054,-4.601589175849888,-4.861304573740075,-4.346749054658709,-4.521178811020173,-5.471053570384894,-3.683454227377312,-4.798333752513224,-5.384800419830364,-2.5567974761525987,-5.1162133771556,-4.745056158576251,-4.824559655419663,-5.129894610951208,-4.551335294955985,-5.844999909091625,-4.403456613476942,-6.7583540283924295,-6.298069751257129,-3.174275452831485,-6.256180026721786,-6.959958852036861,-6.231416169066188,-3.2599427308032656,-6.791861740272715,-5.955814182591551,-6.458192484316987,-5.274129197090009,-5.436020898180736,-5.480756506727033,-3.1438662005948634,-6.199075317637548,-5.102187779717111,-4.661398753679266,-5.980209262072144,-4.513410018753397,-5.399810494553308,-4.625690933810144,-5.107999251525653,-7.050531225566305,-3.693901287234259,-2.9295416846459283,-5.176754181934814,-5.897952051866604,-3.493987278824312,-3.1096170971325288,-5.168795411589997,-5.2186806152205145,-5.079911097671499,-6.674548889245305,-5.291125878693228,-3.2850581124507547,-5.16868866077056,-6.040034527872205,-4.50331438069552,-5.667198798494113,-5.0664521236679265,-6.2688487805472795,-6.036624161186731,-4.262340745136408,-4.884133220598912,-5.776057386842816,-4.880464869695097,-5.607146708727259,-5.7837601693701695,-3.8359656027516937,-4.217122446811228,-5.021272849631095,-4.855662662750297,-5.008398017334343,-4.512990740826461,-5.799501658455695,Car
-4.1374952666313565,-4.646434162109188,-5.263056337889552,-5.487778031508542,-4.158869058233192,-5.150486316150106,-5.698893095829837,-5.384569766974324,-4.2307953511108405,-6.61055320124604,-5.355408905580473,-3.9294173303242363,-5.168216772103258,-4.727183267722159,-3.9132310354628053,-4.10767034660283,-5.440058773039922,-5.130393552203836,-4.095236098270987,-4.0605305127161015,-5.0880501253149415,-5.053545652292427,-4.732316305466148,-3.633099309982707,-3.9324338793420437,-4.3066132962009815,-6.078669276063891,-5.2748334065482565,-5.2222866736899025,-3.581514967396527,-5.2388643911796375,-3.7465571769223867,-5.570698670531084,-5.490883957660759,-4.518545894186859,-3.431853294428243,-5.211777129267877,-7.562767861861198,-6.564183402338887,-4.702038443835543,-6.474796026781768,-5.865562826396412,-4.987658049361743,-7.449367245746461,-5.379725789325454,-6.164808557860269,-6.49917971790075,-5.802184439218061,-6.069208925069431,-4.530519782007697,-3.8034732133171163,-5.3644268516110625,-5.596125779046836,-5.414205001157899,-6.108187107938463,-6.288741895619678,-6.645554452893338,-6.329520958318174,-3.368008992887371,-5.690421035363459,-7.941628471763763,-5.587056938481007,-6.590414536760822,-4.940515060002837,-5.048353655237005,-4.944114362307945,-5.040726078745185,-5.3727103046197495,-6.455896121539986,-5.074654071971424,-3.981075410864306,-3.186326916204796,-5.237991327306006,-5.129609945283685,-4.499572820911107,-3.5067584405278955,-5.486296610504548,-4.307348683049662,-5.822819265524388,-4.670151009734497,-4.02939582338163,-6.290860606547796,-5.525144722018218,-4.045216903304999,-4.383838769485205,-3.964053859685145,-4.151560353545933,-5.341103527916705,-2.800809851605309,-4.863090009246605,-8.0557089491442,-5.282346372377299,-5.469171256999329,-4.2047508326327225,-5.45118531519813,-3.9010300041808623,-4.441900627593292,-6.0000904614700605,-5.140373335611425,-5.775533444275401,-4.81524135314633,-5.781490867235121,-4.925564769490938,-5.272305750990411,-5.152223254679824,-2.949059620201901,-5.360485226707205,-6.93443308761719,-3.9841738552656523,-3.992044098197992,-6.9789401737968255,-5.700899621208067,-4.564189443153477,-4.475796738782933,-5.004723763452721,-4.982174621066716,-5.9385878730831845,-7.399848713455687,-2.9504926818164634,-5.9686672777067145,-4.823494309935517,-5.158847995659336,-4.102802447726454,-4.885102786517842,-4.846559046908,-7.634318248008929,-5.833339072542254,-4.255366953401003,Car
-4.345331774928071,-5.951652823617212,-6.578028582721122,-4.87342069327707,-7.906774048795815,-6.148674252337763,-3.2398389248446895,-3.5549326711262315,-4.512750641234855,-4.692663685518744,-6.950170784524399,-5.7406672366491165,-5.295168597965776,-5.7194137495011885,-5.350243334907864,-3.7007755756537057,-5.541823061271322,-5.340939180556766,-4.260468713316249,-6.419475718602803,-5.840204578838847,-5.737722587756843,-4.9444078534482525,-5.3449620674936655,-5.313340909347134,-5.664853987102495,-6.070830260214755,-4.390857075789422,-5.3378041189622545,-4.3809810198526264,-6.111627330481148,-5.665242157749643,-5.221183027846767,-5.127867036816211,-4.24563127406779,-5.430509289592359,-4.253257757189124,-4.6250559914403055,-5.106852610082949,-5.95129879649652,-4.24312473453668,-5.926337467313651,-5.021280380157279,-5.05394044293608,-5.207095142617282,-5.389319722985315,-5.822076694961671,-6.616936437370079,-3.596195267159648,-5.491723464257249,-5.128112095117469,-5.134227383933941,-3.9043956627712517,-3.06680577848236,-4.8401525804113135,-5.157002668456918,-6.123457007159413,-6.443588449412765,-6.773974929644101,-5.7958449595234685,-7.090854797313115,-3.921170046259888,-4.576903756006575,-5.25164051468478,-3.89061601923921,-6.071156077403275,-5.819981055364555,-6.933793280301745,-4.225646304979788,-5.810341286309273,-4.984304386724176,-3.997423599425322,-3.629149244500579,-5.029146351490571,-4.6157625637286435,-5.90385024604366,-3.316626656992467,-5.166150560299366,-4.91971504813188,-5.406853072263226,-3.8007510015862436,-4.80040607691681,-4.239065422586376,-4.646041860021118,-5.220409383216005,-4.070531438700408,-4.654683805424619,-5.960979060847234,-5.98921138380938,-4.851173270968366,-4.092542097612372,-3.3605794514935967,-6.777213457580803,-4.974340150901279,-4.510352337825004,-4.704330865005237,-3.990672894966291,-4.344466023508498,-5.98550018358034,-6.014791688690731,-4.687545143848276,-4.009494575577475,-4.8565824470473045,-6.577933069568278,-6.047171415316273,-4.3084841441346695,-5.348645090917133,-4.882042696796712,-3.9345819608482424,-6.202209047619956,-5.414242655901954,-5.522872813373944,-4.644597463472134,-4.227111821728008,-6.4802674568987815,-5.005536359166269,-4.130670895953788,-6.854786451460836,-5.064392441439607,-6.215784440783228,-5.641566903549533,-7.505034589481522,-3.607265881244973,-5.355829127403513,-5.807191864035914,-4.67173295454285,-6.0423102326872495,-6.137244528881294,Car
-3.489670830186273,-3.191336971673201,-5.592063672282482,-3.932645290083821,-4.643959556011914,-6.413831291710349,-5.928131893849785,-3.448900200803065,-6.4267950328241765,-2.7190006619251412,-5.571362175911779,-3.4191850937067665,-5.305563794642837,-4.200096408498849,-3.604966859879311,-3.6100461823189907,-5.5843655307929705,-5.857388099899127,-5.081212009751135,-6.300479621033978,-4.7607358243894415,-5.820796652277515,-3.9172902264570846,-5.570112416218138,-6.74225896948002,-3.599085223830704,-4.816631996668137,-4.970865109579926,-3.9056052150537903,-4.128423497701843,-5.7618535440104255,-5.449781606026161,-6.112955250059338,-6.4644520551248155,-4.42140746508461,-4.6078156899583185,-4.239170788477484,-3.718394558504057,-4.2255252050743275,-4.136540523694742,-7.077961258172137,-5.306985241924994,-4.035423505330013,-6.168208736205217,-4.908328617162236,-4.480535559386494,-4.557146506161513,-4.6312036920417,-4.401087280954425,-4.819256105071781,-6.4629282073910135,-4.493044464596506,-4.715253439446256,-6.449748450855454,-3.6202647889134294,-4.46616230025196,-6.3803483209774585,-5.81722516397215,-5.56405204174618,-5.564763438800648,-4.706949811181558,-5.976351751058262,-3.8718632528780654,-3.9541965486320088,-4.380682690400411,-4.955758224606149,-4.062552484848463,-5.275947722804009,-5.724488861383209,-3.809890354380259,-4.68245724298099,-5.684057640581392,-5.417742367041579,-5.736427983765267,-2.977825141171395,-4.995901562549475,-4.8422286887463315,-4.278780952138059,-6.215360982607006,-3.9034527337137765,-5.607846130787853,-3.169983713884851,-5.3126587300145935,-3.962359985236814,-7.496798117119087,-6.17513307608597,-5.293607158997626,-7.0307829981248915,-4.399115551158596,-4.687041874563751,-5.990827649859877,-5.015958629864499,-4.193522770076875,-7.103049516869974,-6.273489016234657,-5.335088299223345,-4.976276373367525,-5.058611421601544,-4.110705214564289,-4.522788754344603,-4.303365159428941,-6.389875732804365,-4.85517614520062,-5.307142509237943,-3.5379281183312328,-4.825604362622101,-5.669053934716029,-4.14749872404496,-4.4367022041353525,-5.82160167264048,-5.348489702769175,-5.331446459608362,-3.7725389077204627,-4.796758126121558,-4.273217521439828,-5.493271721130083,-4.665199708860559,-3.696639097070342,-5.3610767652506475,-4.884845196162224,-6.363306256237607,-5.765558089910027,-5.334442891997823,-6.060839308951721,-3.6780263224781535,-5.838007020241513,-4.213201407882755,-4.813163762468523,Car
-4.969148051489537,-3.5138363550348424,-7.26060029692758,-5.1962048968231045,-6.080380336565442,-6.961420409133037,-6.194731733757692,-4.982762464996929,-5.725347129206446,-4.103386410174852,-5.2138458479413305,-5.324738354720943,-5.320280950506093,-5.098494406129539,-5.418478534942753,-5.851253697564163,-4.010815116023964,-5.624095050388946,-5.383526616346186,-4.57059491990969,-4.681258753842747,-5.89343806234605,-4.245018055889253,-4.462329660161595,-4.822025165812746,-5.431316850581492,-5.4067306905214085,-5.201797103001609,-6.231831941127766,-5.039268448596957,-4.107897959553001,-4.123628810165976,-5.380851771276453,-3.9359167272744635,-3.094095445470555,-5.316207535262827,-4.3084852935678315,-7.262809962690792,-6.258146728181991,-4.90887897066648,-6.006733062518388,-2.9607979552775516,-4.402120312703447,-4.03416835314187,-5.029026406160587,-6.003208019863652,-5.51881028217488,-4.745619520373641,-5.6379153384090115,-4.328808008272801,-4.288585030795361,-4.995018696060412,-6.825635087017,-3.285215066334041,-5.212672856689518,-2.290723351528964,-4.347464303647805,-5.209955076732057,-4.552178123501996,-7.019285517078612,-3.9738575967640335,-2.433058762470524,-7.089233473843379,-5.287409009825708,-5.105338122791526,-4.124771370836936,-2.8940243258344633,-4.617117877404436,-2.8582081757844726,-4.829567523115338,-4.54857618120377,-4.671764433839745,-3.7797002169949137,-5.422321058110203,-4.181713241238491,-6.230796606256427,-5.284504104651409,-5.636743622938808,-4.912038441382058,-5.316079749403782,-3.867866307543025,-5.878668095171642,-6.731315935811013,-6.357283819711557,-4.005831953698681,-5.969557343316222,-4.602155584479291,-5.29478750324808,-4.1757559452467445,-5.23076570511661,-2.235651483882864,-3.101882984181495,-5.315210180405693,-5.452134589094986,-1.8676738491915383,-6.078850961328589,-5.055023547918349,-4.977551080294573,-5.0023378978145745,-6.738711720530526,-4.5033975903240595,-5.970350091392317,-3.5640108758309292,-6.455965042434622,-4.940534072624524,-7.216120646951888,-7.154383706340724,-5.8393519582926325,-5.698210082337028,-3.5342735870105653,-5.040591836261898,-3.707593099088446,-5.379786594676677,-4.3939148171196685,-5.725475316918901,-5.793473069098601,-6.820850138917894,-4.664246006148725,-4.737916585299851,-4.222687112714148,-4.785081712858605,-2.9738040228060325,-4.823972363322491,-4.008173285661879,-5.324109082999103,-5.908470034301389,-4.282304829813364,-5.089147987820341,Car
-4.167956954070379,-4.647063458155319,-5.793013326790156,-3.9256621223229713,-5.8711899537846675,-4.374673736704495,-3.7183888884741467,-5.384594838415158,-3.844005546327685,-4.602383165946808,-4.148056221603737,-5.836755691102586,-4.7856997679462525,-6.408081310024503,-3.2886994846895363,-7.013998321584507,-5.35475181962885,-5.931708594199622,-4.325299584797762,-3.076054054070082,-4.345084901312474,-2.038716303048649,-6.37794017655884,-6.301184132528565,-5.8931142316154,-4.878755304704094,-6.02692237528325,-5.751662754305025,-4.379516476072712,-6.239171883113817,-6.133196012970101,-5.398538752990072,-5.304443070839321,-3.989984282778684,-5.90063974797812,-5.720279984120897,-4.418329883720993,-4.1986056762166175,-3.571275532873412,-4.530879645135245,-4.869635940038173,-4.424961593253846,-5.267412805888547,-5.274767594375478,-6.774110312278753,-4.106584043310666,-4.7885410549482526,-4.2229607336316946,-7.815810494477294,-5.047101707893546,-5.855881506377632,-3.498637495179767,-4.385783084516171,-4.76576458918944,-5.431932969341024,-4.602791689868353,-5.928185629378104,-5.099725347685766,-5.57836338698742,-2.7335103450183085,-3.53005224380916,-3.9369525160171692,-6.490311022154158,-4.135842887715946,-4.812333324858063,-3.7765398604838545,-4.677604904873061,-5.006717666038304,-4.766215703663441,-6.805633291622545,-5.7674032721677975,-4.626664461296728,-3.8606116415934175,-5.5504931163121185,-5.040806879863934,-6.6009924446753905,-3.54068918664624,-3.886258267766879,-4.3478973814328015,-4.593193812369109,-3.4474509348532028,-5.805010991314717,-5.913161556326658,-3.938480213743571,-4.005686618291875,-6.193495586089152,-5.531359881576866,-3.3109068689226104,-4.588332671784096,-4.212838481981828,-6.159046542529357,-4.343355475462822,-6.41954154577088,-6.979821365600685,-4.273176039819132,-3.565554830365511,-5.253786075749168,-5.546550681854458,-3.2891513437536295,-5.1947833691146075,-5.06576872355726,-3.3060427735596645,-5.35358481302821,-5.654027609344866,-4.184491775862912,-5.711856154379116,-5.144601538122182,-6.319158601712199,-4.814602911623487,-4.931902512796907,-4.031979725276856,-4.142743463338269,-4.448481991530418,-4.605744307218988,-5.073254113752341,-4.390444031004197,-6.112332173668987,-7.348966071854309,-3.838082328787107,-4.325839537752087,-5.126986434279915,-3.925441391554014,-5.731497416946527,-5.70549253208315,-5.844137723694168,-4.432378024884115,-6.582958077214753,-5.766961606782042,Car
-4.710284976763864,-6.204151075922611,-5.6603104056611855,-7.211567577114564,-4.394193350598463,-5.687835193342279,-6.099281250141154,-6.295022725958575,-5.418213512205099,-6.58015558689144,-3.0576203228513323,-7.384744617168986,-5.45061914978649,-4.893093070708745,-5.775379004136554,-4.787868262706884,-5.799601574946161,-3.469905536326851,-6.118877014109777,-7.351223941348319,-6.298499850453322,-4.613505225186287,-5.117924379548865,-4.247867092017883,-4.498255383289034,-5.636280349725204,-5.489083493795547,-5.385328775653226,-3.115653916503347,-4.309177685312631,-3.1083131008214946,-4.159220627658186,-5.063583394921551,-6.019361486985665,-4.798480328851256,-5.06086917221623,-5.093647285338214,-5.20909907689925,-7.052462707576222,-3.7391601834653443,-5.050453489217317,-6.414253116028641,-4.518237290926355,-5.855836168606528,-4.437859377029217,-4.118343539487539,-3.980363509330682,-5.16091672665482,-5.413777728018517,-5.62553836026467,-5.722556088460497,-5.017230064210917,-5.209343062391739,-5.825303815822165,-6.143784753802905,-5.108756092258583,-5.4341976179438305,-6.141366973281865,-4.169428986578593,-3.227907249174751,-4.037411786015776,-5.720188011676044,-5.050229684589937,-3.4595710483125393,-6.173699642777493,-4.217404873314774,-6.44808320814399,-3.315962372568671,-5.430314524750989,-2.770956275476187,-3.27193620135817,-5.106430509581388,-5.71940537311041,-4.805224528109086,-5.180158966646564,-5.4015669635855925,-6.658113254578297,-5.514553583654587,-6.1104791217562395,-4.4483522935747635,-4.0089286834025755,-4.2593159960764035,-4.657624910372492,-5.852907067140902,-4.7945992273980895,-4.207234856355624,-5.58623557439973,-4.8810135786049935,-5.145461589269924,-3.337633330389515,-4.148451864735476,-4.3908403882516085,-6.716693733965435,-4.827162673232417,-5.15501342892457,-5.163657110569873,-6.56341347274164,-6.0877686222975695,-5.068017487905783,-3.885644221809539,-5.590524569839423,-5.399938727104267,-3.218908004713792,-5.296822389167836,-5.12878952385358,-5.115244782051741,-6.345505146404511,-4.428201876584885,-5.652876118584339,-5.030070617039739,-4.555627035582202,-3.0574424109646077,-6.3177700445462435,-4.135017814933776,-4.131276743826032,-5.638214772779273,-4.400496151948018,-3.356563848708108,-5.764971209212442,-4.758530202864845,-4.595198636060215,-4.46582114504645,-4.230708239283987,-4.833695171747826,-4.486563813651998,-5.911473650123723,-4.835996506360442,-5.476341265680515,Car
-6.229828905154088,-5.5091445494369005,-4.730543607801942,-4.564202723629807,-6.268459120922771,-5.937676716724871,-4.275343720306779,-4.491851907384136,-4.1128973379536475,-3.6321695728234396,-4.462112890409402,-5.414807627170872,-4.885150541918083,-3.340102899072618,-2.235551002214613,-4.536903634257641,-4.464445861188693,-4.2742916330025835,-4.976207154180637,-3.836146097657376,-3.991954707267149,-4.645623552851183,-5.318019906005616,-6.520696387377137,-4.26758645238575,-4.787141684773896,-5.737767730654101,-6.129920264994627,-4.338567150616749,-6.601236321616965,-4.700358812556195,-4.156449590831106,-4.4501071135833765,-5.39073977435844,-6.249374484474914,-4.41298076020481,-3.7994769080465796,-5.572733354743041,-4.493091799707141,-3.418484881268191,-4.66115290355839,-5.3968801448777874,-3.959146459936842,-5.737560974157812,-6.298192015053023,-4.18767880885402,-5.406162263483563,-5.316521014003684,-5.626940635551072,-5.472817395554084,-3.5969665724731343,-3.337501234216333,-3.2050213638553906,-3.9098793788224873,-4.5337287402267625,-6.4322855919331134,-5.187524702900349,-2.8432455113763124,-5.435621578752654,-3.4858555252277252,-4.944964180969455,-7.678142385853146,-4.359514436331037,-3.7337453038216886,-5.048995968640544,-3.7669489955145865,-6.6678275144170875,-6.3855642638993695,-4.795135691914313,-4.522885272182468,-3.643421131407721,-4.361075533251439,-6.193629089365043,-4.786954377925614,-4.3992725547118505,-6.874233998697129,-5.043633469738015,-5.335582543938225,-5.6546930737457455,-4.501222948247328,-6.149681526557924,-4.58312048799635,-4.440508870791105,-3.9162366897390264,-6.123419262792605,-6.5052342183545475,-4.721096392660988,-5.286271233867701,-2.097349737506279,-4.541501523757068,-4.941838288295818,-5.172827955676415,-6.218061845439449,-4.436118447045403,-5.079145026270798,-5.078313683429435,-4.905556674501344,-4.778787470082754,-6.739255645917522,-4.162976993629068,-5.846444374815922,-5.138032197468627,-3.7140950793347107,-3.2205514077298862,-6.700494438626391,-4.9697551723253515,-4.727086814833964,-6.507530026191446,-4.197408635581835,-4.883737322585827,-4.805840404305004,-5.917552918341935,-4.5871133566186515,-4.161776043610063,-4.872702116274066,-5.5139359009630535,-5.436069318046364,-4.779604292874034,-4.9512026216193705,-4.0951778808806045,-5.480258287524165,-6.218380602740825,-4.640613922679497,-5.477529852998703,-4.216318050963633,-4.992461369542399,-4.345186795635177,-6.014317046730788,Car
-4.8566137367701785,-5.6992632073839165,-6.22037365307622,-5.8611078780710155,-5.544477091775859,-3.755305472976148,-5.57094039949266,-6.271540250278223,-4.868522577503331,-4.9708193393223254,-5.492053012010198,-5.161223465846127,-4.0237729140034295,-4.329294234600823,-4.415769793126269,-6.183678784520231,-2.113451938284677,-3.948747789725778,-4.4829714368091285,-6.164311774397209,-4.052269887265893,-5.501128510299328,-5.194270804635965,-6.680779276059283,-6.2414830859405095,-4.561453501172865,-3.99376532472951,-4.315095580204964,-4.349181003257051,-5.064766456959707,-5.406707015366212,-4.7111048564346065,-4.178591676899726,-4.995137745066408,-3.789747980086595,-5.215069263816008,-5.9802789352960515,-5.010362242041001,-4.894027721740431,-5.08203006727641,-3.719344439117739,-4.194698019275961,-6.4309409886217095,-3.4656329858017143,-7.741417060829173,-2.8489756271475026,-5.287305513556876,-5.1895677366515,-5.06001623897364,-4.614794567159819,-5.000263201266843,-5.133395188837267,-3.6910816906438146,-4.43440392024915,-5.958803854370761,-4.259326085664275,-4.475892996816661,-5.545273725581219,-4.207861573637839,-5.157572601223039,-5.221673472125101,-5.248913117432934,-7.4281180569524,-5.5266993329346015,-4.286826757874399,-5.022411242903763,-6.28518642985575,-4.035368744807963,-5.298600159543396,-6.2215754906615235,-2.793987538328985,-6.053172594487756,-4.1205084887142895,-5.769314100854604,-4.864173165426179,-5.902180963368176,-6.239304181273659,-4.477797455328591,-4.594709454865599,-3.8553505557809356,-5.034381930295863,-2.7796482058735084,-4.731653332562964,-4.433225318762788,-6.358429245107228,-5.614084315122531,-4.480320299484022,-5.084227762413583,-4.812316864965364,-5.816493755714194,-4.878053026528378,-4.881454108408264,-6.180435019885239,-4.357450155319409,-6.700064946917969,-4.815761919402316,-3.2344073061744996,-4.319449462180918,-4.325700753962896,-5.897426674948685,-3.2309379468471393,-3.6232819053977114,-5.843590022895567,-5.474763241814877,-3.745343955073312,-3.203852621683242,-6.264686035090288,-6.003710769724576,-5.14378675642217,-7.171094029442515,-4.980954839790577,-3.8142564859700157,-6.43863701623575,-4.872893035024913,-5.581770704995313,-3.3600540512460824,-5.5697918621330516,-3.481006912251417,-5.597455070811227,-4.2288241946658705,-4.748054381637301,-5.138272666514301,-5.790528569053976,-4.676904578682107,-5.440535262484912,-5.689766224808138,-3.52727725862428,-4.452469772506773,Car
-4.356361048092797,-5.391598518612263,-5.185978347083305,-5.248576667351112,-4.662761087499023,-4.358196548157494,-5.030251370311571,-5.792644994180641,-4.239429542973451,-4.966596131791664,-6.440836378770981,-7.135294750079688,-4.702102824539526,-5.829473798877704,-4.5689378706035475,-5.775618308863934,-4.866814227504992,-5.378401527962092,-3.2480791897266954,-4.049684342181355,-3.65270309981217,-4.975952230880934,-4.177639060885118,-4.908349922398858,-3.5304086325662736,-5.072562065256274,-6.397489340360794,-6.998621525253939,-3.331688880435485,-4.521495525849141,-4.455743149958258,-3.510352157708418,-6.651734943725955,-5.358601215231808,-5.236069829615033,-4.257724766792985,-5.692640225100883,-6.2013737435147895,-6.210348650997107,-3.8505819237279795,-5.742532093803117,-5.552017484321811,-4.365501849272095,-5.6989454082349,-6.704948422755642,-6.581701173724899,-5.056807396715458,-4.502671569634779,-5.20224524385042,-4.569557296190931,-6.6128375260076355,-6.545303540968108,-2.746064083705759,-3.76721572786332,-4.231028108101483,-5.659724670734439,-5.2380061907304505,-5.0016773171336,-3.6856538862834762,-4.597217233554908,-4.4740861987121985,-5.1676549351175,-4.207334933159915,-4.6976772525687265,-4.95597726725432,-5.743084172186271,-5.113571742101632,-6.079532703779956,-5.040139005986955,-4.911088642035101,-7.404518384606314,-5.230339539100504,-6.175880204604592,-4.501360674483306,-4.362840256449005,-5.426339817665317,-4.450977912878084,-4.408933063664939,-5.229715839411768,-3.465713024696342,-5.725074937006502,-3.5286342967468336,-5.225199429183205,-5.843326353225967,-5.351548475804382,-6.099389227729324,-4.215442132610797,-6.602768978075276,-3.6103914462311737,-5.93586720174646,-4.163346628154046,-4.975774138939532,-4.729184716950404,-5.590043371277364,-4.647191999666868,-4.865025711449136,-6.457911068169327,-5.9625000029332575,-5.540912111009806,-5.7549965181264495,-3.7471890546163484,-4.9929858161525,-5.778671347639882,-5.490769824003039,-5.5044630835470665,-5.288049472005066,-6.0753294047196,-5.813931110597319,-4.23339308883579,-4.814656896633086,-5.152337546540201,-4.9973771826849,-5.04556075657541,-5.209131104731644,-4.482895161292521,-4.556840014152074,-6.571762973227216,-5.131562185909243,-6.505819399340766,-4.364422796544294,-4.232333443149717,-5.610778897641696,-5.116758955334716,-7.111440297122246,-4.027210185907974,-4.290326259748598,-3.849914738262474,-3.5134558596629004,Car
-6.224109292976776,-4.111955798361558,-3.5206955555815402,-6.494577871029236,-5.171211211845714,-5.363401983229425,-4.144538135808502,-7.39394106634408,-3.1840423037678054,-5.112537064194593,-4.083905597982854,-5.060237237691591,-4.5078749490203265,-7.32141825861615,-5.3848823728007105,-4.152238788656321,-4.711267653286305,-6.636841092726757,-4.938575106123387,-5.818742325861505,-5.905419251173438,-6.5206942733167175,-4.38129737809287,-3.886985556064365,-2.879856865837155,-6.474048391742929,-4.232627838773524,-4.166828629579092,-5.580504677218008,-5.917578385409331,-6.08574232096693,-5.527353243460215,-4.79737840414405,-3.6398879894931877,-3.8946616619898835,-6.615416944268663,-5.788843248600512,-3.7003596256905293,-5.731092832595068,-5.056914163410176,-6.705288934614085,-3.8469665844870518,-6.912748205851388,-6.64281058078662,-3.949182939163297,-3.0799383204334427,-5.290611084724915,-5.046862811862825,-4.091720440217012,-4.7105521853026175,-5.373218179376664,-5.485453621385693,-6.566797957484983,-4.7670582278797795,-5.091916822069476,-5.437846179112681,-6.001814795562389,-5.90053085329343,-4.3816230794933,-4.118336351590953,-5.327116156290617,-5.432479573246379,-5.853648046614204,-4.063179956425742,-4.969004230344093,-4.632099020672735,-4.641529869906537,-5.307701620533937,-6.165360099843421,-5.99613315568592,-3.8721144673525485,-5.725684314850572,-5.410362319748351,-6.13439053537121,-6.216066518926407,-5.769164997028723,-3.3115928157555414,-4.341962608807571,-5.526788871423623,-3.9171232054480045,-5.152298873296447,-3.6456599530081615,-2.788269649603787,-3.9718382607338087,-4.905449044777423,-4.300690126483641,-4.984928780717788,-6.835998363975042,-5.6546254142120445,-5.951591595653217,-5.676791041830873,-3.206328567360556,-3.8778502571453415,-4.559115198558353,-4.187657049548642,-6.892113485905856,-4.271816286910471,-4.060375683797832,-7.239747187687283,-4.234763246220601,-6.424073642667086,-6.970005356446032,-3.6736817831404216,-6.007049047612342,-5.7159467393843775,-4.010395457242654,-5.305238272252401,-5.180165373729082,-5.20208690643793,-4.652401229025214,-5.226334416390676,-4.885873925640899,-5.503558125412706,-4.648180410120638,-4.686156968095433,-3.102114162315818,-5.381250949673702,-5.1841655178049795,-4.761175674062959,-4.03556435568528,-6.091585153177201,-4.896423478224932,-7.507826036055067,-5.271531916722395,-3.9272729699006392,-5.726142436347319,-4.823162384714688,-5.528905574383602,Car
-5.859402197733683,-4.0285140017318986,-6.045258689845654,-4.707034706136907,-4.6916483792338415,-5.851799517038624,-4.844314743042371,-5.934947837467977,-4.478208125090842,-6.314945714642894,-5.339605503191841,-5.2527716596579,-3.8870446617893304,-4.859956928288108,-4.0449865098879405,-4.445308951510121,-4.451696999104241,-5.3319331902300675,-3.9790941164751135,-5.356170409302003,-6.729825479930108,-5.214787168466893,-4.546523595355932,-6.606625718712813,-5.885102358720386,-6.230588440177356,-4.213282895291036,-3.3271373629875045,-5.209699154213216,-4.468469636931741,-4.4944806341002765,-3.4462030535600388,-5.652552903952607,-5.219878964758324,-5.340768649424058,-4.924632759959737,-2.4956831978831913,-4.969188884802687,-5.85471065260706,-6.154497226893119,-3.747354992686953,-5.859254503978079,-4.336413040800904,-5.679691329258628,-6.266692736583172,-4.394800399698179,-5.630744866763532,-4.5745743607611065,-4.500717059153956,-4.453734754987531,-5.268148683943187,-4.313816443495292,-5.922546328448083,-7.454090251064134,-4.293107826879892,-4.8344094951625305,-5.610078244013971,-6.471152761975045,-7.036578298835343,-4.948256651791028,-3.351214034270048,-5.13855741643098,-5.361335386691545,-5.024367842495843,-2.82079488809123,-4.248095773346867,-5.933575251700389,-4.971896096097897,-4.667563088845059,-6.0563388665788445,-4.2408633776574405,-5.8178087971443535,-6.510945767340071,-4.923866446160222,-5.0821558594903555,-5.0010219022026945,-5.764644617662788,-5.625112617871041,-3.871553339630889,-4.558914384999252,-5.956746076577285,-6.9506968944201075,-5.91441640211221,-4.842700927839809,-5.6319317183544415,-5.709650205176821,-5.589160438930663,-5.072707562736288,-4.215372087041652,-5.000419203945693,-4.938062978482349,-5.22486036388282,-5.499356832154739,-4.10575912868007,-4.257597932155804,-2.95472008233395,-4.389435701610747,-5.498414321807463,-5.904651309110189,-4.0470547392883836,-5.81498688431011,-4.190263313477929,-5.759913993892614,-4.65084161621272,-6.059751214866362,-4.220114645667919,-6.233671655509249,-4.727042670493298,-5.197839934227011,-4.8981935627737405,-5.395803834161634,-5.419259947370991,-4.845218795990228,-6.002138378089851,-6.008022061666677,-5.3585494996384115,-5.397470139719007,-6.005396463804375,-4.075785307085336,-5.334473418431605,-5.226662202996112,-6.3275283259695465,-2.9283641453878806,-2.572932604445087,-5.780398578404348,-3.7739136188309024,-5.09181338373759,-3.396230407186894,Car
-4.663766913599614,-4.900237831232601,-7.499269539618582,-5.878605973426684,-4.9794793304250575,-4.801333747296021,-6.214833713937384,-5.728771528676279,-4.44655298274918,-6.383210729733357,-4.8662702762764605,-3.7620464685109445,-4.614530370888179,-4.664513256834023,-7.020151449177764,-5.821912776417896,-2.94579816640896,-5.599161917545932,-3.735523790452932,-5.6108408893562824,-5.2778205015094635,-4.484413154646481,-4.899306984005991,-4.61848754899892,-5.818390254726987,-6.136270189468757,-5.885871614390501,-5.532318141462366,-5.229281382057411,-3.9627246193601797,-4.912658543974952,-4.515402897491415,-4.858398987419868,-6.115434253528776,-4.982730473994351,-4.869217889808464,-4.240076778658692,-6.068588069643464,-7.040410865148361,-4.823736184829503,-4.6461499984116195,-5.179384806317048,-4.971979099273209,-4.121227621417195,-5.458805576527509,-5.2786408421585795,-4.920963555386168,-6.2198146791693425,-5.151897225047755,-5.063743317334206,-3.362957785679726,-5.29811565762846,-4.799988760055533,-4.081382394610258,-5.8374847253104285,-3.624259613123834,-3.236129767942722,-5.028896287648675,-5.53942606145938,-3.372880575609612,-4.2043691272318515,-4.918030795336164,-3.5731561803842977,-3.6790078114506803,-5.336256953958223,-4.7512701467008505,-4.423207512074043,-4.971269970112148,-6.390870590904281,-5.938259503698246,-6.358262785460227,-4.507075696975996,-6.184352317123745,-4.80758192918257,-3.1680961737248428,-3.5722298150878538,-6.8374166469339785,-6.278701470771006,-5.776516424179858,-6.169023689219368,-6.6538143773217335,-5.010840339725241,-4.294899450583436,-4.045965961277113,-5.474476170743809,-5.271903700315591,-4.644322754875245,-5.108485561839149,-4.189393223904198,-4.569635137165487,-5.376304423514029,-6.8566363116534434,-3.5009683945180066,-5.686082289444322,-4.64244135426974,-6.916591668719097,-5.011316583385804,-4.899738039137801,-4.8513979274523376,-1.9862067172820037,-5.6311183737934325,-4.179335773043308,-4.476767547790622,-5.678638992667587,-4.1943305968190705,-5.164320936930802,-4.124756782423281,-3.0390373765782854,-4.8492011093659,-5.281125229068451,-3.948443816189587,-3.6033468340656585,-5.88325753939205,-5.452957089538075,-4.324576728158738,-5.1320320104147195,-5.954332012986787,-4.459305172104605,-4.328510284293228,-5.334385755896975,-4.938651234668764,-5.576573068946119,-6.095237425911972,-5.497064606628187,-4.926067649824093,-6.475089221469297,-5.424012931252159,-4.912169869407261,Car
-3.8053400898751324,-5.312592354800532,-6.245902350109223,-5.209660012697729,-5.56656930409009,-4.447821444942637,-5.337905326362229,-7.710566621579271,-1.3083754988021954,-4.85763670840907,-4.910808489691421,-6.541409971997032,-6.464569265961612,-5.091948957673032,-4.66382866768836,-4.297885860823248,-4.76256234268174,-6.185942203168135,-7.504466609080049,-5.100222349378205,-5.533974670609128,-6.262571724112285,-4.171941775894374,-6.575576749179988,-4.383031160543418,-6.410137975017482,-4.865911314416669,-4.066025677981378,-5.337933315602274,-3.3100801654931784,-3.082113674406496,-4.762824999980345,-4.458614629409727,-3.939291133683481,-4.455573627514511,-4.562756782401456,-5.524069402776088,-6.687356175177712,-6.390095413249477,-2.617632641238481,-4.677541042194999,-5.245683481391332,-3.736672740882091,-5.74945797286183,-4.416891732586812,-4.9228079664399615,-4.539972498896398,-5.336409869293857,-5.96469430729038,-5.822871073139642,-5.783884202260297,-5.002970312322156,-6.556135180473943,-6.247428615022093,-4.864475702470798,-5.127675044413915,-4.809768465743302,-5.045043534333109,-2.4810497931117865,-4.873261566009127,-5.3790796494872755,-4.89886821463849,-3.98004495748967,-5.049628389377465,-4.315271641363754,-4.603954035597784,-5.290415576842644,-4.889124201118048,-3.401077885807924,-4.756921704962036,-5.9860210241710705,-5.319510427132875,-7.114247249732806,-4.86260129324712,-3.687937656217186,-6.341405768133854,-4.850267265491951,-4.014568194130714,-3.9088613668035155,-3.720198827724169,-6.868253831345504,-4.49506904538819,-6.505565185094605,-5.998332136572471,-4.178877740391494,-4.841952878148383,-4.273663925760626,-5.929116604801698,-3.526396889837123,-4.311666066158949,-4.11070188070654,-6.080166776115136,-3.828598759787382,-5.316161576640403,-5.611226270145391,-4.374536459954339,-4.416788225212061,-5.846818847757338,-2.94369898980748,-3.1856494236102253,-4.394964859188231,-4.569596577268312,-4.670213773739704,-6.549996626018672,-4.887192612078537,-4.900458418104252,-5.576011686238381,-5.309349172001585,-7.381292394715473,-6.0972729301249915,-4.07817370849271,-3.268803098360639,-5.943380685295771,-4.817151345024061,-3.901617670602683,-5.520215025894754,-4.323751822765384,-5.03378969558016,-3.809598011574651,-6.282450739668623,-6.104576628767653,-4.7204608310571885,-4.903793900099563,-5.05632389649333,-4.424165839795517,-5.930649564557736,-6.369435611621428,-5.5001081080287255,Car
-5.388278558698099,-5.283747181057911,-3.7309542886461236,-4.229582753200791,-4.4667601308445715,-4.778000405370689,-5.434188455715555,-5.853945156783445,-6.197157420692021,-5.694506850470676,-5.042921988360988,-6.154984200182667,-4.830480242263391,-5.194438127235645,-5.397298411543202,-3.838467098788363,-7.460618622222731,-5.38372954528493,-7.352437445629478,-4.761437327070557,-4.2378184168010735,-6.351106204213801,-6.22305758389139,-6.698299831710456,-4.936358007286832,-5.3407882762040275,-5.278654730391594,-5.367971639485882,-5.973599064367939,-3.8681259761039635,-4.727659319868373,-6.184663536777604,-5.700546815832501,-5.8720687744674755,-3.594072096526938,-4.2887807273171346,-5.1264894569225525,-3.292778815046141,-3.547956404800816,-5.23071089414177,-5.4105653221238095,-5.362363955897349,-5.9527465959689305,-3.266025551532837,-6.006412503058877,-4.13169568457256,-4.3094568690911705,-5.304865978223566,-3.1899548963355495,-6.559096321081528,-5.07969130097889,-5.489040164940504,-4.039406849729147,-4.6464341356248315,-6.727295178666493,-3.760520556253547,-4.514538277075433,-6.035491861962931,-5.349679104786393,-6.299884914972083,-5.17083802561648,-4.849882032640177,-5.334647158633949,-5.450464499872854,-6.612740369051179,-4.662758538496792,-6.924454596862953,-4.968920481762738,-6.799155824032461,-4.949495109513713,-5.006119004587749,-4.5966550323214594,-4.137714283198407,-3.952411577749062,-6.61004259937593,-5.05820605313308,-2.989059115439946,-4.880899431502293,-5.831348140301314,-5.079701126439336,-5.383665940314061,-6.176458157132154,-4.130895811792992,-4.415647441724638,-6.334509072112128,-5.093274583816902,-5.566463649182123,-6.601592514524967,-6.414819457475986,-6.265959823800332,-5.058429753442797,-5.457953000203356,-5.959187962095913,-5.391883029620951,-4.252465028154523,-4.643303902727944,-3.9981311923780973,-5.228312864719249,-3.397442809318356,-4.651920116301508,-5.488917423341391,-4.907048190309631,-6.248075952589817,-5.30618513624777,-4.570025769773392,-4.388330491901411,-5.410162222831197,-2.266109572477365,-5.172207743155289,-6.678394042143154,-3.786732807991502,-4.392872696150323,-4.76831117904475,-5.4649208910917775,-4.606653483973559,-3.3809837540023695,-4.798367062659854,-6.470033586810926,-8.453354083187767,-4.615440439361614,-5.985913541260108,-5.099712717395804,-5.809077623013399,-5.880908984196598,-5.765274133286267,-5.674875359916566,-4.223764011517165,-4.4263562068634155,Car
-6.207988822811173,-6.0717347263670085,-4.620878095530627,-3.9474976345644786,-3.9628586400858747,-6.002908840780232,-4.010688568099775,-6.77626963431885,-5.202884417010039,-4.512973557391347,-7.078805013041651,-2.907143075914538,-3.673304817023384,-4.352996027639411,-5.965028207564921,-5.068103624577133,-4.2095798302369785,-6.122661566999814,-5.180474231238017,-4.089616150189018,-6.49459500177305,-4.667575288979545,-6.7547696296211805,-5.943846755578654,-5.504592605676095,-4.486444387281221,-5.700789102506204,-4.874451608670849,-5.6872281378082326,-5.5306167721151525,-3.749338492213851,-6.150228178242239,-4.240846026052815,-5.001063885474982,-5.57555368890799,-6.217522832410118,-6.146236307099091,-5.738645024757947,-5.150054407221142,-4.396490363843599,-5.300239259922362,-5.233310851882219,-5.083990223322305,-4.523222308561271,-4.35519718080349,-6.386965475571848,-5.282074709743312,-3.7725959826520787,-6.316119953719954,-4.925687109551041,-5.17084400379678,-5.566675589936612,-3.409217348956642,-4.963164191132125,-3.488854928055686,-4.9943727947555905,-4.5397441106822685,-5.57722150892698,-5.566093675297754,-4.59065246975114,-4.572302542366409,-4.4020129334081455,-4.623321713045424,-6.3364209270040845,-5.806368676712416,-4.150057113851305,-6.958465365403337,-4.707392758494397,-5.1118800990691815,-4.150418132527641,-4.583378813929245,-5.663980279708462,-5.709350038301664,-5.522783472996919,-4.419936952629373,-7.302213679555244,-4.842620555642939,-5.8830345872273675,-4.809164702192743,-4.655502213496631,-6.662326582928687,-5.2268664270006315,-4.844429643199753,-4.912049904724852,-5.122200953115965,-6.220887519814012,-6.068628030646542,-6.378047322753851,-4.445954429160246,-5.115570841806601,-5.051753239292713,-6.705493443844894,-5.033602797261206,-4.366362928017317,-6.841839574574279,-5.53540625874497,-6.5703491315448055,-5.420282074729887,-5.900991897570923,-4.619091166358397,-4.830760436573608,-3.7084955943659557,-5.054077849300493,-4.661512197895727,-5.557707481648478,-6.103064651228578,-4.165237565309913,-3.7567449464529203,-4.294344300761747,-4.8687718768704675,-5.974093554485276,-3.8583718265730536,-4.420490684362988,-2.9751213906705543,-6.154423950239907,-4.137433498752619,-4.450893495125202,-5.342027200248056,-3.636165119796896,-4.597654851575452,-5.936893028461654,-5.11833901627441,-5.948858807103113,-5.4685157153855135,-4.296173846460267,-4.010725954765784,-4.7787876662106346,-5.750074876589532,Car
-4.618391579604643,-4.276600362042363,-6.972111745239718,-4.8835212249690825,-5.190189798399331,-4.046288744590428,-4.614310835138501,-4.515648298527214,-5.481910966380962,-4.998348282867564,-4.056315030196112,-5.064879732970277,-4.825330444268426,-6.5359572984420655,-5.0685400363272155,-7.011999968106109,-5.516144869358257,-4.936484442273101,-4.232969205515429,-5.999159943451976,-4.626315856529898,-3.5315065956378717,-5.640743865715622,-6.547052921722657,-4.710160042942912,-6.191997006536293,-5.81899857347352,-4.076663058297514,-3.1231007246233187,-6.000690116341485,-5.737419740015413,-5.439868962408819,-5.547808053525427,-3.0667074861879655,-5.5305678296877865,-5.387751914526129,-3.3838225268251745,-4.423323688460699,-4.014100767050755,-5.9061128730223915,-5.530179683175736,-6.039718357678961,-4.198738453964184,-3.7747567922165564,-5.599774369181513,-5.3642413229042765,-5.320490065038658,-6.547223993278176,-5.673822077759654,-4.226733785236399,-5.875418504445094,-4.907018137795012,-6.308018974464156,-5.144000911128868,-5.563321154586008,-6.221671483783767,-4.209613903844888,-4.153372638798981,-5.969538712235975,-5.216183464193727,-4.955681316927551,-6.81476178712785,-6.397092726394032,-3.713715563633219,-6.065126896502571,-3.741816891748304,-6.345413674383331,-4.341172222859597,-5.311303107510335,-5.170766269154367,-3.144064086466036,-6.254186634318682,-4.4052018037389296,-4.446510336442178,-1.6454266108336224,-6.077130820231886,-5.625984793503437,-4.184077714167446,-5.200263859201863,-5.46305095673175,-4.042488511676835,-5.266568436303721,-5.891859070381417,-4.273789845238019,-4.62471199197214,-5.3128465956059765,-5.360301518760021,-5.914906604940563,-4.274903144884658,-5.360107817254375,-5.76984590357367,-6.285555167191855,-4.6078456420911635,-5.508582978912997,-7.012675313989071,-6.203268789644047,-5.233596935658983,-5.205537664917168,-5.243542250370651,-5.382756111567561,-6.475853722736411,-5.874548524149051,-3.8162230135158985,-3.9637718731469342,-4.422048217655949,-4.510497395959332,-4.095244091934508,-6.1207947374921,-4.967071633243051,-6.12026715064696,-6.102914469765273,-4.631935062253059,-4.053249560864125,-5.193849134422538,-3.3509995677904985,-4.788215672954463,-5.776785532416511,-6.086728551873672,-3.981868515815284,-4.871540884260185,-4.323952621830518,-7.657963260453242,-4.755327965653062,-5.511774188496237,-6.393759535916864,-5.062682342948426,-3.908186466345544,-2.7337717135802815,Car
-4.757847592677489,-5.709146589961523,-5.769502556518467,-4.036867637934801,-5.996874119152892,-4.377572620472237,-4.706318810040383,-4.81689860811712,-6.568118589880792,-5.356958202226325,-6.458157791357612,-5.588247401316766,-4.082861338479487,-3.7689420966444347,-4.786051350509115,-5.570340512433985,-3.411900667639582,-5.58359063375618,-6.135686491809004,-4.303517032083216,-4.542265957430294,-5.542575910925841,-4.899774770430433,-4.557840011148227,-4.796321158948183,-4.54106104503542,-5.505714861559975,-4.473754955760401,-4.982442162416718,-5.471810521536353,-5.245884762233275,-5.097901835924418,-6.445378337061279,-5.636659246569929,-4.935094484407214,-6.350991035388852,-5.619923661814581,-2.615355021628128,-6.129258364821194,-5.383813912650429,-5.833717278528731,-5.116870003953337,-5.81491834313498,-5.243243123292433,-5.718547035149893,-3.944872183630175,-4.918362962280454,-6.00297265696322,-4.159203476167307,-5.958266616030113,-6.564080188911651,-5.003042487432808,-3.092735575660021,-6.827664128915887,-6.330987921569097,-4.247474336839156,-5.64232139961196,-4.388051432753457,-5.837488906941947,-4.858037822590823,-3.2555260746145116,-6.194589647021871,-3.976239189862696,-4.320293203367913,-6.489244251098909,-4.441099476258227,-4.927193871137394,-4.908905990086271,-4.663482433548297,-5.350365844415805,-4.929901041057602,-4.758547574959712,-4.253942061114471,-6.527161033378081,-3.7091141035088957,-6.155290343059213,-4.238371535853613,-4.92055490072722,-6.281156342798697,-4.471854530295996,-5.945406639195171,-3.93120444484236,-5.710834838501244,-6.494986097605377,-3.466154894963705,-4.818676328763091,-4.132808874238685,-5.851471878753367,-6.891810536708201,-3.324797575912223,-5.006426812178948,-4.508648105836453,-4.343404219401731,-5.335391053015689,-4.7737704523844835,-3.4060474074945555,-5.03244122887933,-4.057898683580425,-6.991246980030621,-3.8762393696807855,-6.522004298005974,-3.9905911759664994,-4.609368779548729,-5.095920676073878,-5.09958822120793,-5.252731093357335,-5.820669519443563,-5.205976278630047,-2.791940922490911,-3.6976932892152705,-5.871003178522434,-4.732312597672712,-4.904020836763569,-5.142293443009672,-6.002777556637479,-4.554102015193347,-4.153928370085364,-5.83389868506678,-3.0444585827107926,-3.477996750764446,-4.451834441048767,-6.231719702668814,-4.598591374015438,-4.7180219984355345,-4.486844723781504,-3.409535727710264,-5.175974054616621,-2.9521734203442564,Car
-4.59349565400625,-5.290463175661265,-2.6006227932935886,-4.1701080999799105,-5.454733886957473,-4.915783411053558,-4.364766978145466,-5.150861026785342,-4.8660921309550496,-5.817203603662721,-6.685194530807908,-4.893580677255288,-4.859972177774113,-4.472880408442146,-5.576189707106197,-6.340554294540665,-5.965324469747348,-3.944366243160175,-5.666611312207571,-5.442080985803762,-5.312413563831112,-5.61927616928679,-5.693210827532833,-5.871123564633811,-3.5993434254318,-4.31989931665707,-3.7521792268497625,-3.550660243539162,-7.3498797974329815,-4.656545357971924,-5.586178633898319,-3.8831903556466516,-5.741471203242561,-6.05414975636371,-6.434045860653102,-5.302674910978802,-4.085054737471689,-4.743832783138688,-6.202648265136144,-2.8473409096381093,-4.350461360508432,-4.222589884242313,-3.714971172652342,-6.64021558862578,-5.911434138587882,-4.1769886430757275,-5.810738328021477,-5.275013472255048,-5.0777406528313005,-6.2774053886299175,-5.36081718213364,-4.085496782648168,-4.270546110182159,-3.886985338032532,-3.9901241262092038,-4.5941260742974155,-4.6733215016903005,-4.746669239893382,-5.627047167253961,-6.029944723720614,-5.6895973461199,-5.326029316557469,-5.655825944742777,-4.586168261516084,-4.798104783935749,-4.690676501279782,-4.64859193408422,-3.804336062215467,-5.0085728923871,-3.9916305661653886,-4.483414642020833,-3.870366463364914,-3.385370165613428,-4.42335042002093,-4.896231750328002,-4.902692182556692,-5.470166079561839,-5.503772146576056,-4.0978828366884645,-5.9636702924475555,-3.3852273644377737,-5.15172325290402,-2.137922106877186,-5.693115426829618,-4.749811080019666,-5.351849270248419,-5.793084091543272,-3.9361996491212814,-6.105554194397806,-5.676074506974235,-4.41368029108509,-4.255039189050596,-6.391885421227521,-4.418323114784626,-4.871100086583661,-5.91772335786153,-5.7888815353355545,-7.0334514279484015,-3.2825555722024222,-3.984579585022993,-6.289145010178219,-4.201092327208205,-5.574022343949666,-4.0851894636503,-5.4960735691590825,-5.363354095107958,-5.288347267757665,-5.657355341661313,-3.600728624766696,-4.101473006918521,-4.8900514616667206,-3.97543183601419,-6.627071715245459,-6.228458778551032,-4.525445237642037,-4.264463444192112,-4.720592453744248,-6.8826946750783184,-6.062334524337748,-4.583408133495832,-2.5735277107587327,-3.782087334941572,-3.4226957015292276,-4.660274577809701,-4.667509019210623,-6.033485467256076,-4.048177946948383,-5.073181702541003,Car
-4.307267624536281,-4.9693136471190655,-4.72088157524926,-5.087728116298622,-4.775375302177107,-3.9999234424547696,-6.266229529069224,-6.4929224263151095,-4.574135422361101,-3.5594257020923834,-3.3072553831989184,-6.224410217710072,-5.4028738354023735,-6.4792152544449095,-5.55061162638712,-3.8771519049506384,-5.012891783558399,-5.373874079623788,-4.45491424358879,-5.795052089809471,-3.4070216351181424,-4.992715027758527,-5.401794242959899,-4.413150765204389,-4.060713839788954,-3.404024759850741,-5.2099689062581644,-3.913943477306283,-4.8987883881000025,-5.611380020973694,-5.776811529004235,-6.096983443633004,-5.741693998889114,-3.8842933782399163,-4.293290398213963,-6.2412116559419495,-6.746390920214935,-6.112293155796411,-5.776736208247149,-5.3032657105770085,-3.827136476991286,-5.547716858899666,-3.319500039822726,-6.680199892321368,-5.348632520762306,-4.214451330863599,-4.152794747633567,-5.335713956388393,-3.998246566215803,-4.187803557493117,-5.682114659312511,-4.685071531555578,-4.296386715923155,-5.610534767572825,-3.3056745497308366,-5.835361946617643,-4.855907116705488,-6.249777316419508,-4.8966398013374395,-6.067073216070822,-5.294129141329263,-6.5865975613210965,-4.200186599674279,-4.643719950258393,-3.9125894463633006,-5.347805164639836,-3.8661526331190017,-4.960720354605164,-4.886832540571263,-2.8859466746480615,-5.484675964938604,-3.77254096884515,-4.520315059452386,-5.571904892245483,-6.315690890463473,-6.03308505045549,-3.8693252021454887,-3.265600473163043,-4.908560096789774,-4.856118237378877,-4.223546566843513,-4.926697970646815,-3.9002999620296777,-4.708377749336815,-4.864458686347557,-5.699212847494119,-5.9452670794732825,-8.159088013545244,-3.7658832000581284,-5.146607055222326,-5.400397344735781,-6.951707296385433,-5.640112765772352,-5.771686458282896,-5.794773087230775,-4.667163856847372,-4.877751446803996,-6.361295933619705,-6.297841099907332,-6.299678552330366,-3.189473912432823,-3.50727737130837,-5.852298999099598,-6.976594319995731,-4.87195575698748,-4.953059883762329,-4.683083013011602,-4.258626107522667,-4.548296046604058,-6.116439531500253,-4.705958912835983,-4.146176424664346,-5.724001723003373,-4.700043531244141,-5.552780717467808,-3.0038302790587705,-6.32682713886702,-3.844051063471399,-6.670812761425269,-3.2069473147833922,-6.1415490674244095,-4.810328456010664,-6.629193186696805,-6.349981117021711,-4.102252952375379,-3.9718376885305284,-4.760641067632353,-4.258918334509759,Car
-3.9551212573460273,-5.684176863799315,-6.398961434316814,-5.013703386202795,-5.577201185897208,-4.611378519799005,-4.4519713879120735,-5.681650790569281,-4.295891457033557,-4.345861624048692,-4.27668242111098,-5.407792377010593,-4.220077835171425,-4.479997719324807,-4.359815355243439,-3.3222114369114735,-4.672225810074588,-5.606962223997467,-6.110454530999464,-3.872063840006178,-4.6426923239645514,-3.3299780116797755,-7.0295521912004695,-4.089332912213558,-5.261137335420628,-5.353520994881171,-5.764807840148591,-4.100428986114857,-4.386463822716776,-6.14238202503944,-4.835078562074929,-4.293885669319529,-4.821989474074093,-3.892159699973061,-5.290038543889183,-7.254357673104474,-4.813282439231763,-4.81937423059492,-4.688813503295646,-3.8930209020322986,-6.952463253293306,-5.23848330433266,-5.922657808001551,-6.208030388118485,-5.072298999562893,-4.298177969719324,-4.699053395140841,-5.687522422495761,-5.145471599543718,-4.070103555370384,-4.316870754939978,-5.552770013226629,-5.617496375663978,-6.7164841605989976,-5.429411333582364,-6.735788930438517,-2.9329303126138853,-5.85511815686671,-3.8910191446867826,-3.1818937921080095,-4.783798591472012,-5.100014256386906,-6.3223652560550825,-5.504600121648775,-3.3960349521309743,-4.648747370377731,-4.971651792541163,-3.6878767908243377,-4.303709451544284,-5.147873147779763,-4.783744164326403,-5.768065037431308,-5.561040646363586,-5.206298629258659,-4.44252893762631,-6.247362972690046,-4.923759669577271,-5.389862160063064,-5.900929218466205,-5.3844915494916545,-7.321403263050222,-5.757588674028379,-6.099486882075956,-5.279916042600764,-7.279789822963933,-4.809107256490531,-4.090576703593137,-5.117296372229899,-4.501208126595624,-5.512730556401243,-6.554621123775874,-4.998308678714348,-4.319621623014781,-6.3243881256076575,-5.465227276321835,-5.2471164009044164,-2.148592354715055,-4.776628805280108,-6.905573578863777,-7.15285090184221,-4.26950116973625,-2.514968024003471,-5.280974484600719,-5.3408195920585095,-4.5692258238024035,-5.7982964083451085,-7.544154620428673,-3.9627356107243137,-5.61318212840183,-3.9498821341786288,-5.76098679031068,-4.878220872539462,-4.1451680525113055,-3.9296490489281277,-4.767011332518576,-4.816760904201001,-4.3802938198208885,-4.535830465605848,-6.291180534171313,-6.272082354303842,-7.109059103020879,-4.2334919991603535,-5.395729773711,-4.179802754623698,-4.596289426545509,-6.002426681570969,-5.120222433534779,-5.454822051664092,Car
-5.609223480263562,-4.084712674506719,-2.4892565294523274,-3.8837963582564523,-5.026956367357403,-3.740492240043876,-3.287097349689197,-6.392370782310297,-3.77514523863747,-4.230317981256794,-3.8118809433435,-4.186712543983099,-5.2277290075341405,-2.967129355817233,-4.660401391417851,-5.434327020694253,-4.494021984959626,-4.027604098272139,-4.905238924138004,-4.606863616477775,-4.911632917896348,-5.660075733100643,-5.821824458627771,-6.402816286571587,-3.481979965953255,-5.223417248129661,-8.42757510175529,-4.603466920720491,-4.6241728954926975,-6.866567682830396,-5.832396208333262,-5.876289034560929,-5.742267690792277,-3.7872241382964296,-5.148877548066837,-5.427234884816151,-3.8776100577794064,-4.504652254816294,-6.740978257976549,-5.616623639167903,-4.6780379128660545,-5.933890134012033,-2.9704452115788684,-4.887121236347416,-5.753376339577525,-6.12294364333605,-4.072472411964297,-5.647861936993957,-4.620075821708293,-6.151519356874433,-4.929802208475497,-5.635885897883461,-5.315394413475054,-5.796280800385457,-3.9743737221917295,-5.491003975124326,-5.143457194919702,-5.095142280798744,-3.387729878366372,-4.1096914126086,-4.20931924172204,-6.577886623026302,-5.656392387602539,-3.811381284171085,-6.17093081542165,-4.91598645187827,-6.065261504260789,-5.964907255409407,-3.319214347135796,-4.280729358423612,-4.016859772205413,-4.216258519836221,-5.139288362229502,-5.691596707903897,-5.402090259417493,-5.191826454386747,-3.223713930672083,-6.33635643102953,-5.5536614486187945,-5.912963366305383,-3.94337680247952,-3.1462117406609034,-4.691213640173604,-4.608984165156416,-4.908679076958064,-4.562521010718875,-4.226844837642373,-4.5743594871131785,-4.501165671721705,-4.224585636506125,-6.778278101255067,-4.997991069854274,-4.694790957915482,-4.583851819480708,-5.170886261783954,-4.839248500202848,-5.719906404680767,-6.77484473569773,-4.0168628986943435,-6.1343716033195035,-5.160453863113762,-5.749129632902005,-3.4129907201239207,-5.079644714508715,-5.310456462882066,-4.252134131274017,-2.8435258323918133,-4.5943104729419115,-5.377419461631836,-4.30340601864531,-6.572679068581565,-4.953570739935603,-3.0060423450435882,-4.842252603314228,-4.892222343842351,-4.979363459642494,-5.395476280426199,-4.685509327635129,-4.224726988339697,-5.331820052490775,-7.490751738300821,-4.534382494721246,-2.866873923479896,-5.376261408056131,-6.471163382756604,-4.322587015267521,-3.2561677358159966,-4.4706264302847645,Car
-3.2752999458334893,-4.206331454374287,-4.293149014322307,-5.518000682742112,-4.714593109246783,-5.029470956717777,-5.063735720566652,-5.253865127951068,-4.774386532541446,-6.296344984136726,-4.188281600718425,-5.8777452927801965,-5.250271225004708,-4.669440106964835,-5.927273418395512,-6.966463062305253,-5.383046677697507,-6.4310974925836994,-4.28768906732953,-6.153503572542126,-3.5148444362908378,-5.0057928892352255,-4.940825805405771,-6.980631328544664,-4.8551373711494765,-5.080179916873253,-6.299089034925469,-4.912731661203192,-5.397923010807424,-5.2167878178953595,-4.974118237805953,-5.471454213158202,-4.753543373051132,-5.086555482350963,-4.527231531613425,-5.528674593971991,-6.064919752933959,-5.708868528438138,-3.5573432311482214,-4.044033473793253,-3.7866208674008908,-3.71728604182978,-5.466318057173202,-4.704188064591538,-4.924160997152038,-4.340461474408578,-5.289168245230967,-4.907025842908996,-4.927728522380314,-4.467737600084302,-4.344282778928401,-4.9063289676598,-4.876009215934192,-4.774101979251296,-3.3534485793769573,-6.729997791316932,-5.969679661217808,-4.326320403554059,-4.730215601160909,-4.737250449849124,-4.332504501286643,-4.786007106876237,-5.559282478449224,-4.371190859891741,-4.9791128370009226,-5.447577178889554,-4.309639375422089,-4.348966141718,-4.785233508399208,-3.2828808460054426,-3.6731732652297158,-3.9981428059461983,-2.4336344271912527,-5.146463401997716,-5.464800329316094,-4.139636900696641,-5.252634297994281,-4.988072284352177,-5.985919965750305,-4.3933405422868725,-6.47100724553761,-5.096438221159369,-5.0153557375157565,-5.436038842419832,-6.7572147586615,-6.764631093774451,-5.7461724066718,-4.460949671237936,-4.711075138558056,-5.016435358831141,-5.884588486017478,-4.658867778738893,-6.799029278038918,-7.396549482371977,-5.243071551215005,-5.546051380097029,-3.986828702352542,-4.842016222227166,-3.3492646900001493,-5.54821506869546,-4.513227708477839,-5.25227712941563,-3.6182802758688624,-5.20405044712408,-4.145593219854235,-6.07761896452416,-5.415212643132045,-5.084043411927467,-3.7365824600371993,-7.197186941008039,-5.332644446445779,-5.366480126427301,-7.076973522394381,-5.464035760746815,-6.540667131191293,-7.330663478037392,-5.262312828495323,-5.296145120803859,-5.244953582959332,-4.747141754101649,-5.879396823213699,-3.2091439865540794,-5.033294008131503,-3.7135695369385155,-6.679899241488712,-5.834529650091874,-4.31368519495577,-5.226564275677934,Car
-6.073179387372966,-6.838629898644081,-4.266796327759636,-4.348397745051145,-4.756679308580772,-5.495906190785917,-6.113090027629805,-5.0529815398967015,-6.3153186036454,-5.75158408056459,-3.738749418600451,-6.850835763131419,-4.322472173099633,-3.505804048550837,-4.1837402806173465,-4.601787121573516,-5.463572846171124,-5.645888054434013,-7.24813086606332,-4.962993319732686,-5.402240448729094,-5.698034408681907,-5.020081028879013,-4.937630519795345,-5.635557297367054,-3.3869192165232134,-4.2693972208875755,-4.103721441626721,-5.10330278363941,-4.4887642677388575,-5.895704600598563,-4.333741459749694,-5.20440260731374,-6.021983535014326,-5.022766671219229,-5.29205403024989,-2.676930672779083,-4.564605751520088,-3.420282532551778,-3.8687128936412734,-4.962219400202501,-5.443719202930045,-6.740226581200323,-5.87094355066474,-4.3372465422457855,-5.302130385120703,-4.624179674261558,-7.030275151347336,-4.546485150902627,-3.9035184428007144,-6.775758289806253,-4.6284360936432005,-3.6564653463915393,-3.319913350660534,-5.503499070857959,-4.220069655388467,-3.570210179994585,-4.5986186092196215,-3.7149224110031893,-5.0358616533383005,-4.605685856229203,-5.621609226462202,-5.164600157673759,-4.566283830123636,-5.696619325045767,-5.223586373140754,-4.239126319053197,-2.9474424668238997,-7.049438491648574,-3.023423332676383,-5.259871764422767,-4.035100130972615,-3.83890730000826,-3.4355032260594527,-5.7279618647297905,-5.225271308117798,-5.053596098952903,-5.357433842497345,-3.6812390251608607,-5.0768277010114655,-6.618547664808369,-5.633013822313764,-6.57840002669688,-5.228338786693341,-4.327450325432063,-5.654476672303689,-5.403032964634577,-5.274765292338194,-4.859257506164755,-4.483917221364475,-4.1927445720646315,-2.7444830170634784,-4.876504068999927,-4.264206946020285,-6.587556747678275,-5.379182985565534,-5.270416893462073,-6.017314888987104,-5.535992731367536,-5.107484717655628,-5.504663374164808,-2.3981658121618397,-4.4877246584222705,-2.9989772611406638,-3.507348821165995,-5.639246133450386,-4.962439532580189,-5.4348246210745765,-5.1618227592863315,-5.97643366918873,-5.441535329170223,-4.640481118466761,-4.666877943057796,-4.746596334783733,-5.059674824883559,-4.13925757476306,-5.257043026078538,-3.608447660238384,-6.847597557017562,-4.343188976024244,-4.511628887752643,-5.67456655725155,-5.355231026855277,-4.535209060890963,-4.08406475285125,-6.749463168331106,-4.371753932345745,-5.457651185557556,Car
-3.874710225701447,-6.839275213816177,-2.554701034878793,-5.886139933014097,-3.5700388132103225,-5.069184619732833,-5.818666737200131,-4.734885994618589,-3.9708745550436317,-6.552704800744762,-4.29841115071299,-5.012178498657089,-4.422955917433666,-4.98902464266102,-5.5718688387546536,-6.113123251371879,-4.327354887952975,-4.332728007801165,-4.337727752309192,-4.572403680559427,-4.05530112816053,-3.5939307202303583,-6.876417847406518,-7.341797443869089,-3.282052640120355,-6.341046514585189,-6.086243286789619,-5.287614311874925,-6.653971578713103,-5.381586697307638,-5.948105344122665,-5.233340869697008,-4.720158695092898,-5.3435382254295645,-5.394047285397147,-4.742004203208354,-3.955708202050052,-3.3970356530783343,-5.218538254002215,-3.175110848076763,-4.123293165238754,-6.232008453973176,-6.261208255613675,-5.57728785060267,-3.555396016640274,-5.5013673155655365,-6.892356824506273,-5.2288842088877105,-6.980571967560406,-6.054985646936872,-5.587028406292586,-4.850331089075309,-3.975837673393122,-4.305864056628236,-6.179324798447485,-5.371712262165652,-4.923624411297434,-5.262207124446499,-5.269295225868294,-6.722743324654272,-6.15273415113964,-5.4029398491392735,-8.093225674945163,-4.359355679990146,-6.372679099711069,-4.313161866734863,-4.40108399552909,-5.543693043112384,-3.999451674298462,-4.256802655075067,-5.308961470834641,-5.421759615191698,-3.9027672143356433,-4.7679861605923355,-3.9553028316318577,-7.388974074352737,-4.901514902980538,-6.577409086969373,-5.025788507486763,-4.286179791654116,-3.2608598542508975,-5.938166728437186,-5.525704805301983,-5.095532907075538,-5.97453110146189,-4.021440271210743,-5.070094545365624,-4.878042976623954,-4.379826873225841,-5.07171151637541,-5.8175391281758655,-5.063020238298467,-5.856181359513389,-4.892019110883513,-4.003062279198203,-6.174978292272332,-6.532371001442092,-4.950750064080326,-5.767799616743906,-4.968254725588031,-4.679596479390299,-7.143686228928539,-4.310150572341458,-6.169668502955249,-5.02234795056469,-5.65938233543843,-5.5519570147842945,-3.306042060382012,-4.680732479204339,-4.095311597046409,-4.849058645797257,-4.379986425345046,-4.582621637856548,-4.745543855313175,-3.89284409083532,-4.84349454615573,-2.714851427782295,-4.039468427187562,-6.13954069773969,-5.176549708982982,-4.602922400509332,-4.955503164287963,-4.3131265810278325,-4.202983295166127,-6.359586985798964,-3.718922455283505,-5.496817465486044,-5.595904505864757,Car
-5.5991223927055405,-4.191423594009417,-5.267067698147786,-5.663551644337708,-5.423959157443537,-6.794691658915877,-5.842163763951487,-6.2395835486530995,-5.269169330495891,-4.335806729726407,-4.446124099066773,-3.743249502453417,-3.9660241827033795,-5.528596714918377,-4.980928599246287,-5.032556094221419,-7.151052682721887,-6.2172595369097445,-5.167286677151113,-5.172896435140808,-4.487674945794833,-4.536358370464152,-6.7706925020997355,-4.48140326554247,-4.821412793546236,-4.376626818355371,-3.9331344123584104,-5.142882972787972,-3.7544117630199203,-5.889400453893047,-5.945738120372218,-4.5712278098644585,-5.36876754530518,-4.73836743538103,-3.0070178801555087,-4.606504926496024,-4.78783046113588,-5.869220378651847,-6.699979806624347,-5.07254661527351,-3.9331297533918037,-5.322938007060674,-4.598537500794631,-3.5735027272814177,-3.59848368676964,-4.5711841123982175,-4.829893521342657,-6.518633049003076,-5.630194644176941,-5.280755808018073,-5.852331611434153,-4.751546737047236,-3.088351816513899,-3.482238407338383,-4.756120138168793,-4.220565927975171,-5.728604315356119,-3.5359106493311985,-6.56196659594518,-4.087171838913838,-4.504410289800226,-5.755859386754424,-5.208786756737938,-6.13425270315606,-6.091640047802232,-6.59105400062393,-4.232486097799288,-3.794655030573319,-7.161807863813426,-3.161694483848494,-5.01200823663684,-4.710146795123162,-6.472412835585076,-3.679174249835135,-4.799749906833166,-3.861173760228701,-3.7791416793522563,-3.66512557727873,-5.648280775852203,-5.2079620078932045,-5.611702074729514,-4.104903537258717,-4.667110770636259,-3.930855135986762,-3.8872611969427675,-6.727259490938907,-3.6492298694461276,-4.049139042234283,-5.369224883185497,-4.650207233470371,-5.123669571582704,-4.3839443213688245,-5.371396380704876,-4.5210727588308925,-4.932694695340648,-5.432193903495305,-4.8098637550979415,-2.2935304265112424,-5.685536629825682,-5.2499435912615695,-5.6681123996330305,-5.563216385527584,-4.184225646614642,-4.284117540363932,-5.00586350332131,-3.9737034147308883,-4.20655670450569,-5.162334186026214,-6.533864741794206,-4.170216992050998,-4.830335378998025,-4.977776536299408,-5.4660480200097155,-4.255351050883684,-4.651503747571499,-5.236828042802297,-6.225454547218911,-3.9320708981199237,-4.395094776844123,-4.7445971000544045,-7.656773995113998,-5.03789425711606,-5.241203703475663,-5.618495685054341,-4.245764721435716,-4.285139965832722,-4.563175282807612,-3.9621090852322576,Car
-6.022298514033842,-5.453654056769307,-4.925207736814194,-5.622002019227915,-4.272830778296457,-5.522200848131695,-3.7016299955532457,-5.93115940175019,-2.8680163504993827,-2.9707026443975773,-5.094753146315345,-3.8538295490742516,-5.400428060508607,-3.986713501768655,-5.175978331456771,-6.285439898508484,-8.532818187678899,-5.268713446070611,-4.720937491314707,-3.669683573963783,-4.963374967848609,-3.997089865282411,-5.453941547221527,-5.337278969531445,-3.9459643174714145,-7.464674484669272,-4.987016171097084,-5.3999613495558645,-3.639388795147716,-5.52824629497982,-4.483415030429906,-4.078483030665306,-6.4925959941304106,-5.139370308273901,-5.431636434085938,-4.053706753170406,-4.324918159187806,-5.233202030059182,-6.047408050416052,-3.96185330397991,-5.0676527765987815,-6.618376565667463,-6.532380398969924,-4.562366569927024,-6.275806192765518,-3.140352506396386,-5.937070284359331,-5.000360725357276,-4.840888033839694,-5.7293777392368455,-7.239827030577969,-4.809104902383773,-5.753239990102259,-4.883461572383557,-5.122331052238709,-4.736708751928196,-3.4381298793439403,-5.5461830127271226,-5.468844654342496,-6.66579730275389,-5.1951839510992945,-4.590130010725034,-5.483494877571027,-4.583569499594509,-5.177508525489191,-6.30226623796899,-4.688014928816895,-5.205832133565017,-4.877242178590642,-5.566949883210416,-5.655402522990895,-4.842589192447035,-5.230599912042135,-3.275721750830735,-4.201269487838835,-4.454995740532312,-5.177480801501415,-7.02602344847651,-5.807594927617679,-5.647293452584318,-5.274984386289914,-5.033359499389953,-4.343925034514505,-4.7268544389299345,-3.8407968085300954,-5.31190197351925,-4.742837055829838,-4.656155772221199,-4.7542737156414105,-3.7181097520598576,-4.196225677252808,-6.319403219501423,-5.11433109905934,-5.013973682229795,-2.8484589363049944,-5.32979118124547,-5.982483903336182,-4.561674570523357,-4.503014280376221,-5.073772863729692,-5.22026100297089,-4.051096043937915,-5.853598154259821,-5.340953342868536,-5.5221498621133875,-3.9061054023794117,-4.714505796713656,-6.064994097321271,-5.964506393262769,-3.1265848763878488,-3.9167822518929603,-4.158449718476521,-4.987753059026658,-3.4915267598795907,-6.103404785978259,-4.24703248779551,-5.443273506525563,-5.24889331965523,-4.274210735167613,-5.143557508681508,-5.434699859461258,-5.495157648087925,-6.986345745511125,-4.236796380724344,-6.006630072798793,-3.1415905943407223,-5.287612549814993,-3.6905602025540425,Car
-6.809031032682681,-4.268516978801401,-4.011444267488188,-3.6964363656355665,-6.528038772786614,-5.702718637086929,-4.42349004724392,-4.85155802115589,-4.706640357436165,-5.360286605809332,-3.449201384944309,-2.3915345517201865,-4.8960200759909105,-4.546578754494748,-4.943756254377183,-3.715946600952563,-4.170883715743189,-6.066380570636843,-5.612702010494645,-6.009296793005887,-2.3051776678044895,-4.364688216417931,-5.595686226109782,-5.67555204062484,-4.19476872703309,-4.095079850340866,-4.20189228691559,-5.425557358649719,-4.694156355585823,-4.889084902366616,-5.936260372438427,-5.926493842876022,-4.588034955456865,-4.803548918956341,-4.446648289157789,-4.2089769613062815,-3.500617377502471,-5.775904386116046,-4.369763801274618,-4.250801183471315,-5.312130412525445,-4.8781368164307315,-5.2865585566960736,-2.891409616642825,-4.895147309558894,-4.548494891288606,-5.2639842969172115,-5.47963456625079,-6.302002661701677,-3.9001313752746674,-4.231562502603399,-5.301096444439785,-5.900369903063942,-4.820091473579857,-5.497696806296969,-5.222042568632121,-6.263559944602884,-4.78293041935197,-4.76299679801125,-3.905277115760316,-5.150741568632607,-5.333562477203836,-6.556760866117225,-3.899039051637371,-4.10717688344304,-4.9712615585931985,-6.329231054530372,-6.214527031088142,-5.54710592876429,-4.034774291133337,-4.709662364758363,-6.493357188881776,-4.5957880853997795,-5.839146579170857,-5.522212226512146,-4.028261987478294,-4.234495916219168,-3.906900117174577,-5.023133519084213,-4.116975442133813,-5.586136263763057,-5.257565934605293,-5.3262932244047905,-4.976134981775506,-6.286491086312078,-5.225004903123361,-3.548342698481261,-6.092528161811434,-6.329321281915032,-6.248688327662228,-2.3381405559253587,-4.535148019129623,-5.270265384341383,-4.931679586991864,-4.772360600753182,-5.64044997572938,-5.517216748709103,-5.15768313220203,-5.7247550882349065,-5.396934607021189,-4.646908422669655,-5.997153179620099,-2.3900505790521476,-4.246843389113801,-6.270084738512652,-7.477903509100612,-5.687503285137779,-4.315639350392752,-4.509530105549895,-5.110848510348613,-5.601442461143085,-5.90413137399193,-5.4025830711095075,-6.012379973827603,-5.398877756208449,-3.669049064177178,-5.7712397992494,-4.389118716948012,-4.236576187015797,-6.079601318535916,-5.843371874559503,-3.93105656301321,-5.925764039650698,-5.057485749210803,-2.9600161778314744,-4.020167742938636,-4.914769548264434,-4.159269425468746,Car
-5.055922085314018,-3.981768166796526,-7.046265431346471,-5.139265996374945,-7.086339906592822,-4.838644811768171,-5.2361778982726985,-3.6392701533576703,-4.2881726314023325,-5.526087687540066,-5.406216256580865,-4.6193034697702196,-5.572560592553273,-5.032372786384545,-3.683301935485131,-5.829130183530379,-5.447674365956396,-5.307432345449317,-1.8419265738143764,-4.391757337492833,-3.867931660952158,-4.231874288121616,-4.164606134014701,-4.526426462667712,-4.6347307999409075,-6.4507446544685365,-4.64213544365706,-5.108343592392958,-4.454543097150505,-5.070859166640447,-4.236835707272008,-4.06006742885082,-7.912160024645765,-5.433892818165958,-6.857386905888127,-4.761055445358005,-5.300708377854001,-3.6441715294133945,-4.792755338199123,-5.485529976463713,-4.061428460154415,-5.318202457827443,-5.497997555893669,-4.606374585358144,-3.3870286100605287,-4.146448091760178,-4.433069034718524,-2.2490514664783365,-5.732410036359493,-5.754717836942107,-4.854430519560257,-3.484973615895286,-5.941685976294603,-3.24542740243694,-6.439122489408388,-5.121218050721178,-4.826534334331351,-5.882631916317902,-5.621234364932201,-4.203369520664334,-3.558444257488766,-7.1146103624960215,-4.819763614540685,-5.113308903615803,-4.89260364437605,-5.316766475616202,-6.290486969556327,-3.4577030219553793,-3.8406704016693003,-5.1039891888968825,-5.488313212473343,-5.60944062900588,-7.585653224814481,-4.646179925397589,-4.219676409697156,-4.862097883890232,-5.086336434599753,-4.866616491513415,-5.853225980757577,-5.499555227370331,-5.166333028232158,-4.303323425235105,-3.6211416267048886,-5.2291478429729565,-6.044785537565415,-4.964353209236569,-2.988508887411079,-5.957806435133734,-4.1141592528671875,-3.6640394438793944,-5.360014859825486,-5.700724577719041,-4.425043317166748,-4.646783227195835,-4.305225828679113,-2.926290568510195,-4.832953446623436,-6.192224848956102,-4.933359997831576,-4.758443205794619,-3.7328313629117513,-5.196764395427703,-5.409067833695385,-6.37119399616659,-4.45258720793587,-1.6517928144610248,-5.222590984003939,-4.548045045478052,-5.547832853314963,-6.281284919995841,-4.565764060799469,-4.971811716562808,-7.385554143065823,-3.389971284259881,-4.584035623662884,-4.926104449896396,-5.421976864092309,-4.594705889506908,-4.548604047583965,-4.598678626273288,-3.9320069554965107,-3.704728766166655,-2.9944069363816035,-5.836842182448722,-5.573421513767217,-4.638817832958362,-5.779090858737785,-5.618015072372221,Car
-4.52477041849337,-4.09915764502015,-3.724072047221137,-5.1926144137576005,-4.53684703646203,-4.75724226410623,-4.982342554820014,-5.816009165208017,-5.943211089202522,-4.333325220044044,-5.832819379884202,-6.7769188248270265,-5.031761323290188,-3.5447596978502505,-7.794850438402242,-5.2883302731535125,-4.324785134673768,-6.823496433214801,-5.213332916201082,-6.139457244552542,-6.007178114006885,-5.402418207702021,-6.12314789013217,-6.206300703151813,-5.059231751542004,-2.772860939464314,-4.242256682552144,-3.989467232961645,-4.202737561581155,-5.697513612679217,-4.68916777088384,-3.902305739057666,-4.171662532218209,-4.805448992631614,-4.479953505806106,-2.5371260348308478,-4.1605567828436545,-5.315159357197649,-5.0740370062645965,-6.054151396591447,-2.6529640520537034,-3.396130274556456,-4.916786963727886,-2.8191798812332234,-4.367599955045023,-5.430846417615818,-4.093547459480202,-4.601356528203349,-4.162143221723601,-6.369091859656217,-5.810314157197269,-3.511529169876825,-3.3068625084359438,-3.5848872730319457,-2.7813530964131425,-4.422631701786137,-4.49291663716957,-5.913206901223813,-5.580531440846305,-6.988260922309552,-5.321486012367707,-7.058526088833248,-3.919033829136306,-4.6116011314495475,-7.0261692463960905,-5.189863692163482,-3.0323443776515,-5.125666150835744,-5.998370943637992,-6.7855022693052405,-6.755646612443889,-4.464420032143998,-5.433872622324745,-5.350994141599439,-5.429746663443969,-5.1402399494647435,-6.227162998703048,-4.683895006310622,-6.422706243756695,-5.755842458041254,-3.989172302334876,-4.623795000274812,-4.3143181537986175,-2.849611607182114,-5.059654010304498,-4.978539739975022,-5.264320955850341,-5.443414147392147,-6.010590827393786,-4.915935188804148,-4.6449513934038436,-4.589229660807104,-4.935636173132922,-4.073829195180018,-4.970563309257613,-5.409301888233962,-5.926988181974518,-6.548975211577929,-3.5395848220635147,-5.699054625487331,-5.925667143287293,-5.417538228326973,-5.278388786533796,-3.361487564097226,-5.328147103091171,-2.3666164345983565,-4.936302795346817,-2.9429717510287428,-4.106070718569279,-4.638962580155238,-3.422151866762513,-3.8777702060597004,-4.3653209158139115,-2.682405990228308,-5.498392711953623,-5.994913675961732,-5.6762307418119535,-3.247726809916445,-3.549239978913904,-5.525261899480386,-7.354651287593866,-5.205845036378722,-6.013264308591272,-5.493935971489454,-6.054409047745918,-6.609538076979024,-3.116795631669099,-5.6836682039434185,Car
-3.587332196740833,-5.221370909846857,-6.130804204552444,-4.490931610070997,-5.391056856932929,-5.207101105663248,-4.855094065660232,-5.812212835748689,-6.62113635412036,-5.051269614734338,-4.036082297366164,-5.901591258911755,-4.846037733734365,-3.4944928514508034,-5.089764887273848,-4.913905628204141,-4.944787646399614,-5.68234442589306,-5.993354518433376,-5.989262369321074,-4.631816802992727,-4.242127638067256,-4.194917761562148,-5.378542853755462,-3.9066914590693536,-4.692636180489574,-4.929257778208981,-8.339356662603585,-5.817409611606383,-6.521097902237276,-4.372926492935891,-4.904966668069967,-6.071986386385109,-4.695637441532338,-6.4234923662063474,-6.0437630982675845,-5.7102213308649405,-4.459863678155135,-3.6005583207960967,-5.586008448343935,-3.677541358391723,-4.9525964493885395,-4.763861839074777,-5.063804557727444,-5.197313753386066,-4.560699963261075,-4.259678813817955,-5.884611303635854,-5.189300469569506,-3.330724902776735,-4.822811345681477,-4.713306145570852,-3.832731461032573,-5.501244499284661,-5.033960621901252,-4.18315510340142,-3.761097768721658,-7.3651432935054135,-5.736668790895373,-5.998365306349275,-5.123825103392048,-5.922672776593468,-4.335894500490092,-4.827589658951099,-4.110809830645835,-4.046992042626432,-4.320913981584152,-5.3357905511100245,-4.895722461243377,-5.460873905319802,-6.364735313969791,-4.046212152912284,-5.0840646272692975,-6.502611964124613,-4.463050428912399,-5.223948917622748,-7.0598039726208786,-6.373729272464678,-5.700611158661096,-4.789487941556114,-4.2119800149494395,-4.246231069302444,-4.397137045069697,-5.034362371691979,-3.2777676894017826,-4.300128756000114,-4.77789463075771,-4.433411894269639,-5.399035003155603,-5.057243601034954,-7.081954039551562,-5.386747662477602,-3.240111984233226,-4.851624722712904,-4.893260222638388,-4.001395904850719,-4.6421745843776225,-5.786483804256595,-4.976342487809676,-6.135219124678515,-4.816387829379717,-5.837749952403941,-4.071705387966256,-5.510240621771328,-5.824703909134545,-5.112831988311479,-4.634608180870287,-6.207331996839842,-5.521266597323587,-4.894837694306597,-3.6616314504634726,-7.528715764293775,-4.384836796316762,-5.383565564406108,-5.494610346895668,-5.681126960135758,-5.363895583634256,-4.379182799088006,-5.536786471155275,-3.341407984186377,-4.376133215707595,-4.80202787484713,-5.166056117816623,-3.8101457961718976,-3.6639803132416846,-6.161382147254244,-5.70189810539909,-4.3653697936079725,Car
-4.0633190555559775,-5.3003405483092685,-5.742444859712503,-4.921387374033456,-3.5233065692540158,-4.958965739947858,-6.2639407698251315,-4.890416772422579,-4.217251928770146,-5.101377311349758,-3.7418331875160895,-4.134150964482514,-5.061758923696355,-4.9568559803595384,-6.8417597051832235,-3.7897732750878372,-5.3295173486703105,-5.399956739276349,-5.549853606527417,-4.543302437509904,-6.128693000762659,-5.9841727817125445,-5.052525101699353,-5.626513331584868,-4.664766426626918,-5.589889279366183,-3.4049637356244133,-4.306542493215596,-4.319113787621052,-5.604961753821308,-2.5943203255605516,-5.439011014274328,-5.713810277290117,-4.293257403044652,-4.804771867059669,-5.8183843092411776,-2.804152837911419,-4.024400501807162,-4.995994698732061,-2.598889868916739,-4.189219855711747,-5.011900969792893,-2.7185623548230726,-4.341015266525794,-4.38475473767963,-5.386347627160502,-4.950586514300353,-5.410692995864215,-3.5602642539585476,-6.609414143417463,-3.634129566935152,-5.877342528697944,-5.057921203163512,-5.29521638782423,-5.520152486495207,-4.310215851864507,-5.005189213328809,-5.667698760148887,-4.846004469822207,-5.696086726666509,-5.537775499001422,-6.497263089038805,-5.4503089934847635,-4.505795473605466,-4.962875082041963,-3.1849363310268575,-2.3871825262786945,-5.464218396320723,-5.833317757704289,-3.870183453641056,-4.664791757967454,-3.864125722985027,-4.60116926879549,-5.194357846675775,-5.188685048218779,-4.56722322163395,-5.21111389571486,-3.780498756802131,-6.302337239501195,-3.7858563639389033,-6.873400747916037,-4.854897713638778,-5.331042730623548,-6.516355703651181,-7.060019416678737,-6.097514670105168,-4.954315673439661,-5.602184128779719,-6.040948901171178,-3.6477189170776145,-6.2321846779285615,-4.320882668450554,-5.888997008382205,-6.122805933158562,-5.603838626922891,-4.380083952795888,-6.37146575659808,-4.712544739493299,-5.960759997671387,-5.780766870246052,-4.599358410958935,-2.8265171700555225,-5.9110169899875995,-4.280119416342998,-5.31271237723296,-5.474743454796797,-3.928623990249846,-5.8435228108598904,-6.154113226794755,-4.539824204780914,-3.4052162035132527,-4.250005294708848,-6.407017380736534,-5.615333043968918,-4.0204017584231915,-3.4188897820913997,-4.771288674725579,-5.579172534107793,-3.353981160631381,-5.074593585155168,-5.60580857415436,-5.774932538175033,-6.195018346988855,-2.166419570543401,-3.57904213453941,-5.656293316050277,-3.2681740732780833,-4.466697826596849,Car
-4.525891998680852,-5.717917030116029,-5.514127178145946,-5.042424034583241,-6.965548994440123,-5.486820143399069,-4.995510368766573,-3.690481093532763,-5.616547546068571,-4.187861888885527,-7.060493820071168,-3.832969824527265,-5.900346967111765,-4.86972703092524,-4.593656880820781,-4.789820442644141,-5.106779758653965,-6.24151628537329,-5.889540918289493,-4.003568056778396,-5.597377458793414,-5.103295593363492,-6.492086257090582,-4.141426638475075,-6.31948304014009,-4.084037191397893,-6.0627117606434355,-3.985491969672225,-4.989807084693674,-5.55875739644709,-3.399598244551876,-5.068854992818233,-5.361812293255979,-4.090882072401991,-6.480457111519996,-7.527165604016593,-3.8420200263631235,-5.836302078652031,-4.135377574613501,-4.953837628221979,-6.163989464127479,-4.392717580325804,-5.410170190231078,-6.077340336306512,-6.051296372196752,-6.732838754171729,-4.596975117817262,-5.935400744445193,-5.034722127704855,-5.181722494512373,-5.941556681179671,-6.522899714138821,-2.466289170869871,-5.048532525978248,-3.1766170472397026,-3.83506321627321,-5.321165301490408,-4.819035362660191,-4.848084218032852,-3.15579931106756,-4.170166308356587,-5.807272746026271,-4.648381163445276,-4.195685658579747,-6.175319048905075,-4.5058506551946484,-3.6545110437948796,-5.857472651625146,-5.7193185675845095,-3.8395274946526605,-5.354236312906493,-5.9820084134190985,-4.1177269569659245,-4.42314576327416,-4.905606092503922,-3.875417371551296,-3.8043647568054446,-5.08282290882278,-3.0256736124472967,-3.4166100465730023,-6.984298449890609,-6.030117423433182,-7.255291819642238,-5.324714994724754,-6.211218198300063,-5.814318398739674,-3.9094318532171277,-6.75482905973508,-4.870264258969187,-4.876323557519586,-5.082389287552145,-4.869221318020227,-7.232281710415761,-5.809554515797692,-3.4569991347426106,-6.196871085509681,-3.3333891864358005,-6.406822411778406,-6.527040632412321,-5.951778817264096,-3.8709170317130814,-5.546120829749378,-4.654593011560857,-4.926363077982796,-5.05446218273032,-3.7258819073924263,-4.228482059012961,-6.142903197162376,-5.2755707835916645,-3.256560179969168,-4.680438210832064,-6.50784596409132,-6.43703890237679,-4.109854691433776,-4.297562682823936,-5.921365575137331,-4.2523698210256535,-3.400607863280751,-3.5421411603393986,-3.395721963177543,-4.444511224937195,-5.177659819129888,-5.402480080466836,-5.017386888612843,-5.876023304456866,-5.35929872451903,-3.724880251702399,-6.6090710084374935,Car
-6.540669725691418,-4.169469395581571,-5.350172924683474,-6.925643024558334,-5.061334156340441,-5.204121584813607,-5.431084476491334,-4.314293973518516,-6.333195568791597,-4.987014585140405,-5.210972494612437,-4.962174772088296,-6.73218615813672,-5.522648888140009,-4.980230808962772,-4.4588403637021035,-3.1536034945875007,-4.19405161126098,-4.538844799366585,-3.7285252077196227,-5.303822446543234,-3.446071836365145,-3.8807272099378847,-5.445877790642462,-3.076044824266709,-4.553064685093322,-2.807031023938262,-4.696817745716694,-5.561929859510636,-5.767536643353407,-5.355743454732939,-5.571294942029666,-3.728611443041306,-5.028974244550252,-6.61402267256241,-4.7869956841283114,-4.874486956889713,-5.468607621169011,-4.732407978015729,-5.044109433128897,-4.366234632623433,-4.425021061316779,-4.6350971436009285,-6.298855903770065,-2.8809832718576884,-6.555985703332311,-5.12870917681509,-6.094433351348803,-4.603661838339875,-4.861594275192692,-5.168766084620209,-3.4822272160621477,-3.8915040828228835,-5.32711534309153,-4.195865358083746,-3.4353197421615462,-3.898654960457037,-5.136218585467504,-6.590300901429517,-4.6753520950801395,-4.33138966460601,-5.769616900283522,-4.9774547329419585,-5.082887808766025,-3.612289364194757,-3.1461838244099107,-3.824785529699298,-5.085555683176111,-3.852283753052183,-4.35121179416973,-5.074899576381741,-2.9076097109967005,-5.7380184398825005,-4.396091024390458,-4.160439354446076,-5.2874988395237335,-4.440861812120659,-4.054502749778855,-4.755365579472086,-4.527504436657218,-4.894568877050979,-4.20247988847329,-5.228978669193806,-5.311797783392855,-4.979439846150849,-3.8163311258016903,-6.747363148670984,-5.9093693167108166,-2.7242299517145585,-4.7248115832257005,-5.407036046962702,-4.205148164511713,-5.785027000202025,-7.102788912194987,-4.645200052252611,-5.7307838340448285,-4.898610221870101,-4.670599210161531,-4.857883830434223,-6.708995412111983,-4.973719157412591,-4.555398058635593,-6.400059263224245,-6.519173558846534,-6.069024585854397,-4.253235261239763,-6.99831574648757,-4.170226148855646,-4.60794425170977,-5.257501950531915,-6.480629662400412,-5.796467544891218,-4.218095947989365,-3.743274798156639,-6.031362817641264,-3.8581364897162214,-4.314124767291871,-5.006837197764785,-5.737855129640402,-5.58139002127999,-3.1770773838457007,-4.821558185786943,-3.6701316579890912,-4.758442016711859,-5.452697925591433,-4.415909819564864,-2.8421649279201078,-5.644116660486096,Car
-4.086131096552648,-4.809491017712373,-6.449518016372313,-6.4718738428399165,-5.451983746938546,-4.652511415859081,-4.121627030311487,-6.570913053981235,-4.347302479842863,-5.118380255530205,-4.996686218467452,-4.411388153967154,-3.253894679882676,-4.696358199593902,-6.356736982709041,-5.187092512929224,-4.147865976853518,-4.114956603083453,-4.334175625909692,-5.510031155339069,-6.367825297617294,-4.410492244176071,-6.214236859597932,-4.306988983574817,-4.306710641305366,-5.46769293673103,-5.112463289984152,-4.801322132880447,-5.614814673321109,-6.381680034110053,-5.039219277046904,-4.934967389520155,-3.6389526363469478,-5.781992071627859,-3.931503826218889,-6.147069478926436,-6.3446021996987705,-5.300862444709275,-5.940909010609722,-6.358615807378444,-3.0556696841852267,-5.4516476363559425,-2.688696413243751,-5.994733798898576,-6.708546566632998,-3.708710281071676,-5.726656632260249,-4.861134201801181,-6.355633485012882,-5.038113141930044,-6.371626069857093,-5.073907397710964,-5.47393253948848,-4.769732269613897,-4.374308628891188,-4.75892000080078,-4.548953457837851,-5.109032675399524,-5.435318701565637,-4.529881317210432,-5.111447815878185,-5.073309782114144,-4.602255034553139,-6.033215598022518,-3.570388905905568,-5.249356580556263,-4.875818384029929,-5.044519447930578,-4.3472568460978795,-4.66081832902916,-5.049923946869495,-3.5512458838631282,-8.203345609204685,-3.757325619533053,-4.07978459480904,-6.835816632802446,-4.070716782282748,-3.941532554440461,-4.438236510118943,-6.559087443681418,-4.317347282435774,-3.9928031439980716,-5.572206494780873,-4.558866144013943,-5.353207895519452,-4.114623009483157,-5.313506685227743,-5.580117462846013,-5.039296542669719,-6.341652120483357,-5.138581983232362,-4.637907262641762,-4.130040730633649,-4.751043261361801,-6.432601637086398,-3.6477288617702373,-3.5638414936257607,-4.887432744729217,-5.751941621148655,-5.531617936461545,-5.203522397718086,-4.72133154380234,-5.30448528150974,-5.858387533901176,-3.976990115783563,-4.742714111925899,-6.052372022435948,-4.708689543714209,-4.838129171220919,-5.718052911944391,-3.8049502403890134,-4.8651107935726845,-5.216621642082168,-5.083481748075421,-4.556083204145174,-5.072183414530104,-5.080543673038875,-3.9340349316746206,-6.4184043274872655,-6.251553139594961,-4.223036640008063,-2.584150212916366,-4.123504549847948,-3.1357912039272753,-5.434371613715728,-5.637081178337818,-4.543466826753948,-4.046351040172969,Car
-6.311550901282355,-5.213218372829833,-5.027017167644053,-5.678870215685374,-5.562221826545744,-4.156930698940807,-4.530315518909177,-4.201548578140546,-4.663125309627226,-5.873256676852538,-4.576896948160829,-5.952092902377508,-5.311753339034341,-6.036248654818225,-5.6108877920708675,-4.9095211526454845,-5.457490604495321,-5.883162410024479,-3.86220252841792,-5.119591717377859,-5.527928046432924,-6.082399110701976,-6.871994885143149,-5.222047013731121,-6.3782187035199716,-4.287963540639047,-4.970508805401471,-3.4416392208618642,-4.776925726762868,-5.72665779725965,-6.880007602368449,-4.193456136258243,-6.29894826053539,-5.408144522689762,-3.3259117534450864,-4.389016650951273,-4.610134545465059,-4.055677556879891,-4.092950181094472,-3.41905356804583,-5.602179350468869,-5.376684153430765,-5.922384629061687,-5.032697636383974,-5.132232729170195,-6.754952237335574,-5.653900757094546,-3.5608834658010338,-4.755791405112915,-4.284601381913287,-5.120544667850681,-6.887093524197842,-5.128635921829539,-3.9583034424790213,-6.1856837912439095,-4.252961073256363,-6.701831669292677,-4.97980876176767,-4.455481549853371,-5.312112524269392,-2.52752845954665,-5.493190437088603,-5.578416237678202,-4.795507958144995,-5.754973135837209,-6.4413375938153115,-6.097669774922217,-4.2420132404521045,-5.304939558875355,-3.297979049498074,-5.441236245072535,-4.289489645267702,-4.489158020538129,-5.4561508071800215,-5.87880892916591,-6.7318036989259475,-4.446879220319907,-3.801740267449855,-6.589930671754234,-5.370444934996675,-5.666918330192749,-4.448630849679792,-5.328652687952668,-3.6770194295821836,-5.38439319096685,-6.2363834595359044,-5.468805325210813,-5.358614600158753,-4.4739000545053385,-5.373519055365485,-4.559903486599622,-5.790484272089019,-5.294676679794656,-5.785034276712521,-5.846641589676138,-3.7251664427159876,-5.7151295714592685,-5.347604782147765,-3.9553955400505707,-4.2499986037284705,-3.3587927833384654,-4.517198135495822,-5.600399389686058,-2.9428553510441007,-4.4179192554447315,-5.154695338801666,-4.94253445029948,-4.8207184205492855,-5.236811874789325,-6.375855601917167,-3.3732789477534184,-5.021834076174771,-4.816503487297357,-2.9218559406055205,-5.683285263217585,-4.344514675285896,-5.7922986835699835,-4.678978837454562,-4.798494253748642,-4.209398902859683,-3.7918312823096665,-5.5795210911996715,-3.5833251592760815,-3.5125190614386876,-5.24998538469351,-5.006582581403129,-5.494350119949439,-5.305441213843638,Car
-6.2034756552500685,-4.22246422767081,-7.050293892524772,-5.697094850762686,-5.046162051069567,-3.700202669572061,-5.545244569301906,-4.572148328897422,-5.080984114450231,-4.054881099527666,-4.624414251042629,-4.169790611960278,-5.55063491515459,-6.014024894158336,-4.6328716809466375,-5.4877280190392606,-4.969676128150028,-4.68272505973591,-3.758092469345275,-4.213429356610001,-5.68100967277397,-6.145022237757557,-3.2926188952455524,-6.582659671974345,-5.452502847691051,-4.354755179677883,-3.361238753049968,-5.189661525124195,-4.972657005729106,-5.875027421597426,-4.8733838878647955,-6.15015397930088,-5.750284953218653,-4.236109445861519,-5.433576816861926,-4.08275107794693,-5.15350712664911,-6.368840092870815,-3.831634724288699,-6.315326085051888,-5.601787508860615,-5.199699081938143,-3.9941713793407927,-5.526484822690243,-5.926717162470084,-4.837326928439604,-5.213965723226619,-5.467390599039161,-4.783514643512154,-6.203596215393132,-6.7218405409656805,-2.8612698927317433,-4.8958139066384225,-4.82581911803773,-5.781989380677078,-4.102301156505989,-5.533485260145847,-7.7861476877805345,-5.567033340508631,-5.28141307792445,-5.170083604334513,-5.199011662744582,-5.644914616976277,-5.741521059703368,-5.297978666792031,-6.645476087035915,-6.957596293810543,-4.901944510080361,-4.8852651257350095,-4.120599419946003,-5.255565310370772,-6.193627213107529,-6.939646815197967,-5.890196075956866,-4.577480255942481,-3.558551096591078,-4.945914587228486,-6.213589890336111,-5.87992060250507,-5.848705924064317,-5.405988601564811,-3.87910457500513,-3.8010905498432184,-5.172255894774886,-4.816929889886403,-5.797557892873465,-6.709908444353706,-3.2116616465372543,-7.322487050593539,-6.835840317664553,-3.2035941448403538,-4.983384595329553,-6.125914907088043,-4.3172963689106885,-4.226946693954022,-6.332685645147745,-5.532845376469575,-4.123754136294279,-5.816905746370491,-4.717836261386168,-3.575187813633727,-7.392484831541118,-5.341248319328762,-4.738364001432511,-6.792049385943408,-5.529611390252469,-3.9555013558581864,-5.7043151487438895,-6.484326435885759,-3.8691681768377393,-4.555498306469568,-5.068856291504621,-5.098391827108022,-3.9717175288950584,-4.705471674990771,-4.354387853731458,-5.692566394807085,-6.917355008806744,-4.378086299791545,-3.899072078333818,-5.224561967672484,-4.1122434162064865,-5.335212793176917,-5.090699161318472,-3.247571211612727,-5.291520053706431,-5.350569392553394,-6.869979523207315,Car
-4.309926840019008,-5.709841365454307,-4.852774988987307,-5.3150390874327185,-5.445792715491943,-5.117729489861643,-5.040852339559408,-3.823920940364775,-3.479788143307421,-4.349284897558412,-3.7284440865291435,-4.145852529253284,-4.50538589806418,-3.5448570647065556,-6.308474630925323,-5.684462201249237,-5.820901526856093,-5.301387916639459,-4.314099641915705,-6.115103452186748,-4.497200803188894,-5.587060918404238,-5.347064053186943,-4.799584336566143,-3.3187518609385007,-5.7123470522541275,-5.080093393493436,-6.0782252255970555,-5.721947716344721,-6.0873414349244745,-4.755214912033428,-4.574691230511221,-4.312950653276173,-5.753649710906341,-4.492056921454974,-4.886899921751982,-5.057752497251328,-6.24142282750771,-4.846746500681885,-4.815043380088835,-4.898271555457766,-4.599949242722791,-4.305404340930569,-6.098023308957719,-5.216696086428352,-4.484232398435756,-5.268394820875002,-4.040576442938155,-4.909821503307435,-6.9549226411235505,-4.160571080802306,-5.11710322685533,-6.769710833125286,-5.252289860286798,-6.2683643786146135,-4.246868714405847,-5.035840980146165,-5.923745364801766,-4.18915194303714,-4.541474334003752,-5.235764737025358,-6.245597439536361,-5.842473793536594,-5.857457909706039,-4.253502796735612,-6.680897285644227,-5.047234816563083,-5.250284390772086,-3.9644609822245833,-4.76726344232468,-4.464789714856331,-5.525360003730019,-6.230998187505262,-5.3254759758764925,-4.222837614073567,-4.225109368848232,-5.430587571115696,-5.860743804648558,-6.056679124907187,-5.136626602726561,-4.863448828280667,-3.5268084870242413,-4.8766692423811255,-4.386234006192861,-5.780467987904219,-4.958298995070876,-4.859921544463134,-5.140530527844378,-5.021818796869926,-4.873781532379894,-4.518963186905684,-3.8308819565862384,-7.26554779163971,-3.8862624858613124,-6.710808116317977,-4.691237178963248,-2.6443710309115267,-5.042540288425782,-4.819980860585358,-5.310259713920468,-4.332737652735063,-4.637791447360258,-5.676047244779071,-5.114353055184821,-6.118436503777213,-5.118941421232315,-5.419372186916737,-4.8634590484092834,-5.70991389714194,-5.2144316900862,-4.991227224811856,-4.921582302043342,-4.725716284294157,-5.1741676652809865,-5.786693658931696,-4.917926727350422,-5.178857825595763,-3.97535435789279,-3.8492584990896406,-6.372080435437022,-4.3828454515822495,-4.182255838910092,-6.34583129586414,-4.420527181087286,-4.104045082233699,-5.94964663787859,-5.236341623121039,-4.813680064179779,Car
-4.429541939900722,-5.9884394104476035,-3.8429933021843876,-7.029348130065603,-3.6762544510745006,-4.449732532210081,-5.621771511142804,-4.135594157292919,-6.047799043602129,-4.885063945606125,-4.761495126191405,-4.763865186040985,-5.839717557115346,-5.496077172357577,-4.8732551338491845,-5.726743742966579,-4.728547205723392,-5.6141259682265785,-3.9999999739227565,-3.4373150494290643,-5.297464174657259,-4.079741239029895,-5.2123045415766,-5.936431196741344,-5.425717740555163,-4.914430259243787,-6.786957664427072,-4.374343238554504,-4.913979151063637,-3.9994560425308454,-4.391862446228641,-4.880051682836111,-5.3558349353494625,-3.4771382782970126,-2.830127313163967,-5.339149405059811,-3.957706526297449,-5.706749658965302,-5.587685953689061,-5.386244951498499,-4.315317312393651,-6.0749132943390585,-3.450035772995766,-4.062127742626971,-4.338484794571119,-5.293814666002689,-4.1705124101432585,-7.917362861303065,-4.559098636507501,-4.839877932337254,-6.886215565217895,-4.593747017267831,-4.409108274123927,-6.853732744834178,-6.18677141765208,-2.935610848149049,-5.186353546102466,-4.024373940501613,-3.8731980757103246,-4.606063186004732,-3.982758648810721,-7.112888358164718,-5.230529411680657,-8.080598727173928,-6.746093664567248,-5.546014496984947,-5.665384438996181,-4.95858971085752,-5.020650511602989,-4.866257570018768,-4.825290351369321,-4.667077275397029,-5.959044677411962,-5.724792319363802,-5.036878059294753,-5.021342950672923,-6.081927365296298,-3.9184406189869487,-4.275199322449175,-5.859716685363129,-5.208366012916685,-2.9904603492028845,-4.8394229621657185,-4.604314044799934,-5.60893555113113,-5.313112108528341,-3.4886740142165973,-4.886705572707464,-5.070928218872882,-4.9923589140635345,-2.4546172115848157,-4.960192496852115,-5.830076699213601,-5.655350901615238,-4.219243997611896,-6.428481126646776,-4.54941701853577,-5.723817527649443,-6.858769556452008,-5.9800722169135945,-4.972466190321341,-3.604832606507183,-4.086670588053362,-5.293690226170753,-4.0278129301819074,-5.356779829239055,-6.46651158474589,-4.978912364367323,-6.505933995006785,-4.208591692514938,-4.194119910993122,-5.8799699395302625,-4.854402493174338,-4.863950765808559,-4.128036618232759,-6.245068253983848,-4.400512476431819,-6.31676925100551,-4.222811262327129,-3.937302598666854,-5.669591393639893,-3.7808711334584606,-6.574032963018789,-3.9004165547894516,-3.5615437618373593,-4.654184805848469,-5.195525781029361,-4.687580179900077,Car
-5.603758368731127,-2.375373320837256,-5.586531290434292,-3.6825988303426813,-5.741227417424142,-3.4031917204963507,-2.9876714182448305,-4.614009188980656,-4.713342731432849,-5.9565790247845785,-6.075667609568285,-4.702085394834372,-3.5418075228188792,-5.5482024891490305,-2.792070782205814,-5.610145939629838,-4.770608059250029,-4.767983533596344,-5.101534375235517,-7.04382751632623,-5.619073100430896,-4.800360707697128,-5.095985095980214,-4.363797340597217,-4.2431640880081485,-5.24007846117891,-5.962430372315446,-3.451682294616587,-6.3554623305156515,-5.595307223432148,-5.849959923973801,-4.253542378197892,-3.682978025519409,-5.173693375510945,-4.770223239665087,-4.57122817901085,-3.195995901411139,-6.773573442213177,-4.255778100873071,-4.623475252060497,-5.37083952524582,-4.6737732642797045,-4.259171024170082,-4.416837287517197,-2.8414993940837014,-4.872518412206315,-4.973094816709674,-5.1812987856697745,-4.447021162854112,-5.032058261485948,-4.986790854935233,-4.982170139993743,-5.134608569490093,-5.608672802152408,-4.581893461803089,-5.285047565016619,-4.386320497179556,-4.889232371072003,-5.386574876329047,-3.4351695949649352,-5.102312585546977,-4.377176985438194,-5.699982905992101,-7.02553933113118,-5.566999167677047,-7.137448706399794,-5.236862866819248,-3.5313529854609462,-5.905285022076651,-7.106043857594188,-3.4997430089874735,-5.475354763324252,-5.015738382168688,-4.211720030868923,-4.476827235010851,-4.249487580388131,-4.099571010454576,-6.746114632589455,-6.41434774014002,-3.828830337371159,-5.781739143091687,-5.672645844963559,-6.262842522164318,-5.404947889347482,-5.349316063684471,-5.9374606876851574,-6.053082744875745,-4.681336907824294,-5.807669266888429,-5.606312256978262,-7.186278346774081,-3.0617997574689753,-4.0581759705252995,-5.494806053326942,-5.89908093565772,-4.989111202766875,-5.016533589597654,-6.275966569514647,-7.550536228922359,-5.5260759075166686,-6.563374530899513,-4.828620053276458,-4.8219184333393255,-5.973212698341908,-5.534584267655453,-3.2369583080219164,-4.224871473729038,-5.452252770708904,-2.708040673064021,-6.1969374119716445,-5.812694724816555,-5.110514170707927,-6.531007065376316,-3.2096908353721534,-4.816847961290719,-5.7899488568997945,-4.552213048595238,-4.853944151702109,-5.3046510841258465,-6.20851516682148,-6.436211925529107,-2.8131990025567735,-6.352734885109998,-3.3020344806486244,-5.844759147615956,-4.209967432459678,-4.534566909919221,-4.334581299703583,Car
-4.267985727759809,-6.611565622337511,-5.676345992474177,-6.368047959217714,-4.810698939152402,-6.323344332124226,-6.981047177073221,-5.2374773365435745,-7.209079052487446,-4.741261805279043,-6.257629523377742,-5.840579748080228,-7.2804159731577,-3.349897786191454,-6.462914886978079,-5.364001234547895,-6.791738592461246,-5.835667808380772,-3.2481782189757897,-4.702523264734652,-5.72363099631058,-5.034173479655464,-5.560559056686611,-5.092420579827587,-4.256131280967039,-5.33109798990704,-4.780008526074895,-4.763504502351744,-5.326145647297744,-5.735925989670056,-5.525183356604461,-4.300814748464923,-4.217583295024549,-6.137794331268471,-5.260989334388008,-5.752921869102335,-4.200047570283859,-5.471203039779901,-2.799076182428632,-4.782102610102947,-3.818003545776778,-6.0146108268033665,-4.988277850914135,-4.383826901629776,-6.0333002418218005,-4.979657288189423,-3.9481409677994637,-5.327450007923486,-5.851752504572625,-3.197040544527482,-6.171745301646299,-4.844109371618413,-5.708276338336807,-5.936834238857552,-4.258342917296741,-5.205535911662538,-4.594113534580302,-7.255145721125194,-4.49688021803794,-5.720595911816333,-6.878851951158269,-3.115260445212824,-4.3989864735053725,-4.772722587320402,-3.7505811502601345,-4.752430718611464,-5.798614010143606,-5.174967610482377,-5.678366213192052,-5.50035289282471,-6.257703665859241,-5.970020575800319,-4.105414467331324,-4.667924561196752,-5.503013052531508,-6.028031864463135,-5.405396978807933,-6.683849802967069,-4.873369400575648,-4.0545285180074355,-2.633027339940977,-6.103258722564118,-4.096197554049391,-5.707211445697876,-6.1284562900510124,-6.128898128855977,-4.859264273573033,-5.930793623693269,-5.606845771293485,-5.440401330737262,-5.7399678398989105,-5.812584552699146,-7.429159762518475,-4.913046709888131,-4.932328510441548,-5.797344849735512,-4.639615729611629,-3.6030924679343137,-4.976420167165716,-3.669742220843772,-2.76186807957288,-2.4694753108797265,-6.188236086510001,-6.183063006418671,-5.444429996725711,-4.8712847987401595,-3.4133480001564194,-4.372758778909045,-6.2032871296725,-5.611657408474328,-5.042000207965515,-6.489159978145495,-4.9863315424590855,-6.188435591059245,-6.650721133557372,-5.946985279469614,-4.588978945107664,-4.595884289013481,-4.90334608331256,-4.008386339459123,-4.114416765786565,-4.795618657929722,-4.933618149974295,-4.870453294779904,-5.147645179937082,-7.1743427266276765,-3.8645151551801806,-4.602477168106323,Car
-6.216327445827061,-3.572183380727563,-5.589979868212771,-5.107769002658622,-3.9764244044317465,-4.779860641610411,-3.664624158084101,-5.3521014990427895,-3.3088267887196645,-5.777802899832523,-3.682377670690382,-7.265109218899397,-6.10019205133415,-4.702033861510681,-5.400445426143108,-5.0747486199025635,-4.958349079839289,-6.190902608127055,-6.115929614872567,-4.767877951191579,-5.66633295182178,-3.6589661410388317,-5.191947155432785,-4.281248756893169,-4.557148330692892,-5.601161057172686,-6.980328786952373,-3.815058632378953,-5.978909076697143,-5.403758055478744,-5.150842441566574,-5.051011568103681,-4.038041337460982,-4.994175942076723,-5.127354090259331,-3.9815440434549867,-4.399347628113215,-5.735570445980655,-6.147155377478833,-5.82369977519992,-5.049219750188215,-6.246053775170422,-4.909246952837532,-5.129198309790341,-7.542519032310562,-6.406175186267295,-7.885750243684154,-5.343903061044309,-3.9259863546539995,-6.890657955428004,-6.322286819793364,-5.1637378672731815,-6.063753028853427,-6.068672767066792,-4.458405893826841,-5.49489544457292,-6.4867248873979815,-7.087715890057101,-2.7915922299362688,-3.871690945437329,-5.4516333460620165,-4.912141988336063,-5.488531062096988,-4.489543269208749,-5.854214367717881,-5.5431732164768235,-4.544599159805504,-3.5461408955535925,-4.258584905337895,-3.7660861224090723,-5.312417337511179,-5.623010407376944,-6.938381139081924,-4.927801642658716,-4.62095296864356,-5.300005395727205,-5.776701326099735,-3.756596560156868,-4.368195722803346,-3.6871745494809884,-5.953579095016204,-5.708234126548023,-3.7968227567484036,-5.047347079755791,-5.569104111678555,-5.499515023762839,-5.011080526134304,-3.9970481841645897,-5.160512852091588,-4.209467169822222,-4.532622223153952,-5.878339040180974,-5.879129367987123,-5.450266591931478,-6.3368376546622684,-5.514138855799393,-3.4865665832686155,-5.03139033582737,-5.766452666087454,-3.0842553481795223,-5.930617319726204,-5.961882966805388,-3.7705143181933005,-4.33868194039968,-5.130058852526386,-4.168091100010839,-4.699399998770833,-6.186192415738826,-7.397584707014306,-5.56734515170729,-3.9150751641017205,-5.428470088346615,-4.539902801650756,-4.815514551554933,-6.693500294614399,-5.406395693706316,-4.6411206695534215,-5.787146255504367,-5.362538157027952,-4.608252907902888,-4.92737000085702,-3.953090259075285,-4.6163290868365205,-5.955849998402017,-5.477546713929536,-4.979703715773723,-3.6615849234859583,-5.473525630282306,Car
-6.732568802398028,-4.559433096508812,-5.755598248343999,-6.285301319574969,-4.981196987174162,-4.027132358191697,-5.573880539661019,-4.503426112817371,-4.318086336957567,-4.208203506333371,-5.732272309618602,-6.121082057933386,-5.984753104958595,-4.20902532787753,-4.332606845329188,-5.957150600700334,-2.867355973656364,-6.076363966587166,-4.000535915299274,-3.4803345607947893,-4.890242394006636,-5.769723843580831,-5.747878027448347,-5.262090200362874,-3.919129221931967,-6.199875812699847,-6.838766032412775,-4.637945009430696,-4.4183872487409195,-3.0320305532007317,-6.382318975266731,-5.134806611962238,-3.838162567879522,-4.8791378323972685,-5.195439189061524,-4.210094503070459,-5.599388964206598,-4.148589158045851,-6.253563192190276,-6.519431703282897,-5.2735880189123305,-7.563289786896567,-4.915300363287097,-6.732561342704711,-4.717579479433623,-4.814540561883055,-5.067962386164817,-4.5635913324619075,-4.795802531385913,-5.293000603331271,-3.168993019522868,-4.606689306447557,-4.2280919126891225,-3.9269202560274072,-4.33185062095791,-2.9371670810751946,-4.833993115178804,-5.006961345836062,-5.649572087806615,-5.256273936559982,-5.731224569051162,-4.322788086998461,-5.912316247318638,-4.926207830101872,-4.440453065697625,-4.849676113404779,-5.895914875569927,-4.301055085994015,-5.0853397085359475,-7.87271221644645,-5.983351690583387,-3.598867763597267,-3.515678158485316,-4.473888789934802,-4.215931023041669,-5.778293981257865,-5.260144418739059,-3.7646333995403625,-4.574084757437926,-4.935051616112948,-5.186808542893019,-3.825527998765293,-3.8779678464498537,-4.3503282492312385,-4.933724933917438,-5.3567564857667875,-4.306986280315287,-6.101909844974481,-5.894569847586542,-6.45109136078494,-3.7647702220068746,-5.720666624129345,-4.595992213248374,-5.125557520709528,-2.1024610098780654,-4.558094545964163,-6.862140759245344,-3.824564243403416,-5.387150963605684,-5.200927801949054,-5.672512263010043,-4.8043874813615375,-4.817486862325179,-5.645477177648629,-5.508144520486429,-4.898713866911684,-7.342731486510062,-6.441497470503702,-3.330007903901982,-4.672179055679758,-5.52490898674078,-6.6960828315368355,-5.056316164946478,-4.014807908218894,-2.360793895350059,-3.1079435750043025,-5.886938020128535,-5.49579953138429,-6.471499230236672,-5.841655066623952,-5.212843163124752,-5.367136996626144,-2.945432693420569,-6.315356942476216,-5.045094449187897,-7.0634597622966435,-4.669109219512267,-6.34170534067595,Car
-3.897373691617208,-5.291025893015291,-6.401984268282893,-7.102701753557958,-5.978637488609671,-4.760619109257162,-4.578486352843538,-5.498437981173273,-4.0742029565670315,-6.13574289289507,-7.927059842508569,-4.717446349257501,-3.7099041873166163,-3.700666326342257,-6.2998092406153345,-5.544693187321558,-4.2761799842594925,-5.62710610795877,-4.894615139391506,-5.716439895810282,-6.089388757461373,-5.8963736514067575,-4.044274807048769,-4.986217235369126,-3.728118361594442,-4.47957930504558,-3.393534768519057,-4.181931807041264,-4.240659169753296,-5.120487898635682,-1.9907934235033498,-4.8873017801054655,-6.9734233691258805,-4.731966460386033,-5.98229224323743,-3.982978478398385,-4.2741832418190615,-5.191513649932651,-5.887893013443161,-4.853574273279196,-5.641233807857055,-4.212196007216163,-4.443984285741954,-2.0640334075065643,-5.445114538650925,-5.303425628484645,-5.154775673936773,-5.110985534271081,-3.9729210620385205,-5.276345645062133,-3.027618283856505,-4.4177248902742985,-5.485736047988024,-5.7412456849806714,-3.9591278065915434,-4.971479848113189,-4.990939946243245,-5.598480226424119,-5.0614456809205075,-5.638954850802772,-3.638288543774002,-4.282939847744602,-5.174768839300774,-5.189468083052731,-4.907825831760783,-5.005540238872133,-5.956936179309167,-6.900774128384982,-5.797700666441028,-5.128517490665031,-5.737833197717491,-4.18066196960443,-5.229153135900754,-3.1264264249713802,-5.561494258229149,-4.859283201298443,-5.288861756169784,-4.560221942265177,-3.934248871002956,-4.3917190410729035,-7.030796269466059,-4.500138389527132,-6.0108781422810384,-5.3097691784162775,-4.3106708131626625,-6.1197609084150395,-3.8440519925149497,-5.353385899551233,-2.8290626270818855,-4.931322174206238,-3.29465725734823,-3.802320775466491,-5.611105082054498,-6.301690727633522,-4.886372638762454,-5.582643118522175,-3.4202812199129937,-5.2468591716726225,-5.300403958518774,-6.395898460737019,-4.580782986920231,-6.174222281946832,-4.557563087119285,-4.419908273501997,-5.749675111974365,-4.043420068982288,-5.274875439291239,-6.47124369590422,-3.454712659686308,-5.923470574074319,-4.49292945873352,-4.574205525952756,-4.610815326075655,-4.628138084069865,-5.970187636560002,-3.308650398497279,-4.043750849799361,-4.5249432687496,-6.332976235515629,-5.978367875655434,-4.3425433733108365,-7.003684111696817,-4.66129614005963,-6.331176797385621,-5.8680317775096125,-6.411067607667596,-4.753893584217698,-3.8836385481657025,Car
-4.651982476187315,-4.542166951077753,-4.8320411038451185,-4.317306489129361,-4.532914385749986,-7.715098193997182,-4.0936932623383555,-4.198848038039099,-5.362312830658407,-6.9742067277326925,-4.757525974365594,-4.673339195863502,-5.440483482560844,-4.813300275653309,-3.9281597420296297,-2.6024782817048333,-4.853096327084134,-4.666086318646758,-5.823788875185394,-5.501392045976579,-5.136042630371479,-3.822281964609402,-4.181042243971942,-3.0706466559920376,-6.490226175660209,-6.323734970648973,-3.8979170647640675,-3.5511396236855113,-4.9668718783290675,-9.465603863528877,-5.743529161898747,-4.66450634785061,-5.899412986577733,-4.814873843062284,-3.101444551128023,-3.5738671804049993,-4.191107754629861,-5.064449278838158,-5.494668057900392,-4.242248684722526,-4.9746053474997725,-4.9402955606276295,-6.551215612881027,-5.714530382225893,-4.248139532683186,-6.1010668407485875,-4.734292901397542,-4.587496405135861,-4.529112184245982,-4.439735783642311,-4.372273946859934,-5.623793092042529,-6.467654563661174,-5.87353541238335,-4.270078803095089,-6.200846593795695,-6.040610679884507,-6.046144000757674,-6.84597445474326,-6.1470043661317995,-3.9996030866763297,-5.716764652715561,-6.748938156554346,-5.511643854914583,-4.489452784106333,-6.830772764883663,-4.046689690233989,-6.440980815359079,-5.395483638986686,-5.408265109995617,-5.561440106755526,-5.0648016984815225,-4.221439646023302,-5.040801581303209,-5.605673660093263,-4.542651315239104,-4.792736271377494,-5.6695035599268255,-4.957698577915634,-5.75234250320759,-5.865738728396943,-4.194198785850094,-4.553041193430844,-4.229620364763452,-4.364871498848489,-5.887219259054053,-3.998718069933208,-5.2976071102819215,-4.070782176732783,-5.125116609971296,-4.686836912120677,-4.656772071052982,-4.186799614715611,-6.634546121008871,-6.5763977127094275,-4.328289134897823,-4.643637535006637,-5.7756436481886215,-4.635691090983259,-6.4079602101039015,-1.73571048913099,-3.688428613172057,-4.377697322592127,-4.924369629322513,-5.618728044805297,-6.310186239345874,-5.113822627489424,-5.859760635695125,-5.801441848653246,-6.416756639774543,-4.750336948068895,-5.3769935058228935,-4.46492842517413,-4.542901206345212,-4.770535369920338,-2.340559741945818,-4.176294486434456,-6.260566010649898,-4.541263552078531,-5.0540187429684895,-6.3415305708264675,-6.421632880076642,-4.546797082720431,-4.302452465121435,-6.046257199324526,-4.029832946805356,-4.715085603184717,-3.804140843057481,Car
-3.910379601660757,-5.1584369154029925,-3.364400269897905,-6.1241160901204665,-2.6097054950493046,-5.878785680485895,-5.0480027316776805,-5.567188298612763,-5.3767909878797395,-2.076446337486037,-5.462720687411078,-4.148891627707078,-5.2354029112864175,-4.063449570412253,-5.544159518370992,-4.743867906340829,-4.371301699527257,-5.721811453336481,-2.2422740757744086,-4.319058956766202,-5.2259709545173765,-5.697234516850693,-4.908276976373018,-6.21599801061347,-3.217704736150057,-4.568746227598919,-5.087986067411395,-3.9540221456432874,-5.721514778085967,-6.155959586430438,-5.1301330717287374,-4.87245635053041,-4.46941379340723,-6.476277916432227,-5.456316830019232,-8.083464793168556,-6.182349170906091,-4.284738466299595,-4.0389741914252655,-6.14200453531302,-5.324604549074376,-4.974393844872006,-3.9218898611578896,-3.4709051334830106,-4.846917744776977,-5.260616655582232,-6.4436936087006345,-4.89193076543894,-2.9250774985097343,-3.709807450062681,-4.825141703741095,-4.696622191299889,-5.688516361452057,-5.357135628776523,-4.852400824415651,-4.849365659681557,-3.9892500670969397,-4.037917067258704,-4.479433219788917,-5.999146178199289,-5.961415321181803,-5.887891470284585,-4.7644797107933385,-7.026321054756142,-5.0062750724646214,-3.5913572835458636,-4.33317396531936,-5.350727610945784,-5.698255413749781,-4.194284715223318,-4.693944633947726,-5.246432452582741,-5.589030878906141,-4.923617010312726,-5.303036763986989,-4.215620430083286,-3.7588309040212833,-6.367249827842716,-6.22581957252884,-3.651943812351268,-4.834181057336044,-6.131650636788842,-4.016748393339358,-4.658314900111168,-2.796754238075107,-5.235301677265541,-3.8912960029312873,-6.44883443913276,-3.603972449836428,-4.055839941788846,-3.3956525662062274,-3.8894196824912646,-5.099048185875678,-6.171126564036859,-5.602052900364038,-6.76115038719812,-5.92089903118371,-4.574138650791568,-5.047752878825186,-5.223590140132221,-5.793102915947498,-6.772399010858285,-4.817916886762751,-4.620839807531357,-5.991563560046716,-5.5334402701637195,-3.457866545910571,-3.840502046426366,-6.484424561728951,-5.084636387230756,-3.545044317627748,-5.2164209973075195,-5.268943188407163,-3.9072623732569234,-4.012930755724784,-4.0646966546194,-5.261984749174131,-4.337111983724953,-3.5052544860447794,-5.049873698468577,-5.403409621313671,-3.7699273609103647,-2.954560197102877,-2.884995116434178,-5.37451149977495,-5.274040249496892,-6.02916233313655,-4.881947675585201,Car
-6.074118931457517,-5.526633441707494,-4.29887020183761,-4.610022589860604,-6.810721305167027,-3.4297077017256137,-6.086996087151737,-5.960933923879003,-6.2389221517644495,-5.661283338564009,-5.896806378665827,-5.872433441188902,-7.464272051731445,-4.870072607946186,-4.76793483218444,-2.75559326210779,-4.51365900233444,-5.4965890197181455,-6.200714978473421,-5.096276459799262,-4.55127711060744,-5.503348619319045,-4.938983973651428,-3.1026459059411797,-5.384110127039163,-6.886775554792489,-4.1265132126085655,-4.685678554184946,-6.708992011257913,-4.572356322723706,-5.9978635491377466,-4.558677597635594,-3.0927364907957084,-5.176969334343221,-3.9167288009635137,-6.228487317852377,-6.519419146337681,-2.982629527604329,-4.692184986443663,-4.363330058838662,-3.847977697154623,-5.527814809797958,-4.174883640237333,-4.326455837691182,-6.294804820782364,-3.4870146885873137,-3.6931394840204668,-6.2837172390377285,-4.799713558538206,-5.231079736912944,-3.5816925300740623,-6.410612006118611,-1.3975849757894707,-5.174484169371874,-4.261554833818809,-3.612501667997197,-5.195999343170144,-5.114941885595279,-5.5028308938186274,-5.885465626131118,-4.72814085220728,-5.135266680174954,-5.509374198325496,-5.450963948033702,-4.423766546106858,-5.797563529350544,-5.24696476839223,-4.101332608210893,-4.752774529930701,-6.049559266358609,-5.02387106874697,-4.56297837885703,-4.0107278087637575,-5.7553786667449005,-5.5585297227011345,-5.695159988720197,-5.645520199391789,-4.594995284302885,-4.405510870116351,-3.9490965071169164,-5.091174909075769,-6.405322954779475,-4.330529835542537,-4.840856321592416,-4.940030520683997,-6.283403488311222,-5.195835863605341,-6.193654786125719,-4.5180350115542405,-5.42989402870384,-5.519534396364558,-6.537155483089032,-3.972904130315958,-5.258564631229356,-4.913019229662242,-5.735490090692554,-6.650575059966654,-5.531625588177254,-5.3715413377727135,-4.707239979085157,-5.355032410889132,-5.718348859697279,-6.503339397142334,-4.9515465045772515,-5.796560193770867,-3.6791934662343015,-4.849853338661898,-4.437897159967009,-5.248788666289172,-4.798719710232088,-5.890715315770254,-6.178218825669606,-4.984868922651444,-4.429608344798924,-6.945811770061577,-5.499103490804041,-3.157877892111608,-4.520772448330045,-3.462353966309502,-5.634044951788585,-5.45790576499444,-4.033266679655492,-4.376479644621674,-5.094384576059685,-6.262515809268505,-3.8431480377730898,-2.4897718524722885,-6.571866188296753,Car
-3.5963808502505614,-5.4683011426573715,-5.3334686510381495,-4.730360512461666,-6.205523279139998,-5.037138444944385,-6.61125362780217,-4.5239175102217954,-2.766277962036831,-5.639531489163662,-5.168743338291712,-5.119478176072748,-4.0135314060089975,-4.594427630948199,-4.0796539896480715,-5.506235335202373,-4.566430995180204,-8.367805732935858,-4.332537428010971,-6.217792708795263,-5.327593881499926,-4.254748891355796,-6.536089832619908,-3.9105672017779747,-5.124304811288724,-3.5468845137127616,-5.902844159035786,-6.812787724346949,-5.028946715338038,-4.412923932152758,-4.329063061189778,-6.135488135927236,-6.624633070119911,-5.312323973901565,-4.483556009524409,-4.534213217893679,-3.4278736635278553,-5.373455201417417,-6.844896438224689,-3.803333561715765,-4.804804685889246,-4.717812089499089,-4.232909607893416,-3.7363564096313384,-5.023019984150203,-3.823448366671931,-4.447863735858215,-5.655582391307999,-5.2332384721685115,-4.383255976601494,-5.708824764243896,-4.1135408978635475,-4.841816499152793,-4.618381760900182,-3.5594946764498476,-4.643433122423802,-4.928588146084687,-5.082588463108122,-5.134656959780742,-4.687700635796393,-3.6366770158835853,-5.611776260334169,-5.687457138670963,-3.7149601048019707,-5.5661469398585535,-4.783905133647296,-5.5917974648158655,-6.679484458356459,-4.801774806708038,-3.884832105973949,-5.062054851792725,-6.481658563256228,-4.890929416949585,-5.755951388645392,-7.619505083245762,-5.0808837217235405,-4.482315806111967,-3.8222945218680837,-3.243145260037859,-4.34906432261349,-4.066432591394406,-6.284565450078066,-3.378174198453746,-3.7326398184284493,-5.367115484966523,-4.318339874712157,-4.41893181655139,-3.5297864894496063,-5.151107772159884,-5.746232637700012,-5.489998369661344,-4.103204016636132,-6.919870410142334,-7.997073439243502,-4.1057509930320215,-4.7251945358447,-4.981536663696822,-6.305546627988456,-6.709889764595288,-5.634529083498186,-4.6383049006303185,-5.585755712767205,-4.099899799757978,-5.954059342020292,-5.519345073159584,-4.296798945315631,-5.376915016484566,-5.3273499603225964,-5.643488453648812,-5.828940740802848,-4.64582264610379,-4.516293705355375,-4.772851562448717,-5.6161836055534415,-5.201491899913373,-3.4040652165788234,-6.421083377099567,-3.1141087195713606,-4.900280153882453,-5.180126389976504,-4.046621661198323,-7.067266069058368,-3.619680425420249,-3.1422741710516187,-3.9120271325409006,-7.102285368910717,-4.235832202199518,-3.3540014419813167,Car
-3.4572512122642447,-6.4080892472263935,-3.983643168396994,-3.2044295972208525,-4.970534281353981,-6.45270122278972,-4.171347407275066,-3.94614203134825,-5.139208164325902,-6.190723455863824,-4.018127915963836,-5.768808865621758,-4.602653273461129,-3.441833644987054,-6.65879809695202,-4.092236002030747,-5.206582030319801,-5.180653283984575,-4.485683565467173,-5.771384031414157,-6.175019136928643,-6.784194772030678,-3.7682372905807853,-5.371672185108964,-4.430059587642634,-5.485032074881655,-6.161760503374956,-4.347687390060861,-4.672037426275178,-5.236899153987426,-4.698103936558532,-5.960484556244003,-3.9394002254446887,-3.707605361465525,-4.240695428663079,-5.37198575909367,-4.940653205316591,-3.431163551865237,-3.7188337823888227,-3.006130909491275,-5.780518853313174,-5.870212283987133,-4.865629712417891,-4.5931042427037,-5.142289165059562,-5.389684427835406,-3.732604817170871,-5.09073209054714,-6.215211417918324,-6.099689086935525,-4.752935674866499,-1.9973475150883129,-5.975943743745178,-5.31487406867306,-2.5951952247339602,-5.484280729838469,-4.544539158728595,-3.124089277408769,-5.951478680903822,-5.309260222021561,-5.484365933634541,-6.517895362967192,-3.4306340543113736,-5.585404338469866,-5.876245675821892,-5.444433888070422,-4.071168594845894,-4.8871064629921195,-5.791666305430364,-4.590850155084947,-4.1874053022514275,-5.023764587902757,-5.23476092886566,-3.98412406161778,-5.179185246513441,-3.3918084937099766,-5.757634872090312,-5.780913465760792,-5.903796780084345,-5.238846456689982,-4.997495938633682,-6.325635909572814,-4.903242732085815,-4.434645812714044,-6.465491554793029,-5.521171426380886,-4.43251427143102,-6.089419265875921,-5.315978521913463,-3.911816431066203,-3.204817236873982,-4.560084788750872,-5.1692532858276135,-5.501398020635728,-4.089245901228453,-3.8665936008843302,-6.156435797117648,-4.089573184056068,-5.607046301726221,-5.859555773952243,-5.153644203550428,-4.008386757437635,-4.690594675160328,-4.717668335209184,-4.647558346000319,-4.532341981309639,-5.114151217526465,-4.368111234608014,-5.659682195975035,-4.3489923490544715,-4.143014652166011,-4.300863405433021,-4.248971168305902,-4.535134359769855,-3.826557084657386,-7.271613783978662,-4.146254042434839,-3.024542472842124,-5.621895474958858,-5.733729858362504,-3.713680987026197,-5.926739339479282,-5.666724312575452,-4.830051480302203,-5.798951210153061,-4.124975498006441,-5.79080212225718,-4.63936665229332,Car
-4.715517537003494,-3.3361119275915296,-3.8346981337042716,-5.529527541453653,-6.264492406472246,-4.162031158022564,-5.653390834753327,-5.335676737903752,-6.059827690063636,-4.320988069213167,-5.646493116437508,-5.035041688302789,-5.019503065892466,-4.816439380086089,-4.338361498280352,-5.242820371894221,-5.741427581886542,-6.859544633755446,-4.89737037063233,-5.156999040618029,-5.710472830120993,-4.937447537847464,-4.144017327385114,-3.8881119150528205,-6.535137418424391,-5.360861301015335,-4.038974787601573,-3.403958965476976,-5.817263653158418,-3.6216770707674226,-6.3500962822346185,-3.8517154368800552,-5.281756332205342,-3.4371767343562496,-5.464031216255294,-5.309890726760339,-5.133392629203848,-6.537050154722893,-6.76247267075866,-4.489845806959289,-4.011537652646643,-4.392422497158897,-6.253975614178523,-4.519811254927958,-5.9902039737037045,-4.592347291776335,-3.8687008547975625,-4.632533146664981,-3.531466097758068,-5.149987471352745,-5.216649321304365,-4.932648702219219,-6.342641083798742,-5.402951075617118,-5.315133169740065,-5.283999943286881,-4.7317088328365875,-6.480329119823291,-6.145613983860501,-3.867930403361529,-7.00724822406381,-4.383628931127156,-5.373559680797683,-4.839877518336548,-3.4419012146660606,-5.131182785865323,-4.374611994494231,-4.941433032318084,-5.109376169753305,-5.233175297840363,-4.298941651493774,-5.731601866121341,-6.132023188551264,-4.925525026568913,-4.807215996411505,-6.82415816539896,-5.010487428610664,-6.226876921214511,-4.3731568925521795,-6.803684855896633,-3.074924170136911,-5.338198416635827,-5.864961948487313,-5.282972460368193,-4.443729141366108,-4.109529910765063,-5.274311310024837,-6.43869041481219,-6.212297133622181,-4.713612301259255,-4.012672870489548,-3.8825247484158814,-4.831907424589218,-4.032700433818577,-3.087650782407999,-3.8096522872637077,-4.077962098595629,-5.806557183092284,-4.037380379571997,-4.538767522111253,-4.349354371632861,-3.7388937210554882,-4.641442151631809,-5.102546330661463,-6.0698658076609195,-5.296516317645325,-4.787147732837316,-4.722380659817471,-4.756123701329676,-4.040490140238956,-4.134635299782879,-5.062088241456597,-5.847262107455948,-4.616642063222428,-2.753662452384545,-4.678757224720956,-5.29592395237322,-4.46416384753284,-4.404263741238727,-4.415349399594224,-3.627119804954299,-4.613907043046529,-3.674587764589652,-4.76976588626249,-3.4875017324911264,-3.793264804260396,-4.0782005884471,-4.2108142642371,Car
-2.698482322929582,-3.923382411333568,-5.849317004624512,-4.754099448531679,-5.264716768227262,-2.93552368320205,-3.748562440404543,-2.9680489753789145,-5.759994528234783,-3.898325321450037,-6.364528983036032,-6.5921323341379825,-5.396956132474094,-3.487624862504295,-5.992615040953912,-5.016811846823243,-3.811157131794114,-4.153586838840697,-2.7838134212871406,-4.9966280077901395,-5.4416295446306675,-6.094481081078977,-5.3679999401174,-6.103598959185904,-6.796445279909614,-3.036607418657912,-4.951093200724608,-2.4085331287708724,-5.839288436672484,-5.42880860870401,-5.775369011757105,-5.640756064992765,-4.1263962557905565,-4.433676033735625,-4.124590574582238,-3.6577284078480594,-3.892644955832517,-6.008489744441987,-5.5238185636690265,-4.878517189928362,-1.2721666552368127,-4.227599857868625,-4.89331119159321,-4.326725278254249,-5.603114054410855,-4.737574488997695,-4.045337815189927,-5.028995684541341,-5.756553254047188,-5.077874052679692,-5.319576608596184,-6.357127419670897,-5.571552160192608,-6.3928127863304445,-6.236794890496025,-6.14094448786647,-4.046548701774138,-3.5108349366404994,-6.536079677038227,-3.4198163337255103,-6.126594172960546,-4.253119906027642,-4.741441429233695,-4.364148455287147,-6.165743052810962,-6.812357282672106,-5.802908410132571,-4.5731313500393425,-3.0430958245141397,-6.029723597686079,-5.098837486648311,-5.749079198509619,-5.017226182776344,-6.9307853610296615,-3.5019566646100984,-4.975963921713694,-4.082834336013915,-5.232202023369108,-4.809371923873057,-3.871127507353253,-4.868283176905775,-4.832293675884545,-5.793941042625499,-5.5344235616791,-6.012815637840935,-5.738017588479665,-3.748770889535833,-3.1913906899928617,-6.247274884629391,-4.6048282149632245,-5.317691390200444,-3.603031433284237,-4.865139781822081,-5.007475704740869,-5.744769312159736,-6.531780039092414,-4.239061517250512,-4.647021425248556,-4.62255585947957,-5.599327102658598,-5.145768445510038,-4.208929013886417,-4.0178873702688875,-6.1784716159185304,-5.633348070501397,-6.389883422072143,-4.798735587406635,-4.115661687896772,-5.278715517049419,-5.662856630999714,-5.335301853805292,-2.693686685023513,-3.8080719000764516,-4.269002827270339,-4.679932104417328,-5.012741464619048,-5.906632164095379,-6.061690424308032,-5.567910676513211,-5.953779879802034,-5.607812962019845,-5.101895626119577,-5.025301588562958,-5.620381275384474,-4.504790445359795,-5.189006372148383,-4.78530136882182,-5.744590384933574,Car
-4.307127445489993,-5.534846100251584,-3.391445763261344,-5.224991354091167,-5.094684061494524,-4.406411513657773,-4.188149806545014,-4.080406319808669,-3.22441196698603,-4.338114476595966,-5.066986488844716,-5.529645915401817,-5.133828283199678,-3.5159835095711163,-6.386966303022369,-5.819008116459094,-5.218986743533562,-5.83231546954674,-5.408771984842148,-3.1937654616534887,-5.2980930396299595,-4.5883514348370555,-6.658196849995735,-6.102437269318464,-4.067316390377999,-3.3319715614551106,-4.778589402711476,-5.306016259389666,-4.5038383691111905,-7.597434516218751,-4.770878656481957,-6.046110600107501,-4.205907017775958,-7.192298908180945,-5.628375975909281,-5.040975838107995,-5.761791182955954,-5.375484400188142,-4.095565649323492,-5.024496014517258,-5.930580804964575,-4.059599933992208,-4.749019130928837,-4.707512520415003,-5.892511025228104,-7.547606672662052,-5.906131233356373,-6.007868578035483,-5.613296957180721,-5.8418556659923055,-4.887301490953034,-4.119122528954297,-3.9238385726471208,-4.162788141636372,-5.897624975811705,-4.941099206680161,-3.4348341518299477,-6.58473433297291,-3.651769955574869,-5.996103336389679,-4.706234712415917,-4.587214883030971,-4.810086963430529,-2.7715271057974213,-5.300831900471293,-6.639487874923642,-4.643552932473154,-5.170039984724459,-4.445198791780828,-4.117904758126267,-5.033689671704463,-4.5636895693577015,-4.85576206776297,-3.2081125559252883,-5.3705617528676655,-5.687070198009863,-4.119269096888772,-5.929179815342716,-4.607842194417454,-5.169589153669154,-5.101320684541934,-2.5626953759898305,-3.765913255077766,-3.9784204666805683,-4.469429359523026,-5.691514121440175,-4.738518313262279,-4.41667569917133,-4.801014569860631,-4.905249672656039,-5.397449298789405,-4.726541350318717,-5.525571351453527,-4.2965768204327395,-7.015771201157637,-3.6412564335500575,-6.311665901867889,-6.067255024069557,-4.59114581437832,-4.460058169645338,-2.921722023595631,-4.703715470690874,-5.040454765992834,-4.8087006214571755,-3.409512238712222,-2.5756000093356204,-5.184800298908986,-4.457227583827888,-5.0743891844955265,-5.094266341253865,-3.1209493761352327,-5.92573172386349,-7.334281208883328,-4.682555640953447,-3.7989934712379263,-4.780103373748969,-4.497796448791988,-4.247606618873107,-4.889088926590395,-4.443692376551675,-4.46038810134634,-6.958604597239487,-4.886133106270209,-6.572782832959498,-5.038171505107422,-5.495280948839434,-3.965988745632172,-4.755587240790002,Car
-4.526807153911771,-5.191450717962251,-3.9478187373936375,-6.597325340522733,-5.89550245212134,-3.713692878391197,-5.435648499132184,-7.1458320051708855,-3.5473587233861146,-3.923063928640202,-4.289030593389267,-4.9055939930482975,-3.3392529818413035,-3.7413815709374987,-3.45214393120799,-4.3044995195527695,-4.877204148748918,-5.399164871014799,-6.268923842465872,-4.497954384533656,-4.414642665204395,-5.349781331907324,-4.386318971883367,-5.332177831599144,-4.132572308653039,-5.8821072931427185,-6.055111535008702,-5.240578727218647,-4.171214604497713,-6.158785464659023,-3.9503129809908044,-6.642588134385212,-5.246745875594291,-6.413076127102641,-7.6098993641832315,-4.633548195224746,-5.177811108631115,-6.397098932830489,-5.51661385798478,-4.558174773070686,-5.3681496669891695,-5.198681115568399,-5.3984565703230505,-5.58230213142996,-5.595337274743078,-5.624697366295735,-5.753142876073074,-6.017294597690802,-5.379712317717829,-5.639927852328017,-6.0716986305156935,-4.233985344643047,-3.7673640280832847,-5.0001027746034,-4.9335270120691606,-5.6925639658695975,-3.9329686432090027,-3.26181888492366,-5.1637938290256615,-5.521446528392522,-4.658524734045155,-4.871068955961611,-5.50015547545729,-4.5288041669676495,-4.061842392610103,-5.7858184013247795,-2.457966020284396,-6.532942157097828,-5.851690726340901,-4.766031969697637,-2.753126881623451,-5.562590691680625,-6.065746312595587,-4.450758521571254,-5.2485944077180715,-4.334744305045568,-5.0707805499004195,-5.8571665421299555,-2.65112402958577,-7.954390599080719,-3.1797612496502285,-4.066738095766073,-5.745589291527215,-3.127579895166235,-6.371419199244261,-3.9918890379924754,-7.082645113047111,-6.145878192970375,-6.148361825647877,-5.750656660428799,-4.988418884621342,-5.825976364108158,-7.036410951697789,-4.536549231299321,-4.951049077072521,-4.59107265910182,-4.828082090734023,-4.045764718014834,-5.075482353161103,-3.9874793651896905,-5.775696648101228,-5.718670379338853,-3.623960604601807,-3.644331341772711,-4.426257857219167,-5.889107912859807,-5.969632435295757,-3.671936037638729,-3.7273350724218406,-5.063579357670125,-2.658115073030147,-4.54109992805386,-6.1071993740311195,-5.2756310996678915,-4.994529421994626,-4.913601363250886,-3.7499967821482922,-5.956288912664359,-6.331512299112217,-4.397676316994905,-5.506984508925854,-2.5764938765331755,-4.056779618524367,-5.525396452340241,-3.787146261215794,-4.269589204916994,-4.366302852536722,-5.122243931588493,Car
-4.579549148361535,-7.102957900592664,-3.6829105957779493,-8.436062389668022,-5.4421230940259155,-6.595710553194034,-5.500851141231523,-5.0741172724121055,-6.196793533916211,-7.774477242639241,-4.792934275858942,-2.9135602179721043,-5.351280166850007,-4.0406690437742,-3.495615162443114,-6.900037924545798,-5.457275151478321,-6.276385611688801,-5.806277037978164,-3.2979882988533706,-4.776320513575808,-4.211176398954826,-5.043899105963785,-6.210552645735544,-4.321884302781294,-3.7474246285571784,-4.682625783831343,-4.510875638240066,-6.234801386366785,-4.293136366850774,-3.653986177073651,-4.595414525728547,-6.796783245876893,-3.3643704992247185,-5.944823893643764,-4.612213173110089,-4.047023731439082,-3.9203816779490057,-6.800056811779846,-4.882782743927062,-4.948978389117391,-3.560971812273489,-4.541276457589371,-3.55188233895504,-4.460082400114846,-5.074166204561218,-4.80614057846184,-3.476403082897537,-6.296931835501249,-4.094045489879468,-5.627615991220787,-5.842479084248703,-3.976573633383827,-5.883087255010993,-4.622925283074675,-5.4889414221597645,-7.356936695896474,-4.522284019895651,-4.8736787270432105,-6.910080514414818,-5.698589541538862,-6.806992116712305,-4.2683101127035865,-3.6120067972899035,-4.150509394953814,-4.010869843199909,-5.517830405666814,-4.453071988889626,-5.009068630142161,-4.81468548391118,-4.042568539545478,-3.824512579352764,-5.389756389638515,-6.407644811355048,-5.187404534692856,-5.219273285313884,-4.715402119985844,-4.167004081535877,-6.914581965484057,-5.670913551191476,-5.963888189317441,-3.7491062113082094,-5.208370893352387,-5.512883569561788,-4.461698307553422,-5.593006350916022,-5.015194776796849,-3.1859287998879737,-3.213709676113356,-5.407384323062819,-5.182361802159577,-5.619028500730805,-6.92586527504017,-3.9638106549032823,-2.5786578833282356,-5.443449437650773,-5.816793727289272,-5.272846796340007,-4.914953952171415,-6.13553011020688,-5.458478460984131,-3.9851027460619814,-4.872619365532729,-3.7296139718710197,-4.635232147138498,-6.088917268772919,-5.576013976719759,-4.751587936445518,-6.122589275961108,-6.252319732910607,-6.192200553365725,-4.484195612186184,-5.366240015422538,-3.8175583689070525,-5.896420382946637,-7.457400267953848,-5.130705118803215,-3.3524449696061795,-4.965430583051394,-6.37209324313287,-6.624276596206746,-3.8020980860765095,-5.807436771441911,-3.45820467234347,-4.345906551148716,-5.769568714404685,-3.832863155688359,-5.923897153263269,Car
-6.447337112444998,-5.866745393344446,-4.231263348409781,-3.8620330109986636,-5.396027262867912,-6.868311311139146,-6.556766461128056,-6.067645571859363,-6.293996879250124,-4.734569623935434,-3.061884155275549,-4.204223425974412,-6.128230844990739,-5.694375765666555,-5.499290679298807,-4.610785833006914,-3.4287452641479907,-5.467400379450854,-3.4612227089318113,-2.896089041577772,-5.349906866288726,-5.375644621061308,-5.360619367391116,-4.937510014312114,-5.358179096781826,-4.115822538610694,-6.548831280392782,-5.534622095296112,-4.670825326927765,-4.129915492839489,-2.804714936319259,-6.289025227630941,-5.652042414187256,-7.2664065732273375,-6.109869007352865,-6.768925296934043,-5.5212973950643285,-5.228365592641631,-4.530545760162438,-5.298599530319922,-4.530062919587846,-4.885925832906057,-6.033323205750183,-6.686273705840878,-4.416318000103934,-3.353497014985493,-2.464614988317984,-4.064545298765379,-3.542484788055938,-4.538540295961065,-4.697990614409789,-4.888998976208472,-5.105809644020864,-4.392923444570865,-5.520597081364723,-5.147442451587192,-6.177966282964388,-4.525073330935091,-5.959097541146502,-4.966255009519787,-4.49950890635762,-4.414108568630187,-4.228491462184565,-5.213291525148056,-4.513936220610312,-5.486625263112204,-6.970873713010223,-4.46969072625844,-4.701511893135859,-3.986676497100864,-5.0252887128716015,-6.603163365717411,-5.091630784364223,-4.113419435260272,-4.5239651912035725,-5.146744572894836,-6.663559227913183,-6.026016954903922,-4.522761138148632,-6.665157152074279,-5.318244914756836,-4.961577821023578,-3.8500628441599387,-4.385509448869459,-4.037188767176036,-4.698146675967391,-5.845410982211492,-5.613660467908547,-5.932659639241279,-4.409219158073794,-5.693922218922558,-5.394000313028483,-4.9775087618131515,-3.3586875534187204,-4.342866092056769,-5.772853424601109,-4.848152342767107,-3.348688239504162,-4.384820671571059,-6.59825235949906,-5.915239428637764,-5.99193550250312,-3.559270174640032,-3.7437187641363443,-5.625036977785615,-5.64658021980733,-4.955308217337716,-4.92533095390654,-5.962325929322997,-5.249130674898543,-6.453603269853209,-3.727679295088964,-6.760330512831679,-6.771439421892747,-4.56496054548807,-6.236876237834054,-5.50096495813454,-4.9368271388973834,-4.324699170133163,-5.221082117948875,-3.220828202720206,-5.000438988659909,-3.8092052917412573,-4.721444219633506,-2.8687902419926687,-3.9416364960758115,-4.956530224527387,-4.371169283092519,Car
-5.2608158555309315,-5.270899838355118,-6.303410828035585,-5.8082616024671285,-2.9390286148442786,-6.20403137127858,-5.655492712783639,-5.093718676959103,-5.060409294752571,-4.6162741802690395,-5.469120708114063,-4.554623633003662,-3.8576145588532746,-3.7333676560185,-5.26751180063684,-4.3886565710970356,-6.146133622141189,-5.721716045272331,-6.173733398690542,-5.045744688759651,-5.859219276359944,-6.520693558804794,-5.386005222581151,-6.728583775780952,-3.672806896353858,-5.557523061243273,-4.014683926361871,-5.492067490034972,-6.194937825950601,-3.8244760286440806,-4.911296416892261,-3.1130907140877033,-5.466522926233215,-5.444930299566433,-3.9952091577808906,-3.9882473495009547,-4.846569613485348,-1.664731810191856,-5.280560792320351,-6.269463236969018,-6.002555040580715,-5.274739489359227,-3.481224994508349,-5.18634386214668,-3.433947901633862,-4.565574884621875,-3.9166307036394836,-4.612831373373195,-4.620751993378063,-4.247289398893925,-5.566708482085746,-5.555713544547488,-4.650453013835405,-3.0588885244939776,-6.54075322526698,-7.029185619440027,-5.263743836228613,-3.9691529195062554,-4.9486239143198185,-6.169329846815045,-4.920906503133612,-6.732973212883159,-4.371082939125825,-5.3091080164530915,-5.08203249954543,-4.572814529488857,-4.79431108262389,-5.541259573731111,-3.966387162353529,-4.203067435360946,-6.774284192224265,-5.230242671472599,-6.080286793696278,-6.2680580991954225,-4.464866376488381,-5.41926128066524,-5.14277164894641,-5.66968493377706,-4.6298245471801724,-4.321653114680968,-2.829745137023675,-5.180974264498151,-6.448417474775511,-5.503893690431518,-4.152940078618343,-5.772645190130309,-6.48212759945498,-5.75181768628807,-5.533365917749315,-6.082669547964656,-4.782523485883562,-5.07902228120672,-4.210294759181203,-5.44585983492559,-4.441935231431498,-5.492270794023666,-6.129612361808736,-5.543019135245933,-6.6182671890502975,-3.2117843600170213,-4.857500252213998,-5.795406890330463,-5.37764416228206,-7.45046398324007,-3.5656467749281826,-3.6634519557857663,-4.8924580958399035,-4.680537703936594,-6.2676767769256605,-6.194969895260517,-6.697296149187732,-5.161068085773591,-3.9389645951340677,-5.383214628702345,-4.652304169822383,-4.021166105106434,-6.6241006779780385,-3.1544345746207236,-3.8426796125687326,-4.486107282239574,-4.075905469463928,-4.02892369672493,-4.7073601134101875,-3.5717220471074307,-5.452660348617454,-4.538188794804602,-3.67835719874994,-7.691199756059211,Car
-4.562036654025842,-4.275395021556645,-6.708441365884442,-4.718179913983416,-5.793705980359639,-4.603193718408764,-5.094999296410751,-5.946328169170293,-3.890336336398549,-5.418365023989505,-4.730036205978418,-3.6859523765159015,-5.916694494383181,-4.991950752027173,-5.49532714504334,-5.272179644537724,-2.8439147920935426,-4.54322411592972,-4.686407323377794,-4.47591266606854,-4.569740372417534,-6.825813538985183,-2.7032391794777926,-6.464369525138645,-3.2674057339737184,-4.381984634977749,-4.819220981865528,-5.305484976076642,-2.394839448906702,-4.395510439825574,-4.982311935081601,-5.53526270451034,-5.6551482687470855,-4.949389152827786,-5.930603031661243,-4.320348952055254,-5.645642367236337,-3.9950444855541756,-4.017412618688713,-5.055435679124193,-4.419697770145023,-4.369636090473202,-6.4623316091448,-3.268307011346376,-5.255743714287155,-4.304426486584299,-4.276376488947176,-7.489537091535409,-5.65692919474947,-4.159631179573944,-4.937747540564797,-4.31103066366193,-4.907633438554816,-3.770618206196855,-4.8859661115555895,-3.5759109032195235,-5.980028577212044,-5.127640069478945,-5.593399568582038,-4.611363935937735,-5.278667944882576,-5.229514187093637,-5.704766363250247,-5.460735516928544,-5.010277063916678,-7.021345151183173,-7.301763856031177,-4.940854057692517,-7.769176565233542,-5.1931422768080715,-5.377163761191214,-4.457962130139126,-5.672018379051929,-3.430485230708034,-4.151837126769566,-6.512294031651514,-5.284346357474343,-3.472814855816125,-5.697631905399534,-5.052892325025411,-3.595872424145223,-5.540595616062778,-3.8770200599171076,-5.9099996026136195,-7.887613850146119,-3.7714706835593734,-4.561264959942524,-4.495435724665534,-6.092962791305275,-6.013352616496864,-3.84956348026386,-4.756792692595737,-5.11745605733776,-4.779073337885836,-3.4914944699876997,-4.27631177294743,-5.474645197385158,-6.403487861120052,-4.411946238172215,-5.923968010634229,-6.182376937618765,-3.6842508131259324,-4.1275942532418535,-4.614314073319502,-6.238397060937249,-3.2107339392329175,-3.9711316852841505,-5.303785601062394,-5.515280058160865,-4.9215102586910655,-5.478418666538651,-2.788146043214892,-5.385528374704865,-6.0678828715402275,-3.411584141666922,-5.5690618332871065,-4.213569891883271,-4.324612393913929,-5.058562050545055,-5.972996764522696,-5.048182926978391,-6.169861106332219,-5.023717762536903,-4.227218533540342,-3.282219933808002,-6.087849115944288,-5.250458603995928,-5.524811084225281,Car
-4.726260622492512,-6.52180837631082,-5.928662677124967,-6.6920165580686355,-6.438304540665104,-5.660437793912085,-3.3291173871741124,-4.652399523067367,-4.935004126400194,-3.6531139959715153,-4.6164021188165805,-4.522423888602993,-5.473024465179801,-5.637328355609082,-6.311126949731419,-5.6010895660413915,-5.2805234140990525,-4.65528105248308,-5.036758415044703,-5.3650694658676885,-5.911676751896749,-4.60087319204479,-5.497766087033841,-4.646203492008011,-6.913272109593536,-4.663578837030106,-4.253093097203761,-4.380469140636252,-5.196720425350695,-4.084681684575623,-6.272958882955847,-5.08920606520653,-5.193395801160699,-3.9636003109589133,-7.0204931705245475,-6.0581297179273,-3.2527491913694844,-7.430566123844962,-4.185576028312499,-5.700327163027143,-4.7452973963539,-3.586217596140646,-4.70679312892117,-3.5654666232389824,-5.4923491807868015,-5.360176255842908,-4.213157751152274,-5.439430460282331,-4.402653618961997,-3.816195783422317,-4.131663105712612,-6.578911565446582,-5.341380777049522,-4.718167515945178,-5.243893539629392,-4.9206339866084665,-4.70492925573074,-5.526568120717569,-5.193438880455864,-6.181034728006855,-5.477841786907321,-6.5266786027658155,-4.883503304307309,-5.19322220435855,-5.9157952120486295,-3.214740191171153,-5.245411483046841,-4.71344705592038,-5.638633164845462,-5.4143480207373,-4.675586529151464,-5.332251049806888,-4.996696643111732,-4.193175384646535,-5.518026179518852,-6.332161183237886,-6.526264289678414,-3.561560963613137,-4.068853299424431,-4.34420033281226,-5.436052805872013,-6.333080010987834,-5.282301613496148,-5.093354371286045,-6.131551666747279,-6.46965631304862,-6.730312606403933,-4.342606812456156,-6.205358315203014,-4.690589679284062,-5.397799853407248,-4.410362091223863,-4.664175488030983,-5.231937417891286,-4.869546574790783,-5.110336108376713,-5.615347150633072,-4.019917214542137,-5.423073753241998,-5.0868501462514795,-6.415125099657506,-4.725955396155187,-5.610581597145461,-5.476848659157902,-5.839560860884442,-5.123996447888349,-7.006472615036993,-4.3176429870867405,-5.038664774679228,-5.4672856012022075,-6.548230665790918,-4.56693331352003,-5.634327560295076,-3.6939131297516856,-4.513681037670218,-3.465344311312877,-4.8630299592114286,-3.9221772388378446,-4.537228954701783,-5.450981412203796,-4.8127899815158655,-5.833986266458936,-2.9312205670256284,-5.100865109705413,-4.973789708481349,-4.610014138366481,-6.086945324316728,-3.678628894333425,Car
-6.025329550768051,-6.251470562361394,-5.166524012703026,-6.279297497789584,-3.4380594638086235,-5.2307032696830555,-8.22116749784043,-4.800051481874958,-4.446494013145959,-5.421432248390218,-6.355893025761208,-5.103307016666498,-5.481705467226845,-5.9755719198590365,-6.063825070094751,-4.843764251062615,-4.096978199610344,-4.538456162002903,-6.72799785858838,-4.384521995444017,-4.227525987972951,-3.6063032491522335,-5.949887756091894,-5.056602639364628,-4.432475749696168,-5.527553698139611,-4.448090149653372,-5.024026326217908,-5.846454816655546,-5.761242238690547,-3.7507106437251436,-5.996418662396672,-6.168000284169613,-4.65562113526819,-5.030572784342494,-6.3116213774267385,-5.519420174089524,-5.816781478260554,-5.641667546246903,-2.4750296031933536,-5.302579904674029,-5.881250944172148,-2.9782125092003504,-4.111745201807604,-4.275174439414591,-5.833094294301366,-3.808516642313494,-4.183725411767162,-4.8529104181619855,-6.716303122872247,-5.019920002477828,-3.270069285834621,-4.77961718025796,-5.376466527081863,-5.228457343088669,-5.1592523068138165,-5.799614213776938,-5.041244829362816,-3.5572654704544506,-3.670545121089021,-5.754335910324064,-3.724102615449306,-4.23885868734725,-4.366661462388338,-4.568088118359866,-5.930376378779456,-5.405578184957116,-4.167081596878674,-6.2068703438749475,-6.040775105395876,-4.693802575234094,-5.789532660659103,-4.176105646299233,-5.754217956256546,-4.755619855136853,-4.671928435349269,-5.482094677897477,-5.239646629654594,-5.680011480039955,-5.018604705652236,-5.961687240087927,-5.223507751497059,-4.251508992204784,-6.136751079060671,-5.4870694119778936,-4.481737590015051,-7.077644781680663,-3.1444159636006628,-3.9547420859690665,-6.53833558023732,-7.104195799931752,-4.970382412665939,-6.120244195902115,-4.038506709801588,-4.605997837868312,-4.87662098366273,-5.570256385023602,-3.399992360210647,-4.2465478992783146,-4.396834190979354,-3.7999440353725578,-6.018860863492869,-3.7152621309609097,-5.2646082963626375,-4.66527030339755,-5.156463009671933,-6.877865606373585,-4.042651739027752,-6.824483322907456,-5.966520600012575,-5.452824630428121,-6.953615546009279,-6.100622622803708,-4.755179909215968,-5.346651191535537,-5.264152873725151,-5.9150064509885905,-4.95381867624211,-5.325248025196599,-6.6409654010183665,-5.200918669570928,-6.241911826918141,-4.1023028880574355,-5.391506734698604,-2.478475569269214,-4.033097463478548,-5.130269175287169,-4.420521166776082,Car
-7.089799188711629,-4.037620593090244,-5.820290497157492,-4.910266962955647,-5.727622512850012,-5.621318375243362,-5.1811320899794255,-4.9231672249933816,-5.026915880789292,-5.001984624138029,-6.6256827074814435,-2.667950395735891,-4.76801967093199,-4.562432654362868,-5.339991110795061,-5.874154694557622,-4.848964269029826,-4.710723089358972,-3.698191122545267,-2.9223823164852023,-3.5229775960097847,-6.766528923419959,-5.460418140809793,-4.664182880045632,-5.400285652412434,-5.043826816745736,-7.145136244093181,-4.085786999016696,-6.875455238806459,-6.572489524147333,-6.014670784291646,-5.097533953768799,-6.62272535517886,-6.06039223406483,-3.8510549576904554,-5.112360353025425,-4.566453021301938,-6.236242784249745,-5.05383602455723,-5.135866606311368,-5.79527047090639,-5.051077104117859,-6.892125292822918,-4.561391255663868,-5.399492717553143,-5.257219391823478,-4.148234197883217,-4.56796652254199,-5.318339189061112,-6.1165860291120335,-3.671338595212409,-6.340122001927686,-4.370633097398849,-6.597393944206365,-4.082126696854875,-3.9893991471164316,-6.912610843188467,-4.5506649473120655,-4.6334963522501456,-4.296950695313974,-4.634759724981682,-5.962315692790223,-5.2172329674698705,-3.335353463566031,-6.107813475949573,-4.677142041648827,-3.84874612604495,-5.990752808860645,-6.4167866471158135,-6.266102333651125,-4.6050286384236,-6.274603772991695,-5.135360040632077,-3.62872860369678,-5.051308124408631,-5.777812788160803,-4.874590327286614,-5.068672854068326,-4.547342361196757,-3.3808554461811475,-4.6032311411630245,-2.966217488234096,-4.544698096522458,-5.767331292708044,-2.7116970057713994,-5.124818017345217,-6.054892231891005,-2.6762713363700654,-5.733116886180479,-5.7723894320358955,-5.5514705080444084,-4.835373586677795,-4.069138602551113,-7.6487916136881875,-4.073499514688498,-5.554534602329631,-5.412894443160133,-3.2848081890786824,-4.786691840131001,-4.5522986521348985,-5.048560114819563,-4.236357416117665,-3.381989427045122,-7.4750652830730395,-3.915382009263757,-3.452966936124647,-4.498936752099407,-5.677362422704849,-6.152272447900177,-2.638154313086738,-5.904983686622864,-3.482358428943748,-4.609488675524228,-2.954169193985179,-5.318260164309866,-6.607580923616887,-4.997829152804058,-6.486447637900417,-2.322939468792403,-4.3705017759191245,-4.221869550645542,-4.221229716973945,-5.693589680623327,-5.132030492517055,-4.889635368640229,-3.0561115365805436,-6.157091798582332,-5.728583889754799,Car
-5.362931106226015,-5.673646659110641,-6.458926454517551,-7.704704520424926,-6.8268444656712335,-3.90097006741851,-5.00821890097922,-4.16446108374593,-5.582513595908362,-5.098335660259093,-3.3868424990411166,-3.447277394342583,-4.058027867407726,-4.797582212709581,-4.48203057245076,-4.629361701354608,-5.166926793654118,-5.404369809440398,-3.877632054698874,-6.295627548896135,-3.5126417227513578,-5.275442806747814,-6.314053504697682,-5.545504857696612,-5.874407887091274,-5.57567435210385,-5.593953518687165,-5.633694771375223,-5.307957068139835,-5.064773332061073,-4.2361403648190326,-5.2449526319871,-4.673979193372405,-4.992468687951463,-4.4594192295070405,-4.95332466034414,-5.64682177531697,-5.9181996526405865,-4.789770401495785,-3.7266215100993616,-5.2291246270097345,-5.700863653828202,-5.256170675271569,-5.561394510902489,-5.666980519111914,-6.4435945815002516,-5.244408286261889,-4.7642228461566125,-6.081904157198052,-5.878339750267854,-5.948061994488213,-6.386677967046202,-5.955592103639267,-5.1978564288259586,-6.3420578060448385,-5.1375424674648364,-5.703466792460415,-5.928982058820295,-4.622791183626868,-5.640125605313902,-5.47001386606765,-3.701993189999783,-5.920055633741971,-3.434125452407636,-5.347791129052661,-6.136134632871965,-5.553948341062017,-4.931225093377629,-3.745496140159287,-4.20117519143672,-4.936093150164292,-3.740044018510876,-6.881037047867485,-4.750558469940146,-4.6900602733743995,-4.677857532421016,-6.610151165988709,-6.016912401678473,-5.166474422157727,-3.8852084950385217,-3.0847355042823383,-5.664435251583423,-6.309846791971096,-4.184238563574878,-2.385629988699117,-3.8930593666988154,-5.748632723994026,-2.1388607067827885,-4.313200379531087,-5.791013213591693,-3.065697833662289,-5.86999181139884,-5.621088518661944,-4.273379177658875,-5.024905317889255,-4.962992867995233,-4.9613084983572024,-3.8855200741298392,-7.324390639711623,-4.71548611411353,-5.290203377080518,-5.752496032530616,-5.755136417933334,-7.637109669219219,-5.798418103601194,-3.7095372750606628,-4.16794512197246,-5.191381762394492,-6.411255721840656,-4.178130227740872,-3.6901515883395817,-3.965805329202335,-5.96872555498637,-5.864878680862687,-3.344088741155786,-6.209271041496961,-4.521786634484429,-6.7777361470731945,-5.300315367373916,-4.4148495992656445,-5.029965957142113,-4.476086678944893,-6.226205075653746,-5.820001964495655,-4.518181621501131,-4.303111857947624,-4.780187146937138,-4.052942258341687,Car
-6.657207938571276,-5.46619795034686,-3.177316226773816,-3.71653117100628,-4.366361834992456,-5.155366973355504,-3.9651843716500315,-4.570858480338393,-6.5174403646072285,-4.004237552943871,-5.866043414322233,-4.240311749981823,-6.6159727887442985,-3.400980667899791,-5.2748963788021195,-6.109336332221177,-5.688505233070774,-5.3368490973137055,-5.005769716427269,-3.6818543636603347,-4.9298573835225925,-7.170916797722521,-6.229738512168911,-2.2424652075838996,-4.864611204337074,-4.049209885989515,-5.308346139493839,-6.004611314206862,-5.481282222381804,-4.8716739159415985,-5.460236337227067,-3.0815322334702353,-5.616252794226624,-6.054835610250261,-4.191197240297681,-4.067997496155053,-4.970022878461514,-5.602143622540727,-6.900658814173016,-3.7792784775558896,-4.13143909007829,-5.4398883197490955,-4.940427521570273,-5.226677182521612,-3.3712697587136606,-6.0379183029542265,-5.62006149401992,-5.716726239063979,-4.689838713557727,-4.943870546302728,-4.799931836537184,-5.880607125541166,-3.5151031695896053,-5.454045107221237,-3.812410050603475,-1.8608860027186558,-5.873336053814378,-4.657615100128703,-5.131603638255919,-2.9691184450771693,-5.280653927485099,-4.751308522481914,-4.773131680488674,-5.100398769947842,-4.244526232133155,-4.9066035995449555,-4.518148261954919,-4.786397295143036,-5.604537725710639,-5.26896205972521,-4.44457714725704,-4.448639698096654,-3.7549909511883053,-3.1407558521613312,-5.521068877241009,-4.865125841720361,-5.193405809551806,-6.107307637398876,-4.435444861195578,-4.222162835994144,-6.076991226186515,-5.374499339175319,-5.472089522429344,-6.5084247032251685,-5.036377330165123,-6.1452416764385696,-4.8410063087446735,-4.7308784750402095,-4.606977216695274,-4.55867782227012,-3.4690592834024647,-5.808646140815591,-5.758481816017237,-4.344836102823859,-5.131981525315714,-3.8746733929417227,-4.438311207633956,-3.081888671707139,-5.091328449772691,-6.482039571986585,-4.6593385800208535,-5.071674157914079,-4.46551251348543,-4.337392813324796,-5.534548515095923,-6.0090056585251554,-5.145943350012386,-7.381191535774456,-4.919332741213782,-5.407438075136164,-4.138324955507319,-6.985848533543115,-4.993654690199363,-3.4237757152828605,-4.324598672048982,-4.019328004312137,-4.660266477370052,-6.661534069900659,-4.833470826897522,-4.591510639935995,-6.078224544190774,-5.126553843359334,-7.901070629043916,-5.334098175941808,-5.436375942816302,-3.5977606443866517,-5.603223102628693,-5.266357058595479,Car
-5.079228777276809,-5.59032002393038,-4.280208578167841,-6.992392013856881,-3.86342329585587,-5.011878118315869,-3.6983528652045736,-7.747232142114271,-7.436229320611107,-5.2919785595855,-4.4940846119994395,-5.554932716003174,-4.416154169917484,-4.018690242557037,-4.334000452978632,-4.896731495619919,-4.904397150345944,-5.6147950863883835,-5.055374324203777,-6.024230887234727,-5.784729467361058,-4.485635800453245,-5.462881131531349,-5.737561894169333,-4.550768986815007,-4.620100343069583,-5.215299585448611,-5.148935430721638,-4.584052110120093,-4.031042883616109,-4.798914340846238,-6.192033910377113,-5.221427492763452,-5.407149837793417,-6.052986106374446,-4.5020672343979,-4.425147420604667,-4.27379157829404,-5.99091295408209,-4.842549062920827,-5.006275232844127,-4.692596906658114,-4.870273508501807,-5.0125459449163055,-5.132723759474548,-3.89315938997448,-5.861814007519286,-5.173170870765048,-3.9186293331940396,-5.811055924031409,-5.760087927743987,-4.26605905554819,-6.423913840647042,-4.339368876973506,-5.489634579246964,-4.589999384479578,-6.220734567055627,-3.8149237334416317,-6.217238649889543,-4.275049646453346,-6.175462383775985,-3.1916991289109364,-5.071381781855129,-3.0491429050030163,-5.8188874874106595,-5.442650696048796,-3.789280796267831,-6.426196021775116,-5.699266655869942,-4.504931570310668,-6.018780576696333,-4.478182577980955,-4.829595614978282,-6.5136456237421845,-4.032231212016534,-6.262433093194569,-4.228720903027063,-4.871524601755719,-5.455012464705742,-6.105402524960883,-4.670730674591851,-5.8725247934775275,-3.7920465239474233,-3.7555493906966007,-3.3579659790140033,-4.719102562924691,-5.404309805498376,-5.296902580670657,-5.370087582802254,-4.751994461670893,-4.563392744411398,-3.768435633983102,-4.979876584403969,-6.403227330533559,-5.407420926461902,-3.444148219943477,-6.556578570472014,-4.260850039598618,-5.39057311358344,-5.88346431039952,-4.604388950887875,-3.4390469743772347,-4.659555823216829,-5.262544210041239,-6.2960492396063685,-5.098849161102737,-6.332149820289441,-5.30992422142023,-5.063057648391604,-7.3605414907104745,-3.6116777954121133,-6.238521473120438,-5.185959201170695,-4.466166754187483,-3.691450281820821,-5.792153006372832,-7.509185260972895,-3.921336283988713,-6.249494886426209,-4.640556756416272,-4.578410299864354,-8.252029432671588,-6.614836771544439,-5.4608112067171355,-7.5841279189392345,-6.338051276257413,-4.877121439873333,-5.088483652091269,Car
-4.697345569355728,-4.550779021271148,-6.681829566979614,-6.2848482634126395,-4.23863381048795,-3.47566975899732,-5.967408048862213,-4.741094405903043,-4.192917106686105,-4.762444382810715,-5.248766305420981,-5.640649994448993,-3.014730795234459,-4.903790958473025,-4.611057968782725,-4.6756799192530885,-5.812418407000812,-4.949178976685695,-5.322242687878102,-5.3401475911688845,-4.6830408589812365,-5.91564297323534,-6.204788420803748,-4.49727493959458,-5.53161059262867,-5.345015720276736,-6.928796552676662,-4.036917217823366,-4.4759837880843065,-4.29193121468817,-4.612674379602256,-6.515956953690265,-4.7710010353208485,-5.60913350234495,-5.962857105233539,-4.499951758554279,-3.3414910832473206,-3.5066605810436586,-4.377854981489384,-5.030228159459196,-5.215542320918913,-5.904503586443227,-5.269733183706677,-4.091476040411855,-3.176860867975063,-5.816481306964039,-6.9950134846716985,-5.530873996112305,-4.096045887128865,-2.9277227093409306,-3.6899587933431963,-3.714714787621622,-5.8495603536747405,-5.8213893735490085,-6.323809637266208,-5.66547973612543,-4.085902216588835,-3.3755128130650744,-4.654482728717137,-5.2551209600099185,-6.066724817673422,-5.112515156013292,-4.796873672349445,-6.463072072773196,-4.078527071493212,-5.423913996308659,-4.1385841588988,-5.010919962050984,-4.702783307112693,-5.701949210081308,-5.34461528581545,-4.357957876638043,-5.131498234738374,-6.104974015697169,-4.88842594494772,-4.614324983161599,-3.627111474327969,-3.8474467313405283,-5.064635546353868,-5.547335164664245,-5.2283013993616905,-5.523733507377924,-4.493838774296053,-3.95833487738435,-3.760165640705911,-5.412206452497665,-5.512026399414118,-5.420394424558631,-6.932036950086159,-6.202812358546918,-5.034553005938683,-4.620728259556031,-4.508826942117454,-5.780494421870535,-5.491110147819354,-5.269503806639461,-5.38112589883556,-4.311982279335336,-6.308174109961929,-6.149295605042942,-5.2984352956474465,-6.3656037033376744,-6.900470278956661,-6.493477159619754,-5.2427145884487665,-4.369469183674525,-4.348633465607174,-3.4120845674609086,-4.89833488242914,-4.763799487671172,-5.250407037028344,-5.201826465736009,-2.9194546684047875,-4.738648562744968,-4.651725730905879,-6.145114302916967,-4.589577725094932,-4.3416680206765355,-3.8896898720621342,-4.369915475098498,-5.126738228083983,-5.169423312863209,-5.072080678768903,-4.892812956439097,-3.7323495591938216,-3.9273604507987927,-4.24708904627422,-2.970790019529702,Car
-7.656238375276826,-5.46005857432603,-5.011272619114383,-5.672229473960973,-5.929750724652391,-6.717159640363207,-5.311328612084263,-4.105972946158169,-4.226063657695727,-5.752129886240702,-4.779754921468314,-3.6424001847839085,-6.5200670453452325,-5.15883598037253,-4.713503709191061,-4.989984659963209,-4.149366605982606,-6.497826029661866,-6.005818660797413,-4.317958657304004,-6.702224061095015,-4.1882321589667235,-4.550181843768087,-4.25808026029464,-5.469289652759704,-4.490161563286549,-6.172287570150787,-5.414504942466319,-4.963661059722467,-5.89874942455691,-4.781893131965739,-6.144207228793266,-4.731349190164989,-3.2581496956127216,-6.256665638617358,-5.022560116275925,-6.617961058045148,-5.832954018090417,-4.298050828260554,-5.430628601790135,-4.257589861231536,-4.644116641323243,-5.064518271339992,-6.029412594723467,-4.314511781502462,-4.695866271548505,-6.528040408009355,-5.964525593283319,-7.769028881551366,-6.3656268062837595,-5.313376261020373,-6.055855640347692,-5.831666596053687,-3.609429842424223,-3.971186675961934,-5.694668187760602,-4.206462365597485,-3.7851271470958254,-4.381451508414244,-4.701072516958105,-3.9016769222815952,-4.230482020042587,-6.2130942635574105,-5.188932253938967,-5.552069081059546,-3.847526516072921,-5.580422050785425,-5.752184971309844,-3.9733179255283604,-4.74032898406823,-2.888217649368359,-5.862241522806455,-5.518835929465999,-3.878032262572175,-6.279100371261022,-3.680307642074112,-6.2074553821845715,-4.389776436788966,-6.843051026465278,-4.954870160011687,-6.369530489384829,-3.0737247629885127,-6.071630512795515,-5.828857008980842,-4.4645740436971275,-5.600957628896738,-4.300046642980798,-5.710890178665787,-5.787950956602555,-5.027558706080548,-6.216930506960143,-4.603633635332516,-4.122701480130244,-4.447003360007562,-4.356719128621745,-6.924855219965334,-5.461647745859057,-5.227065165643713,-3.5455473282044006,-5.58130738833996,-7.301734492790162,-6.003969506996826,-5.66119321738779,-7.156482133927653,-4.031297479294126,-6.569580032185058,-4.553978451767912,-6.092396725696535,-3.493015632694923,-5.276153697778155,-5.479111654585427,-4.471745553343341,-6.007300484520742,-4.424453526105799,-5.481668624836493,-5.594601846610061,-5.087568710283947,-6.0896704359866725,-5.190891684586668,-4.660514952877394,-7.308741398717762,-3.9086924704624,-4.184021869872101,-6.854577174566371,-7.0104322956886485,-4.158093374398805,-4.235481091483945,-4.376965246008607,Car
-6.426923803502318,-3.1713577762565173,-5.755000866815528,-4.7605234589817504,-4.748220978161163,-3.407068847202644,-4.874832700056256,-4.584158644325469,-5.077125877454082,-6.196599388711698,-7.318660596436981,-4.967420125206016,-6.412363090514779,-4.649822784686129,-4.851249912815844,-4.87556630395264,-6.052924619462465,-3.9634559236386333,-4.525228902770385,-6.181699783064583,-2.931452416077736,-5.210791317584808,-6.334286500658807,-5.758351984261829,-6.5088908615666075,-3.6405730823130966,-3.9195516731708127,-4.260520425263629,-4.4488580981471495,-3.751657839183628,-5.241994212421938,-4.577337856520944,-5.811891530383998,-5.15344855244114,-4.54992282683261,-8.081142823776588,-5.619710775634717,-4.835012860225817,-5.077516065941374,-5.45239632574553,-4.410848061192522,-5.707712373208055,-6.221907459986537,-3.8162338937104447,-3.9573514740628024,-5.599149097602625,-5.068694569686697,-4.1540103126429555,-4.955965673269252,-4.469792393128652,-4.5244332062732555,-5.319170217154807,-4.484075997318595,-5.964943626024618,-4.605725681921445,-5.0740976564116735,-5.360720431915259,-6.246735869463345,-4.868340739040809,-4.961469722343555,-5.839636462155765,-6.596871820218798,-6.6444751006314595,-5.2540729895595595,-4.6935023605782105,-3.1500284056990426,-5.045154845050515,-6.625386051578467,-5.206918168246271,-3.748635101481051,-5.682795608501246,-3.881396422599109,-4.824275286965004,-4.353118445479144,-3.141144001795957,-6.837263907368274,-4.103495816991761,-5.094701117881317,-5.949180533353632,-5.100634636923107,-3.3090290568484564,-3.665054020244347,-7.000714461191303,-5.7698397060158335,-4.0571057644306325,-5.0217440777830324,-5.018013339877231,-6.568326455792651,-5.745476842299028,-6.358205747033914,-6.653317478081496,-6.2577379833975275,-5.92809775744634,-5.761113468908089,-5.842129722060425,-3.9795439265823993,-5.907144205020359,-3.5738153078143684,-5.483975877588959,-4.560801340249081,-4.528856918601132,-5.897843420792797,-5.328090565007701,-5.502943836940354,-4.627559287189173,-5.128844489417843,-5.7483982739469806,-4.88094171134069,-4.66038391687004,-3.1499553214574125,-4.931873543904099,-4.989991653191461,-4.571601389539996,-5.949402362662859,-6.725509601035492,-5.3121020917208215,-3.9279009020222593,-3.766448286831309,-6.879384705731478,-4.333920519506534,-7.18479800182766,-4.540819445167414,-4.600640687103344,-6.723980029515543,-3.999953856868313,-3.256164098709081,-5.062480331002476,-4.859000125023036,Car
-3.520883797013094,-6.12633203408798,-6.1010774576228926,-5.839383503919201,-4.962917895689007,-4.9655841557375195,-5.553290275280254,-5.300480411457539,-5.539568234950753,-5.491800011380612,-5.768521460278587,-5.760439738474185,-7.0009438349276,-5.223675094377984,-6.955579322217269,-4.249440881292578,-5.5599178441451595,-5.119409578716327,-5.373209632751957,-5.244113775348227,-3.736625184403282,-6.351496411927282,-6.623316922342484,-4.880627673336036,-5.495879723739319,-4.640376078656054,-4.283422760258684,-6.106343256565185,-4.396611156735187,-6.021943486919506,-4.925424809061876,-6.236913723593805,-4.867856242808672,-5.0208772809219,-6.102929488606145,-6.358411341347745,-4.249361415903011,-5.453000452678381,-3.9879690377676544,-5.543393729824673,-3.6978202643807903,-5.9483895549878305,-3.527253442488792,-4.825628136941938,-4.6002032592312885,-6.004024613444427,-4.270784817069213,-4.236071867588827,-5.324434857525214,-7.133995392000717,-6.113328565913367,-6.113480661391959,-4.550647182458652,-5.465032339520143,-5.4456097162722505,-5.566312269861418,-3.5307097221780417,-4.954648039170152,-4.802259664416703,-5.619389511437989,-5.0296386570071965,-5.9756893427052145,-4.65627532244207,-6.14655357797303,-4.255780154400842,-5.734952272771761,-4.051607187011797,-3.0927057423180235,-4.998898888474841,-3.6883848778571107,-4.248551051014581,-6.432782039035793,-4.889072222481492,-4.498801294310777,-4.402284684573704,-4.821793195025008,-4.834688603672779,-4.994912641884766,-4.866823914006314,-6.223678970299046,-5.236210780978678,-6.452981354811529,-5.497627682753976,-5.590805551100889,-5.654662973670541,-6.052008157789047,-4.730722726203113,-5.318070305711861,-5.420426255753,-6.407573994496277,-5.29786119219699,-3.854467200084035,-3.839193690139659,-4.6264874202815545,-5.295153975119839,-4.441017169775474,-5.667353588176692,-5.29925225588338,-5.742522442597089,-4.09163357283591,-4.2199940390083635,-5.034682259045994,-3.2687476907094357,-4.587485419229053,-4.643772453663688,-4.750879753459912,-6.262286817733244,-5.8942798314073706,-5.0546379536862105,-5.0463834787713004,-4.410237299789563,-5.667867109054381,-4.929313299243456,-4.911439868896517,-4.871804918223876,-4.983585482946719,-6.403840018551996,-7.26121846365778,-5.941763635807259,-5.531123022798905,-6.178451869050438,-5.05567386887435,-3.9098930312118014,-4.2739668345721205,-4.533666704586389,-4.014689261337497,-5.92462304433023,-5.4567962696709245,Car
-4.385153136941778,-5.4745300091719935,-5.41982649015113,-3.1375808780907324,-4.904557922136678,-3.2363737997992628,-6.82329666640277,-5.630866304603295,-4.591183419348073,-4.9062674202269205,-7.055546263197086,-5.229579180572218,-2.5269824033812966,-4.753087228169902,-4.395564000001213,-5.643943167925142,-4.7567158526036595,-5.012328198235322,-3.881185568261092,-3.912999113220173,-4.59248385517926,-4.929034184405455,-6.6791075358960414,-6.7139554370954935,-4.918089086602483,-4.125365888538345,-3.668253943043829,-5.889738750373621,-6.509238593641278,-4.067040847105417,-5.814691767098359,-6.577068267672815,-5.493678158119101,-5.511098966724245,-3.6798289236926527,-4.134366085318465,-5.73738710276333,-3.6020456574439574,-4.874974142085646,-3.9391643647059063,-3.672821491877788,-5.262592900069528,-4.428680425872983,-5.406758464433417,-4.069897738080732,-4.909724856196277,-4.039677780934303,-3.4752433361815376,-4.452768168205028,-5.093459855741852,-5.076827876589998,-7.9570317509788815,-5.712794319831344,-4.067426479664658,-4.0301187929851645,-5.734567658100528,-4.835425382261264,-5.189266422079488,-4.310397621290707,-2.7913852366541017,-4.291531421998076,-5.670177454569914,-5.078419528090674,-3.598071746897268,-6.40867692438431,-5.615057665488859,-4.29003606799329,-3.7056687467946077,-4.391032097726387,-5.606694915217306,-4.463464698673608,-4.5857072332634194,-4.64917823297708,-5.09707367696234,-4.947005691814373,-5.907499860538758,-2.5197957750025073,-4.84300055932281,-4.45148771894919,-5.217911216428342,-4.154689670620549,-6.298432941562135,-6.745605535514165,-5.030471507424159,-2.9459447248822683,-3.791679165460206,-5.808446429730441,-4.483912590026907,-5.635989477830559,-4.573583312555698,-4.495606123753962,-4.073520879101867,-6.565663697157609,-6.265587988854852,-5.075570557904959,-6.032423335664553,-6.109722069984922,-4.728142620777066,-5.916035564446368,-2.742343109611542,-5.533165987293903,-5.270232084207692,-4.702459459482863,-6.507955381145747,-4.491495487834655,-4.658532350166113,-5.3493055153777,-4.726072692403717,-4.571717487176031,-3.5648092876997004,-2.499738532019914,-6.061500987634672,-6.297347409941544,-4.897250388691985,-7.0789184806793735,-4.350584768174496,-4.886919236927143,-4.6327134007386235,-5.303571935119947,-4.744984234031598,-4.527760422356131,-4.799976594333409,-6.345098615462542,-4.827994172798479,-3.1460353139501644,-4.759107941520137,-4.862944387231836,-3.4399623421091743,Car
-5.745615557764872,-4.110322359913228,-5.530157353052174,-3.9134166566548636,-4.201951845532436,-5.41227886332722,-5.265961126332942,-4.022188458581772,-6.855450901223318,-5.441929109894698,-4.379582516375483,-5.3081067713949865,-4.865136619793075,-7.041150945660405,-5.854478095669546,-4.320547327848192,-5.751007377064413,-6.302459710822013,-3.9383914670454043,-4.484315945930297,-6.088533352817091,-4.8614961555679015,-6.055947794725287,-5.152459056875616,-4.8240118104745395,-5.808496399200395,-4.2576670664747605,-4.1026482976783445,-4.736434475100143,-4.586017848459599,-6.452828838368743,-3.6378127731564724,-5.091324988056469,-5.935256365125416,-4.854164187544075,-4.254530007611117,-4.4876504329460305,-6.084690364788431,-4.242362110482501,-5.06065908179919,-4.498795817615878,-5.8015515005813,-3.954088410613348,-4.817284473735178,-3.81117668586177,-6.534868108856122,-6.401419119615013,-5.240027846635306,-3.5323749800272184,-3.0371891023262743,-5.8884262990747995,-4.946952968388527,-4.844848024719345,-4.281842386961945,-4.115037333587512,-6.114398192911668,-4.935406639782628,-7.00851792376992,-4.1892087169595955,-5.338619868324037,-6.205382079302062,-4.667453190043188,-5.369869243005497,-3.7385389692237765,-5.892582135546215,-2.7770447999390653,-4.145444457036651,-3.712305586815828,-6.028836201548451,-3.2115406228662406,-6.212547445408267,-5.209811696453575,-3.69534337259324,-4.493230927495525,-6.239161917295962,-3.864589938157348,-4.660045547257463,-5.416200236054934,-6.542009256049621,-4.565249470127172,-5.163427802966426,-4.843690651252765,-6.585201360170592,-5.418657058356347,-4.519695378458489,-3.1235353886952684,-5.205281622850631,-3.5567009409318793,-4.212651579150154,-4.766215033746652,-6.012341783666114,-5.970478543530956,-4.382459129293401,-5.526495574105213,-5.6153627187661,-5.180610339034294,-5.163830830339192,-4.099232023806313,-5.505497698260211,-4.198759963975684,-4.560294865945597,-6.673995987362051,-4.705492337016693,-7.667758434277102,-5.895223261651987,-4.536923153437751,-5.010643100259375,-6.767892105961542,-6.119161766973548,-7.608913113252221,-6.342563257044284,-4.420936650681449,-5.557432938575147,-4.830054458273442,-4.986355618460504,-4.9674169295004145,-3.9768675768869484,-5.202910642171024,-4.089331626940094,-7.477343392937502,-3.8885740431559532,-6.290078092109777,-6.0729397230783215,-5.704617489491256,-3.9161447791685635,-5.889299849144658,-5.655888779236355,-5.961687718025779,Car
-4.744605199140562,-4.256391665112332,-3.295675484239369,-2.600182500213229,-4.3498192468120305,-4.634345813130632,-6.217339732108211,-3.0906968462690236,-4.784596890666054,-5.289064841907637,-4.612468230946447,-5.636350727394881,-7.337671564291354,-4.428197079066399,-3.657526148066096,-4.443077364799054,-5.007079130001654,-4.98672824760864,-4.827720252283713,-4.858345778911416,-5.060701317480555,-4.974657120531149,-3.444987259559536,-4.527726785653467,-4.894853015975436,-4.340773103704083,-4.340701013216757,-4.054002037230141,-5.75691141183286,-5.48052790614779,-5.813557454194252,-4.233277076506308,-4.282129025592975,-6.2732428725223714,-4.6091621871796775,-3.627766132132127,-5.235332638724486,-4.686026726073695,-4.269514297175575,-6.32055823939872,-4.848011841008898,-3.727883810258529,-5.593208816764148,-4.167533857741171,-4.972838392860881,-5.674504642133674,-5.0965085508144155,-5.526127924086232,-5.888314041762866,-5.254344772453108,-4.931573687613878,-5.166054382548868,-5.2653735811288405,-4.7740041170344005,-4.468594025018952,-6.14409523283974,-5.252395869380607,-6.973540909993849,-5.162183359034203,-4.849470953928379,-4.430219987834563,-4.845895193503695,-4.451824355945752,-4.934775018330723,-5.675518378182474,-6.115935168389699,-5.26300270728853,-5.766276203406957,-5.1197191146309695,-5.49187700348743,-4.580918987435952,-4.951044975542766,-4.5525056637427515,-4.557615276725439,-5.17967304371643,-5.11833634492132,-4.4983955116786385,-2.554061069325875,-5.989131146935582,-4.95824851201054,-6.1957083472240395,-5.0209123495579115,-5.674060903654374,-5.119906411052161,-4.844689666052141,-5.489391112423961,-6.783758676187382,-3.5744643228471933,-4.16072302020069,-5.130559228910865,-5.894732998210562,-4.914975409716972,-4.639011174958592,-4.2299881842403915,-4.1377778355992145,-3.949323694688154,-6.74085968949498,-5.304643214021144,-4.006899179388372,-5.923631702637965,-3.780732422818327,-3.1896223848617247,-3.8087456805408393,-4.338409592896785,-5.447506227362848,-4.718365196252128,-6.346094648720623,-5.781110664591756,-5.71080348251147,-4.938027426034052,-5.392177265428291,-4.738400043379936,-4.122173175122741,-5.709727542871262,-4.851398907062949,-5.415968989817936,-4.809837506342818,-4.31382740178818,-4.078764209157788,-4.329695880706962,-4.586014371071006,-6.420213273019529,-6.081265929545889,-5.824178279800491,-4.641379793192475,-6.291004912390539,-4.662477671832143,-4.735530742867351,Car
-6.9356891055196845,-6.087602821767552,-3.9561244251432504,-4.302590851605087,-5.850393997194934,-6.034860985414451,-7.45034668507858,-3.5287023122786856,-4.958945631568955,-3.116275944654799,-5.191671086972256,-4.717410701110414,-4.108701528571404,-3.36115731381909,-4.498978341515576,-4.997592782061707,-4.972042338884636,-6.045835602206935,-5.38188286686565,-4.948780515384911,-3.6181061248982376,-5.4300431934813425,-3.9373453545262143,-5.0818380112638595,-3.7564414404175617,-4.323277506027049,-4.390804637148648,-4.021173340004472,-4.166840088714041,-3.936186604296176,-2.868236040759435,-3.3831052886510715,-4.533575765835037,-5.441746858703653,-4.633582210309175,-6.9261957256585225,-4.171013387498975,-6.06003319457361,-3.877518724025494,-3.019710966309283,-6.450934342684909,-5.050304396207587,-6.064412852667431,-6.728309963936493,-5.106321651203877,-4.364832962901453,-4.245599570680955,-4.846074187434656,-6.664232056613563,-4.876621237546696,-6.492548016245537,-6.426988258057863,-5.996819888256559,-3.95018880862158,-4.454744654318456,-4.6774093021173995,-5.862614180836835,-5.387775383551393,-6.370122506157062,-3.6356986731079033,-2.8027419924297083,-4.443401585926875,-4.268245788989639,-5.158960139211369,-6.619452363658364,-5.843964790627193,-5.465384548933506,-5.385256010512755,-5.615393628570284,-4.952246691428433,-5.850169088532016,-2.8322758793803717,-6.365374014996252,-4.112690455977449,-5.261854710161888,-4.5372019047381515,-4.491885132822375,-4.842956769879345,-6.133370747599624,-5.332039750370092,-4.830904727800657,-4.893566164715881,-6.023131974782026,-3.7087875409584337,-7.493573425917681,-5.250124887764638,-5.921318755185618,-4.817834583640808,-3.9832741439955734,-6.406969011177078,-2.646394767711555,-4.798151363042138,-4.618276009904531,-6.439754335347413,-5.0465671883334755,-4.028325178482108,-4.790078427781323,-4.859804426273083,-5.051859568678388,-6.378000091663422,-6.383708671063453,-3.8306728733592905,-4.117713294056906,-3.969728827532717,-5.82282004380462,-5.157567761168918,-3.768199813998855,-6.22865532475964,-3.870117592446734,-5.586519592623893,-5.855233300434505,-5.031916299806512,-6.117001909111797,-6.896893594497059,-4.923970313351043,-4.4657342296186116,-3.7847098273624455,-4.393025286828514,-3.034602815167294,-3.638925024263517,-4.261921248313385,-4.531381174644007,-3.769897816926769,-7.213022111328533,-5.48005704126295,-6.85848104696071,-4.3369023676139005,-5.742763877410899,Car
-1.980346857661957,-5.51792579817078,-4.893636835117477,-5.402266534187666,-5.488831238143877,-6.246521883831298,-6.280149409940975,-7.179493002272985,-4.454537697196562,-5.424646766527981,-3.0663717739573535,-6.244140184067247,-3.5236854798450548,-3.427740664648479,-3.7229568334995187,-4.765202689534482,-5.338205725219401,-3.7239323030627154,-5.791463142837682,-4.729292404554279,-5.043747946022127,-5.891416862696019,-4.7219530277156965,-4.258161748406987,-5.930828209438976,-4.53987981288415,-7.2290281873998135,-6.049155341060233,-5.457345722877956,-4.642662763033884,-4.1306852503659455,-4.917177108836162,-4.433404265510003,-5.160581903269425,-4.595251857091702,-4.648090933371291,-5.509020625634256,-5.355379876547272,-4.399872827648782,-3.187912191358599,-3.79318141869068,-6.1291160561174,-6.125581739225911,-5.535631348768264,-4.901078662122406,-4.9517437430256805,-3.759719723071651,-3.704886694153225,-4.994334415584491,-5.2276965763608745,-4.483253567712401,-3.9367986799484895,-4.447563190022452,-5.4315458033907085,-5.612253861707323,-6.1106037184657245,-4.806513152404747,-4.376879901680313,-4.265154806870543,-3.848239630245102,-3.5196903993380673,-6.374965647677336,-4.595237566568672,-4.560740510619325,-5.073946408418003,-5.828344569944278,-3.5553701652632297,-5.588600511047435,-7.192568859432939,-4.979927714889766,-5.237863666885759,-3.1423027271865305,-4.510306045806249,-5.305262746831232,-5.196855090393074,-5.208403507837751,-2.7828666254366166,-4.324516131862156,-6.40716017227401,-5.244439948100985,-5.023632448000509,-6.107568203464268,-6.782955457247089,-4.404436618213156,-5.804632995737904,-3.7512283814400185,-4.9918055673921655,-5.474268820261735,-7.416733650145595,-3.777682150372068,-4.706473167354698,-5.448194718817362,-5.890291387580202,-3.400908790968745,-6.064219700672856,-5.368647458302652,-4.4302548979429375,-3.549233359976626,-5.21631970703778,-5.734816974232542,-5.106739208555318,-4.095529337042664,-3.8706051147367972,-6.375159149045381,-4.8850598796229905,-6.434265408961399,-4.115782829022727,-4.577616099416847,-5.921185630950729,-3.465854429948836,-4.664986519992612,-4.774807519533372,-5.179111482345959,-5.008037934334657,-5.381482501422788,-5.741208496216253,-3.7708694123946063,-5.492742589665682,-5.526408037731722,-5.129294090148883,-3.5754855191451917,-3.868834106302687,-5.394848369567487,-3.7732145744413224,-4.8918798295716615,-5.843425268008035,-5.476129348003407,-3.6267461307162723,Car
-2.917154736430887,-4.680183241246797,-5.566537161683019,-5.124917467673947,-5.76244418193892,-5.616763378923249,-5.715047797796819,-5.079343747498657,-4.879318963542073,-5.14816114068179,-5.221322934521571,-4.239508376494307,-5.229208924925446,-5.165015810633735,-5.176560271026106,-3.456712267048731,-5.491214624825747,-4.4037038930584655,-5.748377693937461,-4.650055168574737,-4.453766808211663,-3.9157407131972612,-5.3842681692925645,-6.113962564825181,-5.783985323260575,-4.035458426863329,-2.9182483875133274,-4.165546587987281,-6.262139429788352,-4.199347118887163,-5.9437910910215415,-5.349142617131239,-4.812768923134706,-4.644631144529035,-4.934557905328783,-5.601112147049588,-3.940041735325666,-5.52756640489726,-3.745487254638011,-6.359379890789667,-4.784469658055577,-6.226150963231532,-5.834082631992636,-5.513012208933418,-3.4793945452690256,-3.6919753338976733,-4.125751237442804,-4.966714249783134,-4.811941050628657,-3.7335208381686438,-4.298694713793202,-4.981991576629244,-3.51332841998372,-4.185470463836485,-4.757580134160982,-5.458976780248482,-5.549242253293013,-5.33617535520028,-4.543009114238014,-4.164217184067193,-6.444291845551036,-6.946598677651229,-5.951489806592132,-5.407676613375346,-3.8040527993438062,-5.280418167983188,-4.745226651028108,-4.582095488012329,-6.02357086017102,-3.5401111681217294,-5.66480588597992,-3.4402085440337196,-5.126176001463715,-5.3375032976131065,-6.110789183656301,-4.802714708801419,-2.745617605964061,-4.586411709597997,-4.729563128051096,-5.6666036257891585,-4.4080162513882195,-4.842382192877051,-5.062834474741472,-4.505205215671491,-6.815845978819892,-5.100524492395178,-6.197027845118704,-4.971101501680057,-5.724199375633354,-5.655839850561204,-6.3334412827857,-3.8843350287531795,-5.6777464982678785,-5.6242386236337545,-3.4693849288275818,-4.432042567233417,-7.034639238011982,-3.614639828278185,-3.352109358300697,-3.4456239117436525,-4.33181075698887,-6.101709759931012,-5.049225507348192,-6.44844530238304,-5.866016055502071,-6.110886723962727,-5.627030455189519,-4.836046109788537,-5.444911949165514,-5.487861755289979,-5.2908944447234685,-3.5005273204481187,-2.8362444976491967,-5.4506961798191895,-4.663925797503043,-5.841277962556646,-4.232348695143492,-5.476450061927743,-5.711104863089798,-2.998412734184303,-6.356069242991605,-7.452827354687974,-4.265169753850999,-5.367628410953142,-5.645996579253922,-2.268340999559356,-4.269773427417304,-5.058514097505476,Car
-5.707931639727699,-4.554212151168313,-6.732852629194349,-5.516101438971801,-5.037098969797795,-4.786508168303064,-5.142431336794109,-5.693211243728896,-4.079337854338462,-6.651653564199123,-5.277923872015094,-5.5179305623209896,-3.9881568999573345,-5.458883094329365,-4.56233644322269,-4.666953203840587,-6.83511834210712,-5.065647384909626,-6.742735821774753,-4.648714781545768,-5.730321533977169,-3.8133304231506027,-5.1807680998779615,-5.770056302204235,-3.8001411338050834,-5.871890164708353,-4.10530493865236,-4.5324713259818665,-5.365431622599605,-6.335977805513642,-3.758337458182657,-4.49953594264064,-5.771948020760169,-4.75539431540541,-3.993838101267514,-4.887981205803113,-4.761601167346903,-3.9679962561959723,-3.4627372256968236,-5.119599174961801,-6.337442865328409,-6.302576313576046,-5.690992812839891,-5.934891526418984,-6.682468896100684,-3.1521749968684514,-4.471900737723667,-5.523797596834991,-5.032516842391979,-6.786399087503442,-3.842678102091258,-6.9496103915437155,-4.489972218355737,-6.838422154748301,-5.41400809511926,-3.7573111277291082,-6.633952091641769,-5.14870890021864,-4.372229324272813,-4.5358304996556145,-4.929814000221637,-4.504236487661801,-5.610823955604289,-3.0672041446670026,-6.610617852891835,-3.8379292556712254,-4.810505463216484,-4.382890768635651,-4.205453982416261,-4.4443713965367575,-5.811021760558971,-5.2862696894887815,-6.4515896670588315,-5.2984957260114225,-4.677481005191558,-4.392871724643297,-4.608565655005738,-6.755089741430135,-5.562173932420729,-5.662249489367528,-6.310167933243358,-5.83593340110376,-4.99872081963049,-3.5862114792215722,-5.9530643292089955,-6.128864435005698,-5.599472443644554,-4.662533612913889,-3.776292109641457,-5.08650890768997,-6.445878745952012,-6.23308282828005,-4.811718611340056,-4.004745605323944,-3.1842580751587173,-6.182400834902736,-4.860225618715681,-6.029845037245199,-5.898626675584627,-5.983311732274841,-5.334261164774534,-5.8822790859724705,-2.521153943066533,-5.459675783285672,-4.012221889140507,-5.6595276746347984,-2.766759470131772,-4.660935018581171,-4.163068270471978,-5.591077509605938,-4.0235593948976245,-4.665110974182082,-5.3789775458752045,-6.079891436429631,-5.237543510969575,-5.323143478622468,-4.130971723413574,-5.232248865597662,-6.9215437032844855,-4.353819951496819,-3.7068334180617084,-6.6660674850284405,-3.195269386603946,-3.6033481968466488,-5.630880665132971,-6.117159606817646,-3.947022543074783,-6.369649179538068,Car
-5.668340578217406,-6.315129741506286,-4.994092190519094,-3.534814856627872,-4.625083165648673,-3.9819255012771757,-5.351802475534684,-4.902697170638154,-6.22643776464953,-5.096885928538315,-5.745970109656542,-5.160270298376272,-5.229012072617969,-5.314439878014015,-2.8924430000698274,-3.2324553472880737,-3.583857618458257,-3.2049410325027425,-3.580697350722133,-5.022377334110173,-5.124909605039188,-4.76459974947942,-5.210684918715414,-6.040045381432452,-4.703394744452986,-6.56612108355333,-4.862358359543641,-5.994772885076145,-5.0810388703707,-4.808796557460865,-5.352853471402819,-6.640510862870655,-6.188018833449517,-4.54175637831995,-5.557442193846887,-4.439150247215603,-4.990298708368432,-5.197831891110478,-4.652356411878472,-5.67489707189481,-4.599605081926915,-5.419507082480359,-2.4637144409605645,-6.133935617136084,-5.357248630064043,-5.316906996952555,-6.35186556106087,-4.274187410901474,-5.428724081080583,-7.379778221675134,-4.304871428454667,-5.636168781352856,-5.104901422919767,-4.323177420144141,-5.364706585022114,-5.372896639406587,-2.5352980156778355,-7.153745748134924,-6.285965486629445,-6.092060934925445,-3.21097725909099,-5.644613306042049,-4.7597911251543294,-5.474078202922324,-4.396799657669113,-5.012713547711494,-4.746900803800428,-3.7127536286968192,-4.559730353151035,-5.735067377456262,-4.687932950911425,-2.5813472516521134,-4.435029530996243,-4.848090345020998,-6.3705529527607005,-4.275581469335045,-4.127773119818281,-4.687276853212699,-4.885905880906202,-2.1674603188260653,-4.144572250875593,-3.7599717381570366,-4.933117845578178,-5.1315944180380555,-4.367900922297859,-5.132542862202931,-5.050433984678098,-4.536794318125638,-5.512809845617332,-4.779590784940383,-4.919915853473949,-4.032974362545967,-5.611314338152074,-6.99993190527746,-5.310634920142675,-4.602713977275252,-4.035892542839763,-5.6928430027718155,-4.45790014035711,-3.8648456343819677,-4.24874933689451,-5.790635103445748,-5.683226374837369,-4.564996550325355,-3.3746596878749004,-4.985834840617579,-5.165327719329574,-6.369617465112916,-5.3642868798242,-5.715238153917788,-4.972800625817091,-6.512823992935168,-5.3285904543937095,-6.008934345761187,-4.059770694161151,-5.859172357876483,-5.5723492376497425,-4.717873474045391,-5.4537155775039245,-2.640547377513676,-4.069484842720578,-4.982793421685781,-4.631898614552995,-7.355423187635586,-3.7682748262895043,-4.48810333023283,-5.073157822927422,-4.434150317245579,Car
-4.312150756157193,-5.416372517336249,-4.619837958838249,-3.9512754585132996,-4.545102256797785,-5.252605987237339,-4.703349238342133,-3.6177609363773655,-4.216024058984549,-6.163067154272042,-4.413316185787578,-4.545842094808144,-3.8358864762884304,-4.967180487070199,-5.369340291398686,-6.368164814456942,-5.694594406991287,-3.7920544302477057,-4.80204351330082,-5.0997878134269765,-3.7043762174074444,-3.910397532654015,-5.73574555362801,-3.799003666373666,-6.658581030679137,-4.540455058099577,-4.658691602606133,-3.8502180873615446,-4.618988323754493,-5.24456019880301,-5.165562741050081,-2.306751013256714,-4.917359552018404,-4.402924308052446,-7.021161759965521,-5.827356898154681,-4.481231955368875,-6.614522523521391,-4.450601166332749,-5.725125354417735,-6.033851309955476,-5.728836253628227,-3.472461141855639,-4.666582078509721,-5.9104363777509255,-4.224660147691893,-4.170261655908128,-5.381308100802641,-4.040826374904676,-3.9932503644017645,-4.1486680326532674,-5.673752033239057,-6.179051892775822,-6.692867324200963,-5.655514639147548,-5.367810958369635,-5.286436086117671,-5.047203520751539,-3.2670114507899024,-5.339577173231573,-5.048774116589674,-6.817591838949575,-2.7720285354619594,-6.315907400695111,-5.7068547044893565,-4.304277953129835,-4.753807561781826,-3.3568137297009297,-4.279986344272492,-5.08128405123786,-3.9559161311556417,-3.838692054131627,-5.660158761382138,-4.03697061383576,-5.22226116269841,-5.103477907585503,-4.857066716971095,-5.380780872340753,-5.434591147826012,-4.015279151751308,-6.528938905350083,-6.061626945459188,-4.3252660168895085,-5.072899459159156,-4.0084873479772165,-4.6420677218765425,-6.3337046590436525,-4.9371655807224135,-4.465452198910784,-4.76596034146668,-5.468274173627449,-5.273940320120202,-5.560085155760755,-6.32519708160118,-6.462739564847736,-4.609979043905631,-5.871458365528904,-4.424401572547941,-5.59506748745153,-6.313148586714949,-5.407943635224548,-2.9056250275819466,-5.095610779183031,-4.354133331667769,-4.831196190075923,-6.405198036166461,-3.55103675397683,-5.247821809823935,-6.310512564718694,-5.512233508443335,-5.206244094974198,-4.2505204764987745,-5.68076318061028,-2.379654400016068,-5.937168982508608,-4.388005037768972,-6.973972741411612,-5.123698666259299,-4.632765720677885,-6.119583253822619,-3.50095451895833,-4.565523348815828,-5.317640464846427,-4.576322498372025,-5.5933141619367825,-3.7486200975924238,-3.9847013981778243,-4.626609932892513,Car
-4.3883079525020765,-6.477196210101218,-3.5330548932555352,-5.099357821265301,-3.9749543505738987,-4.250157776475303,-3.990285232456128,-6.047762950258955,-5.920499342315911,-2.7517252311794294,-6.519342073492357,-6.097610353508708,-4.956756003401841,-4.955020272671391,-5.5400180771324745,-4.383921128080728,-4.0979165623995,-5.018167632908799,-5.268489859688397,-5.022262189615146,-5.497360791974418,-6.698236942188849,-4.699075562992454,-4.234164286251959,-5.1539272783239065,-7.265078181905569,-5.571715045321753,-4.09427792813207,-6.438248512536809,-4.30411597789628,-5.445416128369772,-5.018775150674941,-5.685899510783871,-6.135582509617947,-3.5657535317296283,-4.184160967428509,-4.35527897049796,-4.091444517798087,-4.497285127697503,-4.055868744219766,-5.663900745980415,-3.6223131127209545,-3.71156894046267,-4.619518032482061,-5.287994547885049,-6.22352921864974,-4.771342225795806,-3.3150848203319354,-6.160837173350998,-3.981924851474394,-5.471438873906557,-5.386097784815279,-6.175458991262868,-5.752492926566972,-4.353217914438853,-4.22887243124323,-4.764141918923395,-5.500812864759852,-6.103557202232238,-4.938241533189774,-5.364954304216618,-4.788818577562569,-5.3212376998203315,-5.295664786685463,-4.841039313887537,-4.647807535356278,-3.776078709902265,-5.336988334074693,-4.454505482947724,-3.196377940967925,-4.427923675772438,-3.835749006435021,-5.620627339268724,-5.720355640348343,-5.159374128384937,-5.052939885213739,-3.9291754828840553,-5.7296839491813545,-5.088627910197586,-3.92517475298679,-4.784456416601325,-5.010816970304583,-4.761502378533069,-6.127552501510863,-6.14375311424196,-6.588213751633608,-4.793318212630397,-4.081145250156983,-4.234413515396129,-3.856372007435185,-3.5457777809461253,-4.855352615511837,-5.064607717773549,-3.52403530515754,-5.701015196677087,-6.178532620383248,-5.338879452569102,-5.455743309334216,-4.951673254178979,-5.850019691143119,-4.630266855236668,-5.5691120403904835,-3.7717961736441272,-6.194565503439707,-5.139472816052102,-5.334914291577512,-4.7691100773295325,-4.073295517173293,-4.733789093611057,-5.128591198351214,-4.308744962234706,-4.156975230583849,-4.730800203295657,-4.612408172693504,-4.353364453704386,-6.6439267258492505,-5.350805211456457,-4.623766068791336,-5.291607483774375,-5.28814688963819,-4.625098457200066,-4.602355025984569,-4.532940645429114,-5.7922234617203054,-6.417803360554182,-4.19561321764749,-5.7424155074884995,-5.811525356272276,Car
-5.901751525412024,-3.8489698586644607,-4.787973187913537,-4.657476601615466,-4.310448816772531,-5.042370530415546,-3.9873115373342918,-6.196803155979558,-6.085607005754007,-6.140769465666039,-4.578331502429667,-4.49358230380131,-5.472582036713503,-5.232438348788775,-3.731929399204768,-5.694436195953093,-4.704567208746714,-5.68571587101987,-3.9040256750598306,-4.3715738157273325,-6.398921426004588,-5.260801029647946,-7.079006791062921,-4.09954441898917,-2.952691049078565,-7.18044112000055,-6.427098690937047,-4.8326799164301475,-5.018458810289453,-5.4108451718051205,-6.737620017251134,-4.676553170024871,-4.112486148053021,-2.153014551245769,-3.6927120778631792,-6.298715991941237,-5.011891411161768,-4.407922278551284,-5.688261447523296,-4.2199879984571105,-4.296622210063066,-3.762640284264167,-4.197757246732481,-4.714856349892241,-5.637931747008886,-6.293078594493157,-4.780983861846048,-5.403834091710351,-5.307197237673143,-3.878209509280632,-3.6310759861941397,-6.2353666162533035,-5.210430605915188,-5.433205170296567,-4.685091357997329,-7.266277688976162,-6.46083798504278,-5.117494933038405,-4.2138847956946845,-4.924709262546426,-4.328492926942298,-4.802691622313014,-3.7237104262558853,-3.51411245116782,-5.7604628871654935,-4.116354660212449,-4.491880451532945,-2.4953318549165284,-5.7978350190141175,-5.116735531031819,-6.032273633315867,-5.972936232102001,-4.614435978354899,-4.794456579460889,-4.4585489060918215,-4.480246272550934,-5.2356387528244115,-5.2425390686981626,-5.9707987324719145,-5.701154304284595,-5.056801776557941,-4.8029703581579195,-4.289212108411411,-4.391139340207826,-3.442923234434267,-5.972688092497569,-5.232585410644069,-5.885304556197772,-3.72271293063793,-5.502473888196423,-3.844972547555364,-3.5472138662739408,-4.586563036539218,-4.70694117227497,-4.96135485451542,-5.317106036166423,-5.4373847638280655,-5.147416723714308,-3.1756216095209004,-6.04185521496618,-4.79539077622401,-4.2886940358126,-5.2843758413423565,-4.583917628758421,-6.50460181268344,-3.6749568536848205,-3.8688512885589095,-5.098425899373649,-5.879835865305068,-4.207101852413093,-6.148119466302063,-6.004624065909601,-5.053609491068683,-3.481958433011984,-4.359418144064681,-5.646995169989285,-6.682097941515503,-4.958479586368186,-4.748578214098402,-5.072780081588803,-3.193608319768324,-5.131926889608446,-7.282120374175769,-5.407139558176389,-4.545355421452571,-4.613102691248027,-5.176678286235031,-5.342218186072822,Car
-6.999622884798234,-4.9142292437784665,-5.338622776078963,-4.750750117956541,-4.508710725979709,-3.7589316279553593,-5.955565101313868,-6.2939821545157155,-5.5739667311244006,-5.735593245056307,-5.825409574716278,-3.5550935591317474,-4.851584128461705,-3.027606537371918,-5.003070423024763,-6.1718764490659614,-5.808174584197769,-3.9755446529560423,-6.133851736960524,-4.442123355736121,-5.3567525291526605,-5.929825572664761,-3.613480267851776,-5.58856603632002,-5.827571024600367,-5.078893079552823,-5.508237692841865,-2.7850140994001316,-3.9396427066244204,-5.590692422455163,-5.4753371112584315,-7.019448275067738,-4.862596348908555,-5.747059342938807,-4.911988617840066,-6.9662740949042306,-5.026756335988941,-3.301328693766506,-4.945858838767673,-5.774682187050541,-5.020466724909825,-5.064248736186086,-2.808166859243709,-5.332841929220686,-6.203293303222857,-4.978541825772562,-4.804466762160701,-4.4377040336458435,-4.244238149768614,-3.0444739144902044,-5.595663701672539,-5.686549744178185,-6.854136477154648,-4.338346233284277,-5.887314365439144,-4.10823572008538,-5.4916349135858455,-3.2740420282396325,-6.433506888980069,-3.9770744966473055,-4.096157437187213,-4.473423561535781,-6.117263698987539,-4.468849179691446,-4.873125259203295,-6.830256210412665,-3.4417270102653377,-5.345611415916991,-3.5187823039756143,-5.067661450101983,-4.017673936701262,-5.859525111740282,-4.785565045671516,-4.856058006872323,-5.323601027392633,-5.869222813914667,-8.066800730839432,-5.845759408493585,-4.299490886424267,-6.395229548890163,-6.188133639828619,-6.434862808364707,-4.791111883689444,-5.893406585093258,-3.7796570227998636,-4.265380292880725,-4.799875936049037,-4.696050333424147,-5.762948072649702,-5.7626926259947435,-4.288973453417986,-4.086607976362958,-4.297737628086454,-5.470582656423399,-5.391322077520283,-5.931756781805029,-4.231746162742115,-6.9614555620403005,-7.2042363048570355,-7.004859372450845,-7.142689282694329,-3.6428590985018547,-4.213194636429726,-6.198596601683054,-5.105932906687446,-3.534209626151635,-4.499801379087577,-2.8856237320291944,-5.114266134092818,-5.655158946372565,-6.0811091666871135,-4.976355344200555,-4.063935608413033,-4.90087496673071,-5.358194999643014,-3.7434795646827874,-4.471107903866995,-5.113436496619908,-5.766591273445089,-5.254442791531795,-4.527252777243095,-5.780348876115092,-6.233652938767492,-5.480151256601682,-5.0492096920777385,-3.636709834834223,-6.160037369862519,-4.773251903067151,Car
-5.277571473307232,-5.227940785922727,-3.4606336971157434,-4.918787862674632,-5.913554911715779,-4.111253278454394,-4.184759316693137,-6.001171111921614,-6.192936729687045,-4.58948027529293,-5.032968918741623,-5.470582704708928,-3.94370149201163,-5.592280696035758,-4.578437097496613,-3.825355632049212,-5.3391308601481855,-6.829098734729224,-5.4030677833948495,-4.810716258424562,-3.9969940572371927,-5.521160690235899,-3.2769065535367856,-6.298822378733742,-4.835856335452679,-5.239163033709205,-3.6529091068600206,-6.473647180781942,-4.574365241864077,-5.244231631894711,-3.4708590503140098,-5.828558681222582,-4.584681737505563,-5.838191540437848,-4.811937822577151,-5.369364872730772,-5.385229755257424,-6.9874353047706474,-4.585415935641903,-6.08223913695185,-6.116679615051892,-6.555283405558774,-6.056049358398987,-4.499520233670814,-4.548826711513591,-4.336289039458771,-6.0269808928448105,-4.785218374427276,-5.615383533004121,-4.045270311661684,-4.5739860451556975,-5.656518326713612,-3.9594244646817627,-4.492655659358675,-6.387002826913825,-6.671522181331576,-6.347685820526618,-3.3508182834733615,-6.01546262603643,-3.1238597923181786,-6.0673185830543925,-6.173865055277345,-4.120047518936738,-4.074476689097564,-4.444174826366381,-4.323889706208355,-5.801621775358333,-4.166996804519351,-4.760003328281399,-5.365275389583893,-4.905380102215232,-3.939354181850722,-4.608149397042183,-7.157802092700347,-4.1087721287081225,-4.185361286537451,-5.379064679640554,-4.883251706780877,-4.887260248840668,-6.979459575976769,-5.40167030909411,-5.3629770779469075,-5.158726868853296,-5.525847763867644,-4.337158230776618,-5.809128898564657,-4.0899228339764475,-4.3842579166029,-3.639581612198408,-3.2662009658629465,-3.259548178584441,-6.185617964368029,-4.655814164404871,-5.717786256313409,-1.7197004103108822,-4.38592864101521,-3.583688010306206,-4.564630496501511,-7.6354430857031375,-5.783565031616224,-5.685582940686308,-5.390135277563626,-4.64043169974657,-4.498667275585635,-7.62733643971659,-5.236919564176063,-5.485876121385659,-3.6189616762975083,-4.407755395919568,-5.183077522403804,-4.776319176137318,-6.687023037718727,-4.338647955168193,-5.395538920592772,-5.807378772761757,-3.685768160163743,-4.726419177322407,-5.665430930180696,-5.60439314624948,-4.634093660359506,-4.711828703526038,-4.970574948575555,-6.203356388595955,-6.0554640201092615,-5.748313978166258,-5.196146430752735,-5.04131106310784,-5.1599710257348805,Car
-5.114244961070483,-3.11875440207893,-4.150749913406829,-3.8117832434517633,-4.53573600843602,-4.927597327683753,-4.5900417603857875,-4.77417982738456,-4.192021791388447,-5.975140466648433,-4.275252905383573,-4.832941331222698,-6.807087037649139,-4.914278313368907,-6.306217800889184,-5.53499767338605,-5.159190659754941,-6.507101868841672,-5.053741182906221,-4.931531922929492,-4.244926268203114,-5.453765350284205,-4.7255249956805105,-5.095412749113811,-5.418270736201643,-6.67057729514037,-5.111600307329498,-4.255487502597497,-5.933716790585117,-5.217783861298273,-5.070487326427635,-3.8975593682182366,-4.96989217614396,-4.711912624686909,-5.008656047063539,-5.492305824973476,-6.134473917557511,-5.2850720974046155,-4.6066406955407935,-4.876923632000422,-3.520483070285846,-4.05414796338282,-3.759442099478524,-7.032276609651285,-3.420665747616046,-4.7331884046728545,-4.591074537578199,-4.103972654338819,-4.978682691586373,-6.0703805475033175,-3.5525923668703276,-5.768222060123887,-5.985717379482512,-5.234300915005838,-5.386003934546535,-4.996193165771874,-5.09820827963886,-3.6528702324307587,-4.540677400947789,-5.857796979132928,-5.720504258457595,-5.388188647658081,-5.3842010047704925,-5.514744136813457,-6.101742018043594,-4.7095978625638475,-5.455604502538813,-5.9518014590450425,-4.5145248049073095,-4.1521780012267095,-5.245637097800228,-3.218513635481484,-2.784479300968826,-4.503109846638725,-5.468810719194351,-4.731046445623242,-6.224443065247272,-5.871863607565328,-6.6826891384009,-5.628464982501465,-6.232520250191225,-4.375943268084313,-5.749158525590309,-4.72337870848342,-4.252093559276568,-3.8286575884914784,-5.35342454131103,-4.689362501060206,-4.657498499436495,-3.7279086184778185,-4.216441920916054,-3.696655011213289,-6.664651458280615,-5.664271010071851,-3.9681831657760736,-4.419298163102175,-5.12504554572253,-5.474049883360013,-4.2113154553710705,-6.979577071439122,-4.207808814687265,-4.909311733959185,-5.488839517592265,-4.497559098096855,-5.386049082285116,-4.97098126527413,-5.0462458008903575,-4.255470076016536,-4.840818178816737,-6.909119651113275,-6.392093802503223,-6.084166203198927,-4.543455333221418,-4.443147578477245,-3.3296428152457955,-6.014430410967562,-3.690747030112184,-6.937878664976781,-4.9822420425088785,-4.754796599955306,-4.758409743430571,-5.309595517757047,-4.8821044081395515,-6.235219570635299,-4.134838513203578,-4.750209566546559,-4.637766586518131,-5.279016461554081,Car
-5.327979624748834,-4.475269105834732,-3.410026150042592,-6.393631090599229,-6.44407017479389,-4.733794687611076,-5.332200086354317,-4.875894228327506,-5.023789314599339,-4.3779906321463065,-5.286163430219944,-6.208211789899268,-5.789853961091971,-5.160451654894496,-6.254970468871398,-5.036853906750984,-4.939245344285498,-5.357803599871148,-4.790777866208206,-6.61427858086231,-5.953184338563238,-6.142698886303605,-4.120143262052577,-2.6938359974193657,-5.8808195799722744,-5.235242236967437,-5.6934292426154816,-4.778774759192056,-5.608408649420156,-4.717220123252813,-4.334973383278413,-6.2238249378907575,-4.728485684475031,-6.794056023219047,-5.256533964440453,-5.323680425480769,-5.229137050515092,-5.312060456391215,-5.4949271205663885,-5.265782178394885,-4.76186230822315,-4.733742792612251,-4.884800655300367,-5.573597423646476,-3.9196633517452173,-3.4746449163418,-6.288414315045252,-4.8357308440500795,-5.468141932524492,-4.074401947105001,-5.012594201208508,-4.946822052096864,-4.505032176608556,-5.2975389585302555,-3.3225189226019998,-4.490260271683449,-4.06839250502517,-5.220555595964131,-5.122855661585937,-4.188375140435995,-4.288817731740414,-6.248668532332627,-4.872367403517181,-4.5261620544335734,-5.130300624996697,-4.621072434316674,-5.087994247845696,-7.246750943955645,-6.310891439972166,-4.025015565807181,-5.244380250422331,-4.810309004757569,-5.0036568029911965,-5.825298298828639,-5.467078471823059,-4.671050523161833,-4.569003864302821,-2.811590529519684,-5.477742178777612,-3.3293608416741085,-5.860414882900536,-4.511399806254642,-4.8221273804681655,-5.125865551175186,-5.005658451862706,-5.62261499190589,-4.096095444536154,-5.842615040588909,-4.682474079685106,-4.24414166642262,-3.615796906612281,-4.028230531102023,-4.427570553602276,-5.637731963149993,-5.785775152306415,-6.13857888512968,-6.2342655694267455,-5.001404038144343,-5.727416702366522,-3.800774365510401,-5.578961591560429,-4.905744162628317,-5.2646437684401715,-6.403857437384151,-3.910559168419682,-4.304517915355007,-4.189477911076952,-4.4050533397510465,-5.75948503499512,-5.740048965236777,-4.548012358806885,-3.457080434015799,-4.614021102156801,-4.021533323149027,-5.525872332297913,-3.9021490900300186,-5.419468392134775,-4.759840728753801,-5.366161095378814,-4.110843826323106,-4.09723801071486,-6.476781080143169,-3.6747021657778203,-2.6235908072408063,-5.35533268303129,-5.126801571663222,-3.760570205759847,-4.933232544694285,Car
-5.003974310033095,-3.103031266112587,-6.354297161408027,-5.7889631301337285,-4.582177006444142,-6.6195445938757,-5.373009183403064,-5.382165630075226,-4.038226179777684,-4.307146965498081,-6.683227248829322,-5.693123341684549,-5.690056284093601,-5.2165758767503405,-6.097547189609347,-4.548352058028334,-5.6941870693037435,-4.411378063996277,-5.002854243831696,-5.97307513901039,-3.6117226972545033,-3.582273365716957,-4.7096546847902205,-5.239206212844017,-6.05629281337478,-3.9288866301275696,-4.177360464976868,-5.813995945013025,-5.686812733680816,-4.543079535824288,-6.175443747351167,-5.625686423749391,-6.040565664972632,-6.008334009634352,-5.720064494197701,-4.093995845494457,-6.7545464803403705,-4.5665157200210285,-4.742052667189802,-4.03165623591507,-4.742951012869501,-5.378839324666133,-5.815309725439865,-4.009588326090548,-4.503051915744707,-5.493135658816215,-4.091088275833339,-5.445878215206114,-5.000941865493996,-5.60448370854463,-4.466158095599772,-5.99419135018988,-5.298588688066151,-5.654553783251115,-4.7362880383379835,-4.611512081758967,-6.104160927091676,-4.593568611175255,-6.476723383691036,-2.8080268285610392,-5.511473069280099,-3.9507393350310576,-4.798833607434167,-4.758204498980829,-6.166073925846257,-4.156559140918362,-4.9513528680856,-4.52986031131561,-5.090714322845118,-4.869956937083375,-5.887171594231768,-5.1528910768307234,-5.419889208319345,-5.7055711977561145,-4.865474260305087,-4.636613044181484,-4.749227990270153,-5.102260794836465,-4.588890944969745,-4.757835788018225,-4.902472795505021,-4.833848980031042,-3.816997010232064,-6.20507356140265,-5.318596169817893,-4.6618253913771275,-6.582735902482666,-3.6174155166739297,-4.7451821242755186,-4.0430982355762595,-3.880238121445117,-4.587547071089348,-7.2325937054440494,-4.85230577826979,-4.788113086471402,-6.086866755571404,-6.789673456752817,-4.538330697198647,-6.249190337217936,-2.9385827910332143,-4.736862718186844,-3.648488282495091,-4.968836600632218,-4.248461172023717,-4.9467360687702815,-3.9944270696243267,-7.038331901535347,-4.111852156110579,-4.3312358390657835,-5.154151658083021,-5.409163884664793,-5.299102250509771,-4.717233031618001,-3.7859606353440345,-5.534189207777512,-6.701767091158809,-2.5154190157549365,-4.328425435486311,-5.3912116140419855,-3.8111532810029516,-4.066306098184896,-4.5077176263301,-5.477051691994495,-4.332677481015662,-3.91044117630729,-6.720072732290845,-4.775505018027888,-4.701824297222531,Car
-4.7339233385711275,-4.953816383483822,-3.813926924646098,-5.211316933077164,-5.00278544928897,-4.684334681921544,-5.1780695273048165,-6.386001256751155,-4.785869956311067,-4.774543622628542,-5.36516508141545,-5.132314916529302,-8.17987023963998,-3.791593950665866,-4.098969824139401,-6.337831180482517,-5.675467245027562,-3.551478638958409,-6.154850677320952,-4.521541310763866,-5.492016731080445,-4.589858043314834,-4.949861974842935,-5.283231829277092,-4.611478126748546,-5.4930471858484475,-6.784232872955474,-5.927722268753735,-6.047858624880946,-6.604119157920872,-4.630599933652295,-5.172766690610507,-4.64605893419018,-4.479248644396625,-4.2435311632397585,-4.593078258851219,-5.979608596794219,-4.4204744747490246,-4.778195260792294,-2.809895220875173,-4.992081660126995,-4.617100214267068,-5.094825608814302,-4.951104149303452,-5.018613354083096,-5.434623576200652,-4.822646342245084,-4.378239557876891,-5.4195066793706586,-4.1644267114897735,-4.285689670400205,-5.880262251826647,-5.963689725618145,-4.551846599893073,-5.5875357849791465,-6.045710647269493,-3.2831025538465974,-5.966327564298685,-6.52359544815924,-5.783693388421114,-4.768351806277436,-4.926447922665787,-3.112786569835168,-5.768392947772765,-4.763843593012077,-3.8715111116108503,-5.659015848493349,-4.296275791931029,-6.832171100858974,-3.2412454605892616,-4.005242238492785,-5.680674997208971,-4.170182222166284,-3.6868171005400665,-6.288668583816729,-5.599877898974781,-3.6539165861570675,-4.932527110560037,-4.5638338343005165,-4.929802771393709,-4.108511156334189,-4.487068359451967,-4.8937827360779975,-7.10169264781732,-4.359989369485058,-4.270759023340789,-6.239538872757027,-6.171598908235603,-4.482401404330403,-4.80567493186573,-6.97479358192166,-5.822021704145578,-4.686156901097966,-4.323323130831132,-5.584319219825802,-5.147456488498363,-5.879352105694622,-3.676076325838469,-4.825411722473991,-5.667688282814747,-6.156301432174818,-6.266887368798969,-3.1884452807476693,-5.173511844195116,-5.399521090178249,-5.213243814531701,-5.630209786136822,-5.107010493078577,-4.965071596395031,-4.984996467857812,-6.262597798676454,-4.107569019951806,-5.5529594331405665,-5.658663347210814,-5.703826016532543,-6.052471693131097,-4.732202334712688,-4.10501802766,-5.722989218633813,-6.843125785381772,-6.027114597608424,-5.4482859492940525,-6.231435311431253,-5.598731689002071,-5.551526824280733,-5.015490022116928,-6.454954466252291,-4.419886627007694,Car
-3.3390611813002105,-3.5708827945198984,-5.584044147298258,-4.331344838841641,-4.4497461940979885,-5.043525162929231,-4.822994358824876,-4.316956203140956,-4.116624195626558,-5.811672263401727,-4.252308610017317,-3.3335374765145547,-4.11781835798246,-3.4635370847101394,-7.583519356845034,-4.404290937371906,-4.735748730091794,-3.972915302776434,-6.125626157578402,-5.506141091771718,-4.099463267019352,-6.059668557457832,-4.7576857425486185,-5.016938582905549,-5.195930666866014,-4.42730135790311,-6.115500787379366,-5.7801167816301255,-5.13924879544696,-6.201182365170914,-3.769078197666958,-5.798767137430042,-4.213670399959106,-5.875503306947316,-4.2958027938572485,-6.608848674446896,-3.591384598955492,-3.864866994893366,-5.552583508122552,-5.825640632077134,-4.542197487499879,-6.526106221803749,-4.965247913205749,-5.8075884349178395,-5.254310115277974,-5.643848771073668,-5.798368632893782,-3.295205842375414,-4.219456516663028,-6.479862982172146,-5.875813404767409,-4.142550970665088,-4.031313156195492,-6.385082695652846,-4.3013951513086965,-4.7349708838669775,-6.941669965065602,-5.403197718393309,-5.136163316350503,-4.951508194632652,-6.320582787320022,-5.763015504184707,-5.622943738648415,-5.535675716659751,-5.518997447252816,-5.1326329109144835,-4.690363384889583,-3.2257742754854206,-4.129111246453434,-3.683136610490247,-5.4807556850236825,-6.0039231502429296,-4.198574724452668,-5.01621093988476,-4.269682199870463,-5.882300224585042,-4.3514229012323575,-5.175249486409892,-5.460900984468269,-5.366755765650011,-4.5095665827521225,-4.22585868365561,-5.3664141577208575,-4.655690171576671,-4.659183605666822,-4.261663139968373,-4.013084806716846,-3.1887786127272872,-5.465170386523012,-3.539990100339815,-4.88292562493866,-6.094801205411699,-5.650484486047272,-4.534039879783786,-4.276239288074526,-6.016267856727829,-5.76388425661823,-5.533116656858913,-5.863368021898063,-6.880084990247487,-7.219313712963306,-5.381807115498372,-4.747920710373633,-4.344414393241349,-6.362334073974445,-6.345339117392698,-5.527928603104356,-4.996657547111428,-3.9912183996032016,-4.28227793080978,-5.367828171147063,-4.639844695382235,-5.843539239130171,-4.925654244350177,-5.062423293033543,-3.5956977101720122,-4.506444916174543,-5.770785046002703,-5.760554825812681,-5.3330915328948,-6.5644660044430765,-5.23002037814679,-5.143659209648363,-4.533473121033628,-4.387874647851149,-4.901083590611961,-6.629992686639561,-6.221046531147736,Car
-5.605104923599419,-4.347708551365111,-4.381476028925341,-5.249438273094768,-2.6402695902331272,-3.4384324149343097,-3.7600806021480953,-4.299341845407367,-4.541458246158286,-4.614423963888926,-6.805029128362467,-6.051284356794708,-5.222136786748599,-4.872127504589092,-5.124456522842593,-4.727723218789002,-7.10330054974264,-4.4943356971806665,-4.937862444188005,-5.187449958758306,-4.072687965473073,-6.045533383369556,-5.236894852627992,-4.715581588601513,-5.853011308609641,-7.0033439780821585,-6.1530401103453976,-5.064720587243891,-5.249019743662873,-5.0182660491667095,-5.65927684412346,-6.3122638325531275,-4.862991741792072,-5.166522994486389,-4.362165117238337,-5.747684782927788,-7.020851990845319,-7.604459978450118,-5.4014692144810805,-4.872090837882204,-5.23231252196183,-5.565150452321249,-6.591382413158094,-6.889362204707217,-4.6327252190054,-5.227601229789485,-5.36351831476006,-6.541750954917119,-5.966256599910011,-4.9548956504902595,-4.715384046534944,-5.164240132075162,-3.6207505738376096,-5.5754938958563,-3.7131280784901968,-4.783133238708,-4.891866557712534,-4.067477283520602,-5.624127347484181,-5.329203459174963,-6.223541566041858,-4.064787478494597,-4.66449455876487,-3.9022066480953823,-4.795136596853291,-3.896957784808683,-5.7472891242797814,-4.012760343029517,-5.39781492745364,-4.997468063649756,-4.271644486672987,-2.67215875705214,-4.179947126288952,-4.085653865047428,-5.5453779545349455,-4.843002009040412,-5.095867267334866,-3.592333865446375,-5.145934195204587,-3.6714581476506405,-6.30164670671939,-3.601222674950158,-5.8614008465181895,-4.146115842579197,-5.864330462469207,-4.38165274266933,-5.9625871605172955,-3.9635190585767264,-4.154754534062872,-5.600687424265498,-4.4219154910104885,-4.052567351677542,-5.923319053623664,-6.034002844258467,-6.071304730968879,-6.213002700375597,-6.076092846013587,-4.07521179084668,-4.442150178736005,-6.696002187191612,-5.510166985406252,-6.157836588723284,-4.1384698034911525,-5.449645736186082,-6.54442742282055,-4.82983493222942,-4.3935078918686346,-5.9536984332384355,-5.26491591668142,-5.902395484640245,-3.755952607881218,-5.431358136871932,-5.721838197262401,-5.051325493849142,-5.207549329966908,-4.311506606133997,-3.7839527740711123,-3.7763767489775004,-5.381907360592475,-4.694886366852345,-3.5115000897095507,-3.473001191624995,-5.875906154693536,-4.407754783356656,-4.576794427228173,-4.0736124555553,-3.756382432162212,-6.040976009294205,Car
-5.6906783050345755,-4.092391243692408,-4.851969245150014,-7.227241207555815,-6.6662824421458,-4.337426858701022,-4.160889077428347,-6.349487704280264,-3.9008324378721584,-5.197147331091651,-6.022474129788032,-5.560295890048524,-6.222743226048804,-5.615910983381063,-6.868897970888623,-5.073832948998116,-4.412881312072001,-6.347424967458694,-4.982979729377053,-5.8046520281764185,-4.331199164635762,-7.314407091298904,-4.288111151951003,-6.81775659745302,-5.2099403462233935,-5.708918116482699,-5.3607029268088615,-6.529390756777434,-3.3398623594862182,-6.286563077610337,-6.207653605975725,-3.2051794149144825,-4.677298363924336,-6.254256523460598,-5.128787675903846,-5.235729469285799,-6.687650837574631,-5.758262594018229,-5.0263807118753006,-3.733582094162448,-5.18882984322603,-5.113645207614007,-5.815166670960199,-3.9041092187917656,-4.097678248499049,-4.210665227018483,-4.888161134930418,-6.5985735619036765,-3.913330101156965,-4.942670252062219,-5.308591521486344,-4.551540938107369,-4.775810296171984,-6.069197993561899,-5.320797861486045,-6.904092792415662,-4.913973365401042,-3.66987223269886,-6.7956151374684755,-4.871371930188524,-4.331521466205477,-4.183643016275533,-5.7461897608208785,-6.102230729665004,-5.587051965122534,-3.809128970040548,-6.709555645323963,-6.215966995051811,-5.458769484525782,-5.9756712179121365,-5.041672735414038,-3.5854740605712454,-6.203818446808244,-5.146366176497766,-5.008250969400477,-5.334586248567961,-6.578424976081221,-5.6378255221768905,-5.6348363515497955,-4.366496044362422,-4.580420702301495,-6.5518957495307975,-5.387136358016779,-5.500255208183757,-3.045304716282754,-4.707686819698377,-6.0774384190305355,-5.77679792260165,-5.3785453991953895,-4.637632424608458,-4.515079053837762,-4.799517357308555,-5.209765245636264,-5.136000324190342,-5.128969226414118,-6.782909897285886,-5.06129162164368,-5.577254055794373,-6.652830220784731,-2.5821174219635155,-4.688696394012881,-4.986896741721703,-5.37112799059579,-4.2697775413513135,-6.162300259207014,-5.312704291942813,-5.952170882674074,-4.278437146328647,-5.826741145852654,-3.8986721883663025,-5.0992753876037895,-4.225509903172943,-4.600141115629126,-3.940755166004481,-5.935176596028524,-4.0943768150533595,-6.862588653229263,-4.956873237886314,-5.545921932303015,-6.404541383995037,-5.89352212499334,-5.640655726279333,-5.196551682103866,-5.524849651849193,-4.919974026460345,-5.8301583155885695,-5.476857701001334,-5.289066065040862,Car
-4.817903777669243,-4.151152718162438,-4.146336992934621,-4.762516008197835,-4.569746983394402,-4.688133084154525,-5.314642175863547,-4.099416997382121,-5.914481092483763,-7.048145468303845,-6.041489386754356,-3.5968791848957133,-5.295433138497678,-4.725870993816232,-5.273950016570204,-4.438334671173642,-4.9292873339936225,-5.068592009232253,-4.386221664949555,-5.465677938618824,-4.627922217302949,-5.174721661077816,-5.107426253212892,-5.818597499323275,-5.215955649386273,-5.541242550247182,-3.870079821238906,-6.684071663858761,-4.110740108555538,-6.744257680688982,-4.462784362390038,-5.837730234212428,-4.433677735831659,-5.121359008016165,-6.43235335588879,-3.641381460156183,-4.223353690144357,-4.496824543001144,-5.640369744387865,-4.188915386547534,-6.283251621598243,-7.2276461225073305,-6.562325869192201,-5.921988036326415,-5.754836884090532,-5.434843568846089,-5.390433234619637,-5.649838282291032,-7.116314772166176,-4.807876632389352,-5.264674753451335,-5.6963435845473835,-3.601978708627306,-5.2421653645553645,-4.941468267543825,-4.2041498482168675,-6.489860842227494,-5.0226100536679015,-4.207452145983373,-5.091328902698912,-6.303342586685591,-5.482475444945274,-4.811013354256352,-7.106877890149133,-6.352660995101244,-3.0264631040648906,-4.5154097723150874,-3.516529439283719,-4.1336822984921175,-4.6060163568258705,-5.309079238943506,-4.618786125615183,-3.5500358091376443,-4.1744610768325705,-4.83318969515322,-5.172347069199644,-4.501676412529137,-5.532042607290571,-4.5015255895855475,-5.6979554909960495,-5.353920887485424,-6.0277054662165,-5.439763044094328,-5.683727658486245,-3.308084608890893,-5.894495757227788,-4.61516470439211,-5.946882319353582,-4.953103963323884,-4.7100845980456105,-6.851103673923701,-6.397701488322202,-5.954673191237983,-6.303236874048536,-4.915914798054483,-4.757419791245135,-6.063071955367535,-4.875801563067445,-5.424078613771382,-5.0994760335688865,-5.628423289605917,-4.512343267537854,-3.3650707430623226,-4.225665784381421,-3.6066091513208827,-6.402824783106292,-5.675709102273142,-4.434764167201985,-3.491705825116558,-4.349559573093426,-6.026224085373864,-5.434657334818881,-4.666595563411859,-5.164659521630747,-5.79877245771837,-5.2902544433444305,-5.014436018759579,-6.084921305477579,-4.015490927463265,-5.439614822559039,-5.072576226310795,-3.964947296276013,-5.124998666105955,-4.019641171558411,-6.029200860916727,-4.567044085383717,-4.1606776442860465,-5.829867998479049,Car
-5.178369592366406,-5.157675584630581,-4.790360782850294,-4.525198382660232,-5.911206198622311,-5.060054858301318,-3.4086818264254206,-3.9461232083751963,-4.2061561547561634,-5.192779597934632,-2.8711691752728767,-3.9701858114937396,-4.962581132070568,-4.779589284409298,-5.4588496547390415,-4.606628308841694,-4.4069249662730865,-4.297391915452903,-5.180683892190448,-6.4736993376276715,-4.758211653820175,-4.293206494069394,-5.978553340355198,-5.090832577995373,-3.658534174759607,-6.203475058070045,-5.283734349788464,-3.5128608520616504,-4.84228464588623,-5.5260118282402395,-5.0070315931104075,-4.174082867721719,-5.203505535183757,-4.402417885060925,-4.765009841324255,-4.68292158965136,-4.338458488991868,-5.294828082973293,-5.9445107528722865,-4.525604394552895,-5.1324041127767694,-5.448111225913384,-4.473614710691953,-3.7226529188063036,-5.154578383018785,-4.99155046144189,-6.181767219126379,-5.222694608411872,-4.778709553149151,-5.0204440986877374,-5.362155832854103,-4.274158329866433,-4.9419923214217105,-2.41119688161835,-4.792280735143897,-7.746502852690445,-6.112031608735144,-4.467880720730297,-5.643309799941131,-5.581230267829545,-6.239229843952728,-5.476732470650329,-4.8060722441257155,-4.61416428561208,-6.019895651497772,-4.194593886683514,-6.1913690898049225,-4.562043891008752,-4.662953225363302,-5.934358185034488,-6.053315526083957,-4.617709559395118,-5.559882518602691,-5.190499345309895,-4.312664182085209,-4.520862838769022,-5.915944515094571,-5.053579190296826,-5.934715201892838,-4.130061050043663,-3.4634831357182994,-5.845095315193393,-5.0311671039663635,-4.08253898866889,-4.975788991671699,-4.4384947126195735,-4.948393668489056,-6.056803707887109,-4.8810749828221285,-3.8727163607669493,-4.685707930192421,-3.376325716210806,-6.771503859021427,-4.620952550359793,-5.648007985183178,-5.8756311611257726,-3.665581391428271,-5.255004977689379,-5.351545261333301,-4.656424114881116,-7.1525184530463015,-3.645134060116331,-3.095569685885865,-4.084886554977768,-4.588010259428603,-5.216575427141466,-6.075212318782182,-3.805936184267236,-4.083658376731129,-4.549883745082615,-4.666371110551658,-4.699407586134694,-5.525936719789328,-2.4988311720681886,-5.2856235405223195,-5.426704193478439,-3.8793936879548507,-5.029205772424348,-5.018994515252841,-3.5854306279201964,-4.321384754449624,-4.270581453225708,-6.417710494192718,-4.599459821390954,-6.0056079355948775,-5.454994006744922,-4.824358730437181,-5.036209802075585,Car
-4.345781693971228,-4.2293003481583895,-4.154366160717378,-6.344200943140161,-2.6373417379631223,-5.024578868775872,-3.78706664633279,-7.514312847782598,-5.265328799763705,-6.460682097670944,-5.861365369959018,-4.949444248416183,-5.33474943852086,-3.6859829928689165,-3.231008003026649,-5.966834212732032,-5.48776516536786,-6.031088238232085,-3.8440998205825445,-4.840956395276252,-4.967668830037652,-4.687533589272665,-5.311170891049313,-5.856470025836529,-4.948945246209203,-5.2670083650374355,-4.652975922725319,-6.631978568520223,-4.813641417286709,-5.689246005803375,-4.848695062586445,-4.094910390629249,-5.556247751115203,-3.8032794842298197,-6.740762585009602,-3.4561711694786137,-3.761505947652086,-5.886589635910461,-5.878225412115059,-6.4949559530892165,-4.07862120787936,-5.330410812682198,-5.403769900058807,-6.12281496273859,-3.1880261055645724,-5.972760929649873,-4.975833861274763,-4.7840302902743055,-5.398671182842305,-5.600890715625087,-5.369261444373461,-4.434666667247004,-5.347057155011873,-3.374454312700471,-5.777038685803595,-4.245893247329658,-6.75639871183456,-5.776925034835989,-5.816292166079214,-6.10391353316366,-4.716527492744396,-5.110187193592146,-7.278827717852906,-3.0044645607474876,-4.823983805656237,-4.998822645484255,-3.6898811514030143,-4.011139110608499,-5.298173293898499,-6.952513059701167,-4.435614354714534,-5.962846174748653,-3.7607355414105763,-5.776163662597693,-5.451866895189974,-6.343181094639339,-6.262295361002834,-5.109075380698906,-5.202259528492934,-5.475882613520849,-2.94698837599112,-4.396353633880092,-4.989756677073747,-7.757325750269732,-4.174231771305683,-2.0054637018858865,-5.187950255522043,-5.810512523132182,-4.836675345258898,-6.431408732652212,-4.537939455733378,-3.499781036062756,-5.6709311005343634,-5.638640782765937,-5.07969582873034,-5.501219231897737,-6.5123172078757925,-5.3852376925845515,-5.587009219308035,-3.633445136665726,-3.844625281213322,-3.6026870247530693,-4.198274998303291,-4.794217088518924,-5.87440802744437,-3.6738843723478687,-4.652210563255763,-6.248030347735052,-5.913868192187912,-6.263745182063549,-7.052028960616588,-4.61147781505087,-6.237875371832547,-5.75594528083075,-4.961160371352232,-5.187892923887253,-5.713441841328171,-3.481070986938242,-6.52665449175235,-6.483366148350407,-4.542156092411463,-5.626132964350633,-5.665247776468519,-6.079036031145962,-4.661798813523032,-4.774368125386871,-4.880876891326553,-5.582956921321006,Car
